Primary,2021,2022,2023,2024,2025,2026,2027,2028,2029,2030,2031,2032,2033,2034,2035,2036,2037,2038,2039,2040,2041,2042,2043,2044,2045,2046,2047,2048,2049,2050
ABNE_P,37.880,28.210,28.650,29.800,31.010,32.410,33.910,35.670,37.530,39.870,42.330,44.910,47.630,50.490,53.670,57.030,60.560,64.280,68.200,72.330,76.390,80.490,84.610,88.210,91.770,93.630,94.400,95.180,95.920,96.350
ALNE_P,14.150,10.540,10.710,11.140,11.590,12.110,12.670,13.330,14.030,14.900,15.820,16.780,17.800,18.870,20.060,21.310,22.630,24.020,25.490,27.030,28.550,30.080,31.620,32.960,34.300,34.990,35.280,35.570,35.850,36.010
ALVE1,128.490,135.970,138.090,143.650,149.470,156.230,163.470,171.960,180.910,192.180,204.030,216.490,229.590,243.370,258.730,274.900,291.940,309.870,328.770,348.680,368.230,387.990,407.870,425.200,442.370,451.350,455.060,458.790,462.370,464.430
ARBR_P,3.990,2.970,3.020,3.140,3.270,3.410,3.570,3.760,3.950,4.200,4.460,4.730,5.020,5.320,5.650,6.010,6.380,6.770,7.180,7.620,8.050,8.480,8.910,9.290,9.670,9.860,9.940,10.030,10.100,10.150
ARMO_P,32.250,24.020,24.400,25.380,26.410,27.600,28.880,30.380,31.960,33.950,36.040,38.240,40.560,42.990,45.710,48.560,51.570,54.740,58.080,61.600,65.050,68.540,72.050,75.120,78.150,79.740,80.390,81.050,81.680,82.050
BAGA,52.550,51.110,51.910,54.000,56.190,58.730,61.450,64.640,68.010,72.240,76.700,81.380,86.300,91.480,97.260,103.340,109.740,116.480,123.580,131.070,138.420,145.840,153.320,159.830,166.290,169.660,171.060,172.460,173.810,174.580
BEAU_P;ORRI_P,1.000,0.740,0.760,0.790,0.820,0.860,0.900,0.940,0.990,1.050,1.120,1.190,1.260,1.330,1.420,1.510,1.600,1.700,1.800,1.910,2.020,2.130,2.230,2.330,2.420,2.470,2.490,2.510,2.530,2.540
BERB_P;CAIF_P;DALL_P;GLEF_P;KEIT_P,21.360,15.910,16.160,16.800,17.490,18.280,19.120,20.120,21.160,22.480,23.870,25.330,26.860,28.470,30.270,32.160,34.150,36.250,38.460,40.790,43.080,45.390,47.720,49.740,51.750,52.800,53.240,53.670,54.090,54.330
BERW,106.210,103.310,104.920,109.140,113.570,118.700,124.200,130.650,137.460,146.020,155.020,164.480,174.440,184.910,196.580,208.870,221.810,235.440,249.790,264.920,279.780,294.790,309.890,323.060,336.100,342.930,345.740,348.580,351.300,352.870
BICF_1,197.530,198.280,198.490,199.040,215.530,216.200,216.930,217.780,218.670,219.800,220.980,222.230,223.540,224.920,226.450,228.070,229.770,231.570,233.460,235.450,237.400,239.380,241.370,243.100,244.820,245.720,246.090,246.460,246.820,247.020
BISW_1,32.120,33.990,34.520,35.910,37.370,39.060,40.870,42.990,45.230,48.050,51.010,54.120,57.400,60.840,64.680,68.730,72.980,77.470,82.190,87.170,92.060,97.000,101.970,106.300,110.590,112.840,113.760,114.700,115.590,116.110
BLYTB1,93.960,96.800,97.600,99.700,105.810,108.370,111.110,114.320,117.720,121.980,126.470,131.190,136.150,141.370,147.190,153.310,159.760,166.550,173.710,181.250,188.660,196.140,203.670,210.230,216.730,220.130,221.540,222.950,224.310,225.090
BLYTH132,106.280,112.480,114.230,118.830,123.650,129.240,135.220,142.250,149.660,158.980,168.780,179.080,189.920,201.320,214.020,227.400,241.490,256.330,271.960,288.430,304.610,320.950,337.390,351.730,365.930,373.360,376.430,379.510,382.480,384.180
BONN,14.210,13.820,14.040,14.600,15.190,15.880,16.620,17.480,18.390,19.540,20.740,22.010,23.340,24.740,26.300,27.950,29.680,31.500,33.420,35.450,37.430,39.440,41.460,43.220,44.970,45.880,46.260,46.640,47.000,47.210
BRAW_1,22.380,23.680,24.050,25.020,26.030,27.210,28.470,29.950,31.510,33.470,35.530,37.700,39.980,42.380,45.060,47.870,50.840,53.960,57.260,60.720,64.130,67.570,71.030,74.050,77.040,78.600,79.250,79.900,80.520,80.880
BRFO_1;CLT03,52.670,55.040,55.720,57.470,60.350,62.490,64.780,67.470,70.300,73.870,77.620,81.570,85.710,90.070,94.940,100.060,105.450,111.130,117.110,123.410,129.600,135.860,142.150,147.640,153.070,155.910,157.090,158.270,159.400,160.060
BROA_P,9.500,7.070,7.190,7.470,7.780,8.130,8.510,8.950,9.410,10.000,10.620,11.260,11.950,12.660,13.460,14.300,15.190,16.120,17.110,18.140,19.160,20.190,21.220,22.120,23.020,23.480,23.680,23.870,24.060,24.160
BURM_1,30.590,32.370,32.880,34.200,35.590,37.200,38.920,40.940,43.070,45.760,48.580,51.540,54.660,57.940,61.600,65.450,69.500,73.780,78.270,83.010,87.670,92.370,97.110,101.230,105.320,107.460,108.340,109.230,110.080,110.570
BUSH_1,3.780,4.000,4.060,4.220,4.400,4.600,4.810,5.060,5.320,5.650,6.000,6.370,6.750,7.160,7.610,8.090,8.590,9.110,9.670,10.260,10.830,11.410,12.000,12.510,13.010,13.280,13.380,13.490,13.600,13.660
CAAD_P,35.360,26.330,26.750,27.820,28.950,30.260,31.660,33.300,35.040,37.220,39.520,41.930,44.470,47.130,50.110,53.240,56.540,60.020,63.680,67.530,71.320,75.140,78.990,82.350,85.680,87.420,88.130,88.860,89.550,89.950
CAMB_01,85.410,90.380,91.790,95.480,99.360,103.850,108.660,114.300,120.260,127.750,135.620,143.900,152.610,161.770,171.980,182.730,194.050,205.980,218.540,231.770,244.770,257.900,271.110,282.630,294.050,300.020,302.480,304.960,307.340,308.710
CANTN1;RICH1;RICH_J,139.500,139.500,139.500,139.500,151.510,151.510,151.510,151.510,151.510,151.510,151.510,151.510,151.510,151.510,151.510,151.510,151.510,151.510,151.510,151.510,151.510,151.510,151.510,151.510,151.510,151.510,151.510,151.510,151.510,151.510
CARE_1,2.170,2.300,2.340,2.430,2.530,2.640,2.760,2.910,3.060,3.250,3.450,3.660,3.880,4.120,4.380,4.650,4.940,5.240,5.560,5.900,6.230,6.560,6.900,7.190,7.480,7.630,7.700,7.760,7.820,7.850
CHAP,22.950,22.320,22.670,23.580,24.540,25.650,26.830,28.230,29.700,31.550,33.490,35.540,37.690,39.950,42.470,45.130,47.920,50.870,53.970,57.240,60.450,63.690,66.950,69.800,72.620,74.090,74.700,75.310,75.900,76.240
CHAR_P,5.260,3.920,3.980,4.140,4.300,4.500,4.710,4.950,5.210,5.530,5.870,6.230,6.610,7.010,7.450,7.920,8.410,8.920,9.470,10.040,10.600,11.170,11.740,12.240,12.740,13.000,13.100,13.210,13.310,13.370
CHTE_1,20.170,21.350,21.680,22.550,23.460,24.530,25.660,26.990,28.400,30.170,32.030,33.980,36.040,38.200,40.620,43.160,45.830,48.640,51.610,54.740,57.810,60.910,64.030,66.750,69.440,70.850,71.440,72.020,72.580,72.910
CONQA1;SASA,176.660,181.310,182.630,186.080,198.040,202.240,206.730,212.010,217.570,224.570,231.930,239.670,247.810,256.370,265.910,275.960,286.540,297.680,309.420,321.790,333.940,346.210,358.560,369.330,380.000,385.570,387.880,390.200,392.420,393.700
COUA_P,36.480,27.170,27.590,28.700,29.860,31.220,32.660,34.360,36.150,38.400,40.770,43.250,45.870,48.620,51.690,54.930,58.330,61.910,65.690,69.670,73.570,77.520,81.490,84.950,88.390,90.180,90.920,91.670,92.380,92.790
COVE_1,86.440,91.480,92.910,96.640,100.570,105.110,109.980,115.690,121.720,129.300,137.270,145.650,154.470,163.740,174.070,184.960,196.410,208.480,221.200,234.590,247.750,261.040,274.410,286.070,297.630,303.670,306.160,308.670,311.080,312.470
COYL,38.740,37.680,38.270,39.810,41.420,43.290,45.300,47.650,50.130,53.260,56.540,59.990,63.620,67.440,71.700,76.180,80.900,85.870,91.100,96.620,102.040,107.510,113.020,117.830,122.580,125.070,126.100,127.130,128.130,128.700
CREB_1,133.890,141.690,143.900,149.690,155.760,162.810,170.350,179.190,188.530,200.270,212.610,225.590,239.240,253.600,269.610,286.470,304.220,322.910,342.600,363.350,383.720,404.310,425.020,443.080,460.980,470.340,474.200,478.090,481.820,483.970
CROO,23.820,23.170,23.530,24.480,25.470,26.620,27.860,29.300,30.830,32.750,34.770,36.890,39.120,41.470,44.090,46.850,49.750,52.800,56.020,59.420,62.750,66.110,69.500,72.460,75.380,76.910,77.540,78.180,78.790,79.140
CUMB,4.210,4.100,4.160,4.330,4.500,4.710,4.920,5.180,5.450,5.790,6.150,6.520,6.920,7.330,7.790,8.280,8.790,9.330,9.900,10.500,11.090,11.690,12.290,12.810,13.320,13.590,13.710,13.820,13.930,13.990
DEVM,1.890,1.840,1.870,1.950,2.030,2.120,2.220,2.330,2.450,2.600,2.770,2.930,3.110,3.300,3.510,3.730,3.960,4.200,4.460,4.730,4.990,5.260,5.530,5.760,6.000,6.120,6.170,6.220,6.270,6.290
DEVO,74.000,71.980,73.100,76.040,79.130,82.700,86.540,91.030,95.770,101.740,108.010,114.600,121.530,128.830,136.960,145.520,154.540,164.040,174.040,184.580,194.930,205.390,215.910,225.080,234.170,238.930,240.890,242.870,244.760,245.850
DOUN_P,5.260,3.920,3.980,4.140,4.310,4.500,4.710,4.960,5.210,5.540,5.880,6.240,6.620,7.020,7.460,7.920,8.420,8.930,9.480,10.050,10.610,11.180,11.760,12.260,12.750,13.010,13.120,13.220,13.330,13.390
DRAX_1,34.850,36.880,37.460,38.970,40.550,42.380,44.340,46.650,49.080,52.130,55.350,58.720,62.280,66.020,70.180,74.570,79.190,84.060,89.180,94.580,99.890,105.250,110.640,115.340,120.000,122.430,123.440,124.450,125.420,125.980
DUMF,20.210,19.660,19.970,20.770,21.610,22.590,23.630,24.860,26.160,27.790,29.500,31.300,33.190,35.190,37.410,39.740,42.210,44.800,47.530,50.410,53.240,56.090,58.970,61.470,63.960,65.250,65.790,66.330,66.850,67.150
DUNB,14.840,14.440,14.660,15.250,15.870,16.590,17.360,18.260,19.210,20.400,21.660,22.990,24.380,25.840,27.470,29.190,31.000,32.900,34.910,37.020,39.100,41.190,43.300,45.140,46.970,47.920,48.320,48.710,49.090,49.310
DYCE_P,14.270,10.630,10.800,11.230,11.690,12.210,12.780,13.440,14.140,15.020,15.950,16.920,17.950,19.030,20.230,21.490,22.820,24.230,25.700,27.260,28.790,30.330,31.890,33.240,34.580,35.290,35.570,35.870,36.150,36.310
EASO_1,51.760,54.780,55.630,57.870,60.220,62.940,65.860,69.280,72.880,77.420,82.200,87.210,92.490,98.040,104.230,110.750,117.610,124.840,132.450,140.470,148.350,156.310,164.320,171.300,178.220,181.830,183.330,184.830,186.270,187.100
ECCL,30.110,29.280,29.740,30.940,32.190,33.650,35.200,37.030,38.960,41.390,43.940,46.620,49.440,52.410,55.720,59.200,62.870,66.730,70.800,75.090,79.300,83.560,87.840,91.570,95.270,97.200,98.000,98.800,99.580,100.020
ECLA_1,13.230,14.000,14.220,14.790,15.390,16.080,16.830,17.700,18.620,19.780,21.000,22.290,23.630,25.050,26.630,28.300,30.050,31.900,33.840,35.890,37.910,39.940,41.990,43.770,45.540,46.460,46.840,47.230,47.600,47.810
EKIS,79.890,77.710,78.930,82.100,85.430,89.290,93.430,98.280,103.400,109.840,116.610,123.730,131.220,139.090,147.870,157.120,166.850,177.100,187.900,199.280,210.460,221.750,233.110,243.010,252.830,257.960,260.080,262.210,264.260,265.440
ELGI_P,2.700,2.010,2.040,2.120,2.210,2.310,2.420,2.540,2.680,2.840,3.020,3.200,3.390,3.600,3.830,4.070,4.320,4.580,4.860,5.160,5.450,5.740,6.030,6.290,6.540,6.670,6.730,6.780,6.840,6.870
ELLA_1,37.470,39.660,40.280,41.900,43.600,45.570,47.680,50.160,52.770,56.050,59.510,63.140,66.960,70.980,75.460,80.180,85.150,90.380,95.890,101.700,107.400,113.160,118.960,124.020,129.020,131.640,132.720,133.810,134.860,135.460
ENDE_1,1.420,1.500,1.520,1.580,1.650,1.720,1.800,1.900,2.000,2.120,2.250,2.390,2.530,2.680,2.850,3.030,3.220,3.420,3.630,3.850,4.060,4.280,4.500,4.690,4.880,4.980,5.020,5.060,5.100,5.120
FASN_P,2.370,1.770,1.800,1.870,1.940,2.030,2.130,2.240,2.350,2.500,2.650,2.820,2.990,3.170,3.370,3.580,3.800,4.030,4.280,4.540,4.790,5.050,5.310,5.530,5.750,5.870,5.920,5.970,6.010,6.040
FERRB1;FERRB_M,9.640,10.200,10.360,10.780,11.220,11.720,12.270,12.910,13.580,14.420,15.310,16.250,17.230,18.260,19.420,20.630,21.910,23.260,24.670,26.170,27.630,29.120,30.610,31.910,33.200,33.870,34.150,34.430,34.700,34.850
FETT_P;KINT_P,4.730,3.520,3.580,3.720,3.870,4.050,4.240,4.460,4.690,4.980,5.290,5.610,5.950,6.310,6.700,7.120,7.560,8.030,8.520,9.030,9.540,10.050,10.570,11.020,11.460,11.700,11.790,11.890,11.980,12.030
FIDD_P,20.330,15.140,15.380,15.990,16.640,17.400,18.200,19.150,20.140,21.400,22.720,24.110,25.560,27.100,28.810,30.610,32.510,34.500,36.610,38.820,41.000,43.200,45.410,47.340,49.260,50.260,50.670,51.080,51.480,51.710
FLEE_1;BRLE_1,19.890,21.050,21.380,22.240,23.140,24.190,25.310,26.620,28.010,29.750,31.580,33.510,35.540,37.670,40.050,42.560,45.190,47.970,50.890,53.980,57.000,60.060,63.140,65.820,68.480,69.870,70.440,71.020,71.580,71.890
FOUR_1,88.110,93.250,94.700,98.510,102.500,107.140,112.100,117.920,124.060,131.790,139.920,148.460,157.440,166.890,177.430,188.520,200.200,212.500,225.460,239.110,252.520,266.070,279.700,291.590,303.360,309.520,312.060,314.620,317.080,318.490
FRAS_P,1.230,0.920,0.930,0.970,1.010,1.060,1.110,1.160,1.220,1.300,1.380,1.460,1.550,1.650,1.750,1.860,1.970,2.100,2.220,2.360,2.490,2.620,2.760,2.880,2.990,3.050,3.080,3.100,3.130,3.140
FROD_1,59.670,63.150,64.130,66.710,69.420,72.560,75.920,79.860,84.020,89.250,94.750,100.540,106.620,113.020,120.150,127.670,135.580,143.910,152.680,161.930,171.010,180.180,189.410,197.460,205.440,209.610,211.330,213.060,214.730,215.680
GALA,18.110,17.610,17.890,18.600,19.360,20.240,21.170,22.270,23.430,24.890,26.430,28.040,29.740,31.520,33.510,35.600,37.810,40.130,42.580,45.160,47.690,50.250,52.830,55.070,57.290,58.460,58.940,59.420,59.890,60.150
GIFF,4.630,4.510,4.580,4.760,4.950,5.180,5.420,5.700,5.990,6.370,6.760,7.170,7.610,8.060,8.570,9.110,9.670,10.270,10.890,11.550,12.200,12.850,13.510,14.090,14.660,14.950,15.080,15.200,15.320,15.390
GLLU,79.890,77.710,78.930,82.100,85.430,89.290,93.430,98.280,103.400,109.840,116.610,123.730,131.220,139.090,147.870,157.120,166.850,177.100,187.900,199.280,210.460,221.750,233.110,243.010,252.830,257.960,260.080,262.210,264.260,265.440
GLNI,35.680,34.710,35.250,36.670,38.160,39.880,41.730,43.900,46.180,49.060,52.080,55.260,58.610,62.120,66.050,70.170,74.520,79.100,83.920,89.010,94.000,99.040,104.120,108.540,112.920,115.220,116.160,117.110,118.030,118.550
GREN_1,113.790,120.420,122.300,127.210,132.370,138.360,144.770,152.290,160.220,170.200,180.690,191.720,203.320,215.530,229.130,243.460,258.540,274.430,291.160,308.790,326.110,343.600,361.210,376.560,391.760,399.720,403.000,406.300,409.480,411.300
GRIW_1,25.830,27.340,27.770,28.880,30.050,31.410,32.870,34.580,36.380,38.640,41.020,43.530,46.160,48.930,52.020,55.270,58.700,62.310,66.110,70.110,74.040,78.010,82.010,85.490,88.950,90.750,91.500,92.250,92.970,93.380
GRUB_P,2.850,2.120,2.160,2.240,2.330,2.440,2.550,2.680,2.820,3.000,3.180,3.380,3.580,3.800,4.040,4.290,4.560,4.840,5.130,5.440,5.750,6.060,6.370,6.640,6.910,7.050,7.100,7.160,7.220,7.250
G_EXTRA_12,49.470,36.840,37.420,38.920,40.500,42.330,44.290,46.590,49.020,52.070,55.280,58.660,62.210,65.940,70.110,74.490,79.100,83.960,89.080,94.480,99.780,105.130,110.520,115.210,119.870,122.300,123.300,124.310,125.290,125.840
HARK_1;HUTT_1;RRIG,194.550,205.880,209.100,217.500,226.320,236.560,247.520,260.370,273.930,290.990,308.930,327.790,347.630,368.490,391.760,416.250,442.030,469.190,497.800,527.950,557.550,587.470,617.570,643.810,669.810,683.410,689.020,694.670,700.100,703.220
HARM_6,47.280,50.030,50.810,52.850,55.000,57.490,60.150,63.270,66.570,70.710,75.070,79.650,84.470,89.550,95.200,101.150,107.420,114.020,120.970,128.290,135.490,142.760,150.070,156.450,162.770,166.070,167.440,168.810,170.130,170.880
HAWI,17.050,16.590,16.850,17.520,18.230,19.060,19.940,20.980,22.070,23.440,24.890,26.410,28.010,29.690,31.560,33.530,35.610,37.800,40.110,42.530,44.920,47.330,49.750,51.870,53.960,55.060,55.510,55.970,56.400,56.650
HAWP_6,21.260,22.500,22.850,23.770,24.730,25.850,27.040,28.450,29.930,31.800,33.760,35.820,37.980,40.260,42.800,45.480,48.300,51.270,54.390,57.690,60.920,64.190,67.480,70.350,73.190,74.670,75.290,75.900,76.500,76.840
HEYS_1;HEYS1;ORMO,25.660,27.150,27.580,28.680,29.850,31.200,32.640,34.340,36.130,38.380,40.740,43.230,45.850,48.600,51.670,54.900,58.300,61.880,65.650,69.630,73.530,77.480,81.450,84.910,88.340,90.130,90.870,91.620,92.330,92.740
HUER,25.260,24.570,24.960,25.960,27.010,28.230,29.540,31.080,32.700,34.730,36.870,39.120,41.490,43.980,46.760,49.680,52.760,56.000,59.420,63.010,66.550,70.120,73.710,76.840,79.950,81.570,82.240,82.910,83.560,83.930
INDQ1,101.320,107.230,108.900,113.280,117.880,123.210,128.910,135.610,142.670,151.560,160.900,170.720,181.050,191.920,204.040,216.790,230.220,244.370,259.270,274.970,290.390,305.970,321.640,335.310,348.850,355.940,358.860,361.800,364.630,366.250
INKE,1.680,1.640,1.660,1.730,1.800,1.880,1.970,2.070,2.180,2.320,2.460,2.610,2.770,2.930,3.120,3.310,3.520,3.730,3.960,4.200,4.440,4.670,4.910,5.120,5.330,5.440,5.480,5.530,5.570,5.600
INNE_P,3.230,2.410,2.440,2.540,2.640,2.760,2.890,3.040,3.200,3.400,3.610,3.830,4.060,4.310,4.580,4.860,5.160,5.480,5.820,6.170,6.510,6.860,7.220,7.520,7.830,7.980,8.050,8.120,8.180,8.220
IROA1,11.240,11.900,12.080,12.570,13.080,13.670,14.300,15.050,15.830,16.820,17.850,18.940,20.090,21.290,22.640,24.050,25.540,27.110,28.770,30.510,32.220,33.950,35.690,37.210,38.710,39.490,39.820,40.140,40.460,40.640
IVER_1;IVER_6,4.720,5.000,5.080,5.280,5.500,5.740,6.010,6.320,6.650,7.070,7.500,7.960,8.440,8.950,9.510,10.110,10.730,11.390,12.090,12.820,13.540,14.260,15.000,15.630,16.260,16.590,16.730,16.870,17.000,17.070
KAIM,31.580,30.720,31.200,32.450,33.770,35.290,36.930,38.850,40.870,43.410,46.090,48.900,51.860,54.980,58.450,62.100,65.950,70.000,74.270,78.770,83.180,87.650,92.140,96.050,99.930,101.960,102.800,103.640,104.450,104.920
KEAD_1,138.800,146.890,149.180,155.180,161.470,168.780,176.590,185.770,195.440,207.610,220.410,233.860,248.020,262.900,279.500,296.970,315.370,334.750,355.160,376.670,397.790,419.130,440.610,459.330,477.880,487.580,491.590,495.620,499.490,501.710
KEMS_1,23.970,25.360,25.760,26.790,27.880,29.140,30.490,32.080,33.750,35.850,38.060,40.380,42.830,45.400,48.260,51.280,54.460,57.800,61.330,65.040,68.690,72.370,76.080,79.310,82.520,84.190,84.880,85.580,86.250,86.630
KILS,15.050,14.640,14.870,15.470,16.100,16.820,17.600,18.520,19.480,20.690,21.970,23.310,24.720,26.210,27.860,29.600,31.440,33.370,35.400,37.550,39.650,41.780,43.920,45.790,47.630,48.600,49.000,49.400,49.790,50.010
KILT,9.470,9.210,9.360,9.730,10.130,10.590,11.080,11.650,12.260,13.020,13.830,14.670,15.560,16.490,17.530,18.630,19.780,21.000,22.280,23.630,24.960,26.290,27.640,28.820,29.980,30.590,30.840,31.090,31.340,31.470
KILW,9.970,9.700,9.850,10.250,10.660,11.140,11.660,12.270,12.910,13.710,14.550,15.440,16.380,17.360,18.460,19.610,20.820,22.100,23.450,24.870,26.270,27.680,29.090,30.330,31.560,32.200,32.460,32.730,32.980,33.130
KIRKB1,2.490,2.630,2.670,2.780,2.890,3.020,3.160,3.330,3.500,3.720,3.950,4.190,4.440,4.710,5.010,5.320,5.650,6.000,6.360,6.750,7.130,7.510,7.890,8.230,8.560,8.730,8.810,8.880,8.950,8.990
KNAR,15.120,16.000,16.250,16.900,17.590,18.380,19.230,20.230,21.280,22.610,24.000,25.470,27.010,28.630,30.440,32.340,34.350,36.460,38.680,41.020,43.320,45.650,47.980,50.020,52.040,53.100,53.540,53.980,54.400,54.640
LACK_6,63.490,63.580,63.600,63.670,69.070,69.150,69.240,69.330,69.440,69.570,69.710,69.850,70.000,70.160,70.340,70.530,70.730,70.940,71.150,71.390,71.610,71.840,72.070,72.270,72.470,72.580,72.620,72.660,72.710,72.730
LAIR_P,3.510,2.620,2.660,2.770,2.880,3.010,3.150,3.310,3.480,3.700,3.930,4.170,4.420,4.690,4.980,5.290,5.620,5.970,6.330,6.710,7.090,7.470,7.850,8.190,8.520,8.690,8.760,8.830,8.900,8.940
LAND1,1.700,1.800,1.830,1.900,1.980,2.070,2.160,2.280,2.390,2.540,2.700,2.870,3.040,3.220,3.420,3.640,3.860,4.100,4.350,4.610,4.870,5.140,5.400,5.630,5.850,5.970,6.020,6.070,6.120,6.150
LEGA_1,132.000,139.700,141.880,147.580,153.570,160.510,167.950,176.670,185.870,197.450,209.620,222.410,235.870,250.030,265.820,282.430,299.930,318.360,337.770,358.230,378.310,398.610,419.030,436.840,454.480,463.710,467.520,471.350,475.030,477.150
LEVE,10.530,10.240,10.400,10.820,11.260,11.760,12.310,12.950,13.620,14.470,15.360,16.300,17.290,18.330,19.480,20.700,21.980,23.330,24.760,26.260,27.730,29.220,30.710,32.020,33.310,33.990,34.270,34.550,34.820,34.970
LING,63.000,61.280,62.240,64.740,67.360,70.410,73.670,77.500,81.530,86.610,91.950,97.560,103.470,109.680,116.600,123.890,131.570,139.650,148.170,157.140,165.950,174.860,183.810,191.630,199.360,203.410,205.080,206.760,208.380,209.310
LINM,91.110,88.620,90.000,93.620,58.450,61.090,63.920,67.240,70.740,75.150,79.780,84.650,89.780,95.170,101.170,107.500,114.160,121.170,128.560,136.350,143.990,151.720,159.490,166.270,172.980,176.490,177.940,179.400,180.800,181.610
LISD_1,18.840,19.940,20.250,21.070,21.920,22.910,23.970,25.220,26.530,28.180,29.920,31.750,33.670,35.690,37.940,40.320,42.810,45.440,48.210,51.130,54.000,56.900,59.810,62.360,64.870,66.190,66.740,67.280,67.810,68.110
LOVE_1,16.060,17.000,17.260,17.960,18.680,19.530,20.430,21.500,22.610,24.020,25.500,27.060,28.700,30.420,32.340,34.360,36.490,38.730,41.100,43.590,46.030,48.500,50.980,53.150,55.300,56.420,56.880,57.350,57.800,58.050
MACD_P,23.100,17.200,17.470,18.170,18.910,19.770,20.680,21.760,22.890,24.310,25.810,27.390,29.050,30.790,32.730,34.780,36.930,39.200,41.590,44.110,46.590,49.080,51.600,53.790,55.970,57.100,57.570,58.040,58.500,58.760
MAGA_6,102.410,108.380,110.070,114.500,119.140,124.530,130.300,137.060,144.200,153.180,162.630,172.550,182.990,193.980,206.220,219.120,232.690,246.990,262.050,277.920,293.500,309.250,325.100,338.910,352.600,359.750,362.710,365.680,368.540,370.180
MANN_1,4.720,5.000,5.080,5.280,5.500,5.740,6.010,6.320,6.650,7.070,7.500,7.960,8.440,8.950,9.510,10.110,10.730,11.390,12.090,12.820,13.540,14.260,15.000,15.630,16.260,16.590,16.730,16.870,17.000,17.070
MELK_1,11.340,12.000,12.180,12.670,13.190,13.790,14.420,15.170,15.960,16.960,18.000,19.100,20.260,21.470,22.830,24.260,25.760,27.340,29.010,30.770,32.490,34.230,35.990,37.520,39.030,39.830,40.150,40.480,40.800,40.980
MILC_P,5.220,3.890,3.950,4.110,4.280,4.470,4.680,4.920,5.180,5.500,5.840,6.200,6.570,6.960,7.400,7.870,8.350,8.870,9.410,9.980,10.540,11.100,11.670,12.170,12.660,12.920,13.020,13.130,13.230,13.290
MITY_1,22.180,23.470,23.840,24.800,25.810,26.970,28.220,29.690,31.230,33.180,35.220,37.370,39.640,42.020,44.670,47.460,50.400,53.500,56.760,60.200,63.570,66.980,70.410,73.410,76.370,77.920,78.560,79.210,79.820,80.180
MYBS_P,64.890,48.320,49.080,51.050,53.120,55.530,58.100,61.110,64.300,68.300,72.510,76.940,81.590,86.490,91.950,97.700,103.750,110.130,116.840,123.920,130.870,137.890,144.950,151.110,157.220,160.410,161.730,163.050,164.330,165.060
NAIR_P,1.140,0.850,0.860,0.900,0.930,0.980,1.020,1.070,1.130,1.200,1.270,1.350,1.430,1.520,1.620,1.720,1.820,1.930,2.050,2.180,2.300,2.420,2.550,2.650,2.760,2.820,2.840,2.860,2.890,2.900
NEAR,2.110,2.050,2.080,2.160,2.250,2.350,2.460,2.590,2.720,2.890,3.070,3.260,3.460,3.670,3.900,4.140,4.400,4.670,4.950,5.250,5.550,5.840,6.140,6.400,6.660,6.800,6.850,6.910,6.960,6.990
NINF_1,71.100,75.250,76.420,79.490,82.720,86.460,90.470,95.160,100.120,106.360,112.910,119.810,127.050,134.680,143.180,152.130,161.560,171.490,181.940,192.960,203.780,214.720,225.720,235.310,244.810,249.780,251.830,253.900,255.880,257.020
NORM_1;SALL1,89.230,90.000,90.220,90.790,97.930,98.630,99.370,100.250,101.170,102.330,103.550,104.830,106.180,107.600,109.180,110.840,112.600,114.440,116.390,118.440,120.450,122.480,124.530,126.310,128.080,129.010,129.390,129.770,130.140,130.350
NORT_1,30.180,31.940,32.440,33.740,35.110,36.700,38.400,40.400,42.500,45.150,47.930,50.850,53.930,57.170,60.780,64.580,68.580,72.790,77.230,81.910,86.500,91.140,95.810,99.880,103.920,106.030,106.900,107.770,108.620,109.100
PADIB1,47.570,50.350,51.130,53.190,55.350,57.850,60.530,63.670,66.990,71.160,75.550,80.160,85.010,90.110,95.800,101.790,108.100,114.740,121.730,129.110,136.350,143.660,151.020,157.440,163.800,167.120,168.500,169.880,171.200,171.970
PEHS_P;STRI_P,19.810,14.750,14.980,15.580,16.220,16.950,17.730,18.660,19.630,20.850,22.130,23.490,24.910,26.400,28.070,29.820,31.670,33.620,35.670,37.830,39.950,42.090,44.250,46.130,47.990,48.960,49.370,49.770,50.160,50.380
PEMB_1,7.750,8.200,8.330,8.660,9.010,9.420,9.860,10.370,10.910,11.590,12.300,13.050,13.840,14.670,15.600,16.580,17.600,18.680,19.820,21.020,22.200,23.390,24.590,25.640,26.670,27.210,27.440,27.660,27.880,28.000
PENE_1,6.960,7.370,7.480,7.780,8.100,8.460,8.860,9.320,9.800,10.410,11.050,11.730,12.440,13.190,14.020,14.890,15.820,16.790,17.810,18.890,19.950,21.020,22.100,23.040,23.970,24.450,24.650,24.860,25.050,25.160
PENT_1,63.160,63.160,63.160,63.160,68.600,68.600,68.600,68.600,68.600,68.600,68.600,68.600,68.600,68.600,68.600,68.600,68.600,68.600,68.600,68.600,68.600,68.600,68.600,68.600,68.600,68.600,68.600,68.600,68.600,68.600
PENW_1;STAH_1;WABO,8.250,8.740,8.870,9.230,9.600,10.040,10.500,11.050,11.620,12.350,13.110,13.910,14.750,15.630,16.620,17.660,18.750,19.910,21.120,22.400,23.660,24.930,26.200,27.320,28.420,29.000,29.230,29.470,29.700,29.840
PERS_P,1.090,0.810,0.830,0.860,0.890,0.930,0.980,1.030,1.080,1.150,1.220,1.300,1.370,1.460,1.550,1.640,1.750,1.850,1.970,2.090,2.200,2.320,2.440,2.540,2.650,2.700,2.720,2.750,2.770,2.780
POOB,6.320,6.140,6.240,6.490,6.750,7.060,7.390,7.770,8.170,8.680,9.220,9.780,10.370,11.000,11.690,12.420,13.190,14.000,14.850,15.750,16.640,17.530,18.430,19.210,19.990,20.390,20.560,20.730,20.890,20.980
POPP_3,3.310,3.500,3.550,3.700,3.850,4.020,4.210,4.430,4.660,4.950,5.250,5.570,5.910,6.260,6.660,7.070,7.510,7.970,8.460,8.970,9.480,9.990,10.500,10.940,11.380,11.620,11.710,11.810,11.900,11.950
PORA_P,15.350,11.430,11.610,12.080,12.570,13.140,13.750,14.460,15.210,16.160,17.160,18.200,19.300,20.460,21.760,23.120,24.550,26.060,27.640,29.320,30.960,32.620,34.300,35.750,37.200,37.950,38.260,38.580,38.880,39.050
PYLE_1,47.090,49.830,50.610,52.640,54.780,57.260,59.910,63.020,66.300,70.430,74.770,79.340,84.140,89.190,94.820,100.750,106.990,113.560,120.490,127.780,134.950,142.190,149.470,155.820,162.120,165.410,166.770,168.130,169.450,170.200
RASS_1,14.550,15.400,15.640,16.270,16.930,17.690,18.510,19.470,20.490,21.760,23.100,24.510,26.000,27.560,29.300,31.130,33.060,35.090,37.230,39.480,41.700,43.930,46.190,48.150,50.090,51.110,51.530,51.950,52.360,52.590
RATS_1,9.590,10.150,10.310,10.720,11.160,11.660,12.200,12.830,13.500,14.340,15.230,16.160,17.140,18.160,19.310,20.520,21.790,23.130,24.540,26.020,27.480,28.960,30.440,31.740,33.020,33.690,33.960,34.240,34.510,34.660
RAYL_1,64.040,67.780,68.830,71.600,74.510,77.880,81.480,85.710,90.180,95.800,101.700,107.910,114.440,121.310,128.970,137.030,145.520,154.460,163.880,173.800,183.550,193.390,203.300,211.940,220.500,224.980,226.830,228.690,230.470,231.500
REDH,25.160,24.470,24.850,25.850,26.900,28.120,29.420,30.950,32.560,34.590,36.720,38.960,41.320,43.800,46.560,49.470,52.540,55.770,59.170,62.750,66.270,69.830,73.400,76.520,79.610,81.230,81.900,82.570,83.210,83.580
REDM_P,14.840,11.050,11.220,11.670,12.150,12.700,13.280,13.970,14.700,15.620,16.580,17.590,18.660,19.780,21.030,22.340,23.720,25.180,26.720,28.340,29.930,31.530,33.150,34.550,35.950,36.680,36.980,37.280,37.580,37.740
ROCH_1,121.960,129.070,131.090,136.360,141.890,148.310,155.170,163.230,171.730,182.430,193.680,205.500,217.930,231.020,245.600,260.950,277.120,294.150,312.080,330.980,349.540,368.300,387.170,403.620,419.920,428.440,431.960,435.500,438.910,440.860
SACO,105.160,102.290,103.880,108.060,112.450,117.530,122.970,129.350,136.100,144.570,153.480,162.860,172.700,183.080,194.630,206.800,219.610,233.110,247.320,262.300,277.000,291.860,306.820,319.860,332.770,339.530,342.310,345.130,347.820,349.370
SALT_1,35.410,37.470,38.060,39.590,41.190,43.060,45.050,47.390,49.860,52.960,56.230,59.660,63.270,67.070,71.300,75.760,80.450,85.400,90.600,96.090,101.480,106.920,112.400,117.180,121.910,124.380,125.410,126.430,127.420,127.990
SBAR,1.420,1.500,1.520,1.580,1.650,1.720,1.800,1.900,2.000,2.120,2.250,2.390,2.530,2.680,2.850,3.030,3.220,3.420,3.630,3.850,4.060,4.280,4.500,4.690,4.880,4.980,5.020,5.060,5.100,5.120
SEAB1,41.760,44.190,44.880,46.690,48.580,50.780,53.130,55.890,58.800,62.460,66.310,70.360,74.620,79.090,84.090,89.340,94.880,100.710,106.850,113.320,119.680,126.100,132.560,138.190,143.770,146.690,147.890,149.110,150.270,150.940
SFEG_P,18.140,13.510,13.720,14.280,14.850,15.530,16.250,17.090,17.980,19.100,20.280,21.510,22.820,24.190,25.710,27.320,29.010,30.800,32.670,34.650,36.590,38.560,40.530,42.260,43.960,44.860,45.220,45.590,45.950,46.160
SPEN_1,73.120,77.390,78.590,81.750,85.070,88.920,93.030,97.870,102.960,109.380,116.120,123.210,130.660,138.510,147.250,156.450,166.150,176.360,187.110,198.440,209.570,220.810,232.130,241.990,251.760,256.870,258.980,261.110,263.150,264.320
STES_1,26.600,28.150,28.590,29.740,30.940,32.340,33.840,35.600,37.450,39.780,42.240,44.810,47.530,50.380,53.560,56.910,60.430,64.150,68.060,72.180,76.230,80.320,84.430,88.020,91.570,93.430,94.200,94.970,95.710,96.140
STHA,12.950,12.590,12.790,13.300,13.840,14.470,15.140,15.930,16.760,17.800,18.900,20.050,21.260,22.540,23.960,25.460,27.040,28.700,30.450,32.290,34.110,35.940,37.780,39.380,40.970,41.800,42.150,42.490,42.820,43.020
STIR,23.580,22.940,23.290,24.230,25.210,26.350,27.570,29.010,30.520,32.420,34.410,36.520,38.730,41.050,43.640,46.370,49.240,52.270,55.450,58.810,62.110,65.440,68.800,71.720,74.620,76.130,76.760,77.390,77.990,78.340
SUND_1,5.970,6.310,6.410,6.670,6.940,7.260,7.590,7.990,8.400,8.930,9.480,10.050,10.660,11.300,12.020,12.770,13.560,14.390,15.270,16.190,17.100,18.020,18.940,19.750,20.540,20.960,21.130,21.310,21.470,21.570
SWAN_1,236.220,249.980,253.880,264.090,274.800,287.230,300.540,316.140,332.610,353.330,375.100,398.000,422.090,447.420,475.670,505.410,536.720,569.700,604.430,641.040,676.980,713.300,749.850,781.710,813.280,829.790,836.610,843.470,850.060,853.840
TARL_P,8.970,6.680,6.780,7.060,7.340,7.670,8.030,8.450,8.890,9.440,10.020,10.630,11.280,11.950,12.710,13.500,14.340,15.220,16.150,17.130,18.090,19.060,20.030,20.880,21.730,22.170,22.350,22.530,22.710,22.810
TAYN_P,7.600,5.660,5.750,5.980,6.220,6.500,6.800,7.160,7.530,8.000,8.490,9.010,9.560,10.130,10.770,11.440,12.150,12.900,13.690,14.510,15.330,16.150,16.980,17.700,18.410,18.790,18.940,19.100,19.250,19.330
THSO_P,75.680,56.360,57.240,59.540,61.960,64.760,67.760,71.280,74.990,79.660,84.570,89.730,95.160,100.880,107.240,113.950,121.010,128.440,136.270,144.530,152.630,160.820,169.060,176.240,183.360,187.080,188.620,190.170,191.650,192.510
THUR_6,24.360,25.780,26.180,27.230,28.340,29.620,30.990,32.600,34.300,36.440,38.680,41.040,43.530,46.140,49.050,52.120,55.350,58.750,62.330,66.110,69.810,73.560,77.330,80.610,83.870,85.570,86.270,86.980,87.660,88.050
TILBB_1,9.150,9.680,9.830,10.230,10.640,11.130,11.640,12.240,12.880,13.690,14.530,15.420,16.350,17.330,18.420,19.580,20.790,22.070,23.410,24.830,26.220,27.630,29.040,30.280,31.500,32.140,32.400,32.670,32.920,33.070
TONG;CAFA;EAST;GLLE;KEOO,2.530,2.460,2.500,2.600,2.700,2.820,2.950,3.110,3.270,3.470,3.690,3.910,4.150,4.400,4.680,4.970,5.280,5.600,5.940,6.300,6.650,7.010,7.370,7.680,7.990,8.160,8.220,8.290,8.360,8.390
TRAW_1,157.580,166.760,169.360,176.170,183.320,191.610,200.480,210.890,221.880,235.700,250.220,265.500,281.570,298.470,317.310,337.140,358.030,380.030,403.210,427.620,451.600,475.830,500.210,521.470,542.520,553.540,558.080,562.660,567.060,569.580
UPPB_1;UPPB_3,63.060,66.740,67.780,70.500,73.360,76.680,80.230,84.400,88.790,94.330,100.140,106.250,112.680,119.450,126.990,134.930,143.280,152.090,161.360,171.130,180.730,190.430,200.180,208.690,217.120,221.530,223.350,225.180,226.940,227.950
USKM_1;ALST_3,15.110,15.990,16.240,16.890,17.570,18.370,19.220,20.220,21.270,22.600,23.990,25.450,26.990,28.610,30.420,32.320,34.320,36.430,38.650,40.990,43.290,45.620,47.950,49.990,52.010,53.070,53.500,53.940,54.360,54.600
WALP_1,214.230,226.710,230.250,239.500,249.220,260.490,272.560,286.710,301.640,320.430,340.180,360.950,382.790,405.770,431.390,458.350,486.750,516.660,548.160,581.360,613.960,646.900,680.040,708.940,737.570,752.540,758.720,764.950,770.920,774.350
WALP_B,68.210,72.190,73.310,76.260,79.350,82.940,86.780,91.290,96.050,102.030,108.320,114.930,121.880,129.200,137.360,145.940,154.980,164.510,174.540,185.110,195.490,205.980,216.530,225.730,234.850,239.620,241.580,243.560,245.470,246.560
WASF_1;KIBY_G,2.290,2.420,2.460,2.560,2.660,2.780,2.910,3.060,3.220,3.420,3.630,3.850,4.090,4.330,4.610,4.890,5.200,5.520,5.850,6.210,6.560,6.910,7.260,7.570,7.880,8.030,8.100,8.170,8.230,8.270
WBOL_6,5.970,6.310,6.410,6.670,6.940,7.260,7.590,7.990,8.400,8.930,9.480,10.050,10.660,11.300,12.020,12.770,13.560,14.390,15.270,16.190,17.100,18.020,18.940,19.750,20.540,20.960,21.130,21.310,21.470,21.570
WBUR_1,1.890,2.000,2.030,2.110,2.200,2.300,2.400,2.530,2.660,2.830,3.000,3.180,3.380,3.580,3.800,4.040,4.290,4.560,4.830,5.130,5.420,5.710,6.000,6.250,6.510,6.640,6.690,6.750,6.800,6.830
WFIE,19.580,19.040,19.340,20.120,20.940,21.880,22.900,24.080,25.340,26.920,28.580,30.320,32.160,34.090,36.240,38.500,40.890,43.400,46.050,48.840,51.570,54.340,57.130,59.550,61.960,63.220,63.730,64.260,64.760,65.050
WIBA_3,1.840,1.950,1.980,2.060,2.140,2.240,2.340,2.470,2.590,2.760,2.930,3.100,3.290,3.490,3.710,3.940,4.190,4.440,4.720,5.000,5.280,5.560,5.850,6.100,6.340,6.470,6.530,6.580,6.630,6.660
WILL_1,20.600,21.800,22.140,23.030,23.960,25.040,26.200,27.560,29.000,30.810,32.710,34.700,36.800,39.010,41.470,44.070,46.800,49.670,52.700,55.890,59.030,62.190,65.380,68.160,70.910,72.350,72.940,73.540,74.120,74.450
WISH;RAVE,17.050,16.590,16.850,17.520,18.230,19.060,19.940,20.980,22.070,23.440,24.890,26.410,28.010,29.690,31.560,33.530,35.610,37.800,40.110,42.530,44.920,47.330,49.750,51.870,53.960,55.060,55.510,55.970,56.400,56.650
WMEL_1,80.760,85.460,86.800,90.290,93.950,98.200,102.750,108.080,113.710,120.790,128.240,136.070,144.300,152.960,162.620,172.780,183.490,194.760,206.640,219.150,231.440,243.860,256.350,267.250,278.040,283.680,286.010,288.360,290.610,291.910
WYLF_1,40.760,43.140,43.810,45.570,47.420,49.560,51.860,54.550,57.390,60.970,64.730,68.680,72.830,77.200,82.080,87.210,92.610,98.300,104.300,110.610,116.820,123.080,129.390,134.890,140.330,143.180,144.360,145.540,146.680,147.330
WYMOM_1,20.390,21.570,21.910,22.790,23.720,24.790,25.940,27.280,28.710,30.490,32.370,34.350,36.430,38.620,41.050,43.620,46.320,49.170,52.170,55.320,58.430,61.560,64.720,67.470,70.190,71.620,72.200,72.800,73.360,73.690
