Primary,2020,2021,2022,2023,2024,2025,2026,2027,2028,2029,2030,2031,2032,2033,2034,2035,2036,2037,2038,2039,2040,2041,2042,2043,2044,2045,2046,2047,2048,2049,2050
ABHA1,6.078,8.618,11.493,14.671,17.889,21.797,26.932,33.806,42.457,51.446,59.820,66.506,71.215,73.338,73.329,71.946,70.417,69.426,69.566,70.837,71.098,71.127,71.011,70.717,70.211,69.480,68.497,67.260,65.546,63.061,60.073
ABNE_P,0.120,0.178,0.255,0.349,0.454,0.585,0.750,0.954,1.199,1.453,1.689,1.878,2.010,2.070,2.070,2.031,1.988,1.960,1.964,2.000,2.007,2.008,2.005,1.997,1.982,1.962,1.934,1.899,1.851,1.780,1.696
ABTH_1,0.709,1.358,2.347,3.744,5.487,7.688,10.375,13.422,16.857,20.426,23.751,26.405,28.275,29.118,29.114,28.565,27.958,27.564,27.620,28.125,28.228,28.240,28.194,28.077,27.876,27.586,27.196,26.705,26.024,25.037,23.851
ACTL_2;CBNK_H;GREE_H;PERI_H,0.000,0.142,0.405,0.818,1.368,2.070,2.910,3.813,4.789,5.803,6.747,7.501,8.032,8.272,8.271,8.115,7.942,7.831,7.847,7.990,8.019,8.023,8.010,7.976,7.919,7.837,7.726,7.586,7.393,7.113,6.776
ALNE_P,0.040,0.100,0.196,0.337,0.519,0.749,1.028,1.337,1.678,2.034,2.365,2.629,2.816,2.899,2.899,2.844,2.784,2.745,2.750,2.801,2.811,2.812,2.807,2.796,2.776,2.747,2.708,2.659,2.591,2.493,2.375
ALVE1,3.902,5.423,7.064,8.784,10.424,12.389,15.034,18.746,23.544,28.528,33.172,36.880,39.491,40.668,40.663,39.896,39.048,38.499,38.576,39.281,39.426,39.442,39.378,39.215,38.934,38.529,37.984,37.298,36.347,34.969,33.313
AMEM_1,1.311,2.356,3.900,6.032,8.656,11.961,16.013,20.663,25.951,31.445,36.564,40.651,43.529,44.826,44.821,43.976,43.041,42.435,42.521,43.298,43.457,43.475,43.404,43.224,42.915,42.468,41.868,41.111,40.064,38.545,36.719
ARBR_P,0.060,0.172,0.360,0.641,1.005,1.468,2.026,2.640,3.316,4.018,4.672,5.194,5.562,5.728,5.727,5.619,5.500,5.422,5.433,5.532,5.553,5.555,5.546,5.523,5.483,5.426,5.350,5.253,5.119,4.925,4.692
ARDK_P;CLAC_P,0.010,0.018,0.037,0.065,0.103,0.149,0.206,0.269,0.336,0.408,0.475,0.527,0.566,0.582,0.582,0.571,0.559,0.551,0.552,0.562,0.564,0.564,0.563,0.561,0.557,0.552,0.544,0.534,0.520,0.501,0.476
ARMO_P,0.060,0.152,0.300,0.517,0.795,1.149,1.577,2.051,2.576,3.121,3.629,4.035,4.321,4.449,4.449,4.365,4.272,4.212,4.221,4.298,4.314,4.315,4.308,4.291,4.260,4.215,4.156,4.081,3.977,3.826,3.645
AXMI1,0.982,1.811,3.051,4.779,6.919,9.619,12.921,16.692,20.963,25.402,29.536,32.838,35.163,36.211,36.206,35.524,34.768,34.279,34.348,34.976,35.105,35.119,35.062,34.916,34.667,34.306,33.821,33.210,32.364,31.136,29.661
AYRR,0.280,0.518,0.878,1.381,2.005,2.793,3.755,4.853,6.095,7.385,8.587,9.547,10.223,10.528,10.526,10.328,10.108,9.966,9.986,10.169,10.206,10.210,10.194,10.151,10.079,9.974,9.833,9.655,9.409,9.052,8.624
BAGA,0.230,0.475,0.861,1.415,2.115,3.001,4.079,5.288,6.641,8.048,9.358,10.404,11.140,11.472,11.471,11.255,11.015,10.860,10.882,11.081,11.122,11.126,11.108,11.062,10.983,10.869,10.715,10.522,10.253,9.865,9.397
BAIN,0.150,0.368,0.720,1.238,1.903,2.747,3.767,4.899,6.153,7.455,8.669,9.638,10.320,10.628,10.626,10.426,10.204,10.061,10.081,10.265,10.303,10.307,10.290,10.248,10.175,10.069,9.926,9.747,9.499,9.138,8.706
BARKC1;BARKW3,1.940,2.768,3.719,4.786,5.883,7.220,8.965,11.274,14.159,17.157,19.950,22.179,23.750,24.457,24.455,23.993,23.483,23.153,23.200,23.623,23.710,23.720,23.681,23.583,23.415,23.171,22.843,22.431,21.859,21.030,20.034
BEAU_P;ORRI_P,0.090,0.184,0.342,0.572,0.864,1.234,1.682,2.184,2.742,3.323,3.864,4.296,4.600,4.737,4.737,4.647,4.548,4.484,4.493,4.576,4.592,4.594,4.587,4.568,4.535,4.488,4.424,4.345,4.234,4.073,3.880
BEDDT1,5.402,7.192,8.882,10.350,11.402,12.568,14.372,17.512,21.993,26.649,30.987,34.451,36.890,37.989,37.985,37.269,36.476,35.963,36.036,36.694,36.829,36.844,36.784,36.632,36.370,35.991,35.482,34.841,33.953,32.666,31.118
BEDD_1,0.000,1.802,5.144,10.381,17.366,26.279,36.937,48.403,60.790,73.660,85.651,95.223,101.966,105.004,104.993,103.012,100.822,99.404,99.604,101.424,101.797,101.839,101.673,101.252,100.528,99.481,98.074,96.303,93.849,90.290,86.013
BERB_P;CAIF_P;DALL_P;GLEF_P;KEIT_P,0.130,0.271,0.499,0.830,1.249,1.780,2.424,3.146,3.951,4.787,5.567,6.189,6.627,6.824,6.824,6.695,6.553,6.460,6.473,6.592,6.616,6.619,6.608,6.581,6.533,6.466,6.374,6.259,6.100,5.868,5.590
BERW,0.130,0.226,0.357,0.535,0.749,1.017,1.349,1.735,2.179,2.641,3.070,3.414,3.655,3.764,3.764,3.693,3.614,3.563,3.571,3.636,3.649,3.651,3.645,3.630,3.604,3.566,3.516,3.452,3.364,3.237,3.083
BESW_1,2.913,4.535,6.666,9.367,12.482,16.361,21.222,27.097,34.031,41.236,47.949,53.308,57.082,58.783,58.777,57.668,56.442,55.648,55.760,56.779,56.988,57.011,56.918,56.683,56.277,55.691,54.904,53.912,52.538,50.546,48.152
BICF_1,1.380,2.107,3.037,4.194,5.506,7.134,9.186,11.700,14.694,17.804,20.703,23.016,24.646,25.381,25.378,24.899,24.370,24.027,24.075,24.515,24.605,24.616,24.575,24.474,24.299,24.046,23.705,23.277,22.684,21.824,20.790
BIRK_1,1.541,2.679,4.325,6.567,9.298,12.734,16.960,21.847,27.438,33.247,38.659,42.980,46.023,47.395,47.389,46.496,45.507,44.867,44.957,45.779,45.947,45.966,45.891,45.701,45.374,44.902,44.267,43.467,42.360,40.753,38.823
BISW_1,8.562,12.187,16.325,20.939,25.657,31.397,38.911,48.895,61.408,74.409,86.521,96.192,103.003,106.072,106.060,104.059,101.847,100.414,100.617,102.456,102.832,102.875,102.706,102.281,101.550,100.493,99.071,97.282,94.803,91.208,86.887
BLYTB1,0.587,1.128,1.953,3.119,4.575,6.414,8.657,11.201,14.067,17.046,19.821,22.036,23.596,24.299,24.296,23.838,23.331,23.003,23.049,23.471,23.557,23.567,23.528,23.431,23.263,23.021,22.695,22.286,21.718,20.894,19.904
BLYTH132,0.354,0.574,0.876,1.271,1.739,2.325,3.052,3.913,4.914,5.955,6.924,7.698,8.243,8.488,8.487,8.327,8.150,8.036,8.052,8.199,8.229,8.232,8.219,8.185,8.126,8.042,7.928,7.785,7.587,7.299,6.953
BOAG_P,0.040,0.086,0.152,0.247,0.366,0.517,0.701,0.908,1.140,1.382,1.607,1.786,1.913,1.970,1.970,1.932,1.891,1.865,1.869,1.903,1.910,1.911,1.907,1.899,1.886,1.866,1.840,1.807,1.761,1.694,1.614
BOLN_1,6.958,10.860,15.997,22.526,30.067,39.463,51.226,65.425,82.168,99.566,115.773,128.712,137.826,141.933,141.917,139.240,136.280,134.363,134.633,137.094,137.598,137.655,137.430,136.861,135.882,134.467,132.565,130.171,126.854,122.044,116.262
BONN,0.330,0.522,0.776,1.101,1.480,1.953,2.543,3.251,4.084,4.948,5.753,6.396,6.850,7.054,7.053,6.920,6.773,6.677,6.691,6.813,6.838,6.841,6.830,6.802,6.753,6.682,6.588,6.469,6.304,6.065,5.778
BOTW_1,0.539,1.180,2.207,3.699,5.598,8.004,10.922,14.180,17.809,21.579,25.092,27.897,29.872,30.762,30.758,30.178,29.537,29.121,29.180,29.713,29.822,29.835,29.786,29.663,29.450,29.144,28.732,28.213,27.494,26.451,25.198
BRAC_P,0.110,0.263,0.505,0.859,1.311,1.885,2.580,3.353,4.211,5.103,5.933,6.596,7.063,7.274,7.273,7.136,6.984,6.886,6.900,7.026,7.051,7.054,7.043,7.014,6.964,6.891,6.794,6.671,6.501,6.254,5.958
BRAI_1,0.726,1.963,4.039,7.132,11.136,16.222,22.359,29.121,36.574,44.317,51.531,57.291,61.347,63.175,63.168,61.977,60.659,59.806,59.926,61.022,61.246,61.271,61.171,60.918,60.482,59.852,59.006,57.940,56.464,54.323,51.749
BRAP,0.560,0.761,0.965,1.162,1.332,1.530,1.810,2.235,2.807,3.401,3.955,4.397,4.709,4.849,4.848,4.757,4.656,4.590,4.600,4.683,4.701,4.703,4.695,4.676,4.642,4.594,4.529,4.447,4.334,4.169,3.972
BRAW_1,1.373,2.817,5.081,8.328,12.429,17.617,23.926,31.017,38.954,47.202,54.886,61.020,65.341,67.288,67.280,66.011,64.608,63.699,63.827,64.994,65.232,65.259,65.153,64.883,64.419,63.748,62.847,61.712,60.139,57.859,55.118
BRED_1,0.996,3.130,6.788,12.301,19.487,28.625,39.629,51.686,64.913,78.657,91.461,101.683,108.883,112.127,112.115,110.000,107.661,106.147,106.361,108.304,108.703,108.747,108.569,108.120,107.347,106.229,104.727,102.835,100.215,96.415,91.847
BRFO_1;CLT03,3.412,6.155,10.210,15.818,22.727,31.430,42.098,54.331,68.235,82.682,96.141,106.886,114.454,117.865,117.851,115.629,113.170,111.578,111.803,113.846,114.265,114.312,114.125,113.652,112.840,111.665,110.085,108.098,105.343,101.349,96.547
BRID_P,0.050,0.169,0.379,0.697,1.114,1.644,2.282,2.978,3.740,4.532,5.270,5.859,6.274,6.461,6.460,6.338,6.203,6.116,6.128,6.240,6.263,6.266,6.256,6.230,6.185,6.121,6.034,5.925,5.774,5.555,5.292
BRIM_1,3.520,4.745,5.953,7.078,7.987,9.033,10.550,12.964,16.281,19.729,22.940,25.504,27.310,28.124,28.121,27.590,27.003,26.624,26.677,27.165,27.265,27.276,27.231,27.119,26.925,26.644,26.267,25.793,25.136,24.183,23.037
BROA_P,0.020,0.070,0.156,0.287,0.457,0.674,0.935,1.220,1.532,1.856,2.158,2.399,2.569,2.646,2.646,2.596,2.541,2.505,2.510,2.556,2.565,2.566,2.562,2.551,2.533,2.507,2.471,2.427,2.365,2.275,2.167
BROR_P,0.010,0.038,0.076,0.134,0.208,0.302,0.416,0.541,0.679,0.823,0.957,1.064,1.140,1.174,1.173,1.151,1.127,1.111,1.113,1.133,1.138,1.138,1.136,1.132,1.124,1.112,1.096,1.076,1.049,1.009,0.961
BROX,0.250,0.386,0.571,0.806,1.080,1.420,1.846,2.359,2.963,3.590,4.175,4.641,4.970,5.118,5.117,5.021,4.914,4.845,4.855,4.943,4.961,4.964,4.955,4.935,4.900,4.849,4.780,4.694,4.574,4.401,4.192
BRWA1,0.000,0.847,2.417,4.877,8.158,12.345,17.353,22.739,28.558,34.604,40.237,44.734,47.902,49.329,49.323,48.393,47.364,46.698,46.792,47.647,47.822,47.842,47.764,47.566,47.226,46.734,46.073,45.241,44.088,42.417,40.407
BUMU_P,0.070,0.289,0.681,1.282,2.071,3.076,4.284,5.597,7.030,8.518,9.905,11.011,11.791,12.142,12.141,11.912,11.659,11.495,11.518,11.728,11.772,11.776,11.757,11.708,11.625,11.504,11.341,11.136,10.852,10.441,9.946
BURM_1,1.876,3.286,5.333,8.131,11.547,15.846,21.130,27.230,34.198,41.438,48.184,53.569,57.362,59.071,59.065,57.951,56.719,55.921,56.033,57.058,57.267,57.291,57.197,56.960,56.553,55.964,55.173,54.176,52.796,50.794,48.388
BUSH_1,2.997,4.239,5.639,7.178,8.727,10.607,13.082,16.409,20.609,24.972,29.037,32.282,34.568,35.598,35.594,34.923,34.180,33.700,33.768,34.385,34.511,34.525,34.469,34.326,34.081,33.726,33.249,32.648,31.816,30.610,29.160
BUST_1,4.203,5.906,7.794,9.835,11.851,14.287,17.519,21.929,27.541,33.372,38.804,43.141,46.196,47.572,47.567,46.670,45.678,45.035,45.126,45.950,46.119,46.138,46.063,45.872,45.544,45.070,44.433,43.630,42.518,40.906,38.968
CAAD_P,0.020,0.080,0.175,0.319,0.507,0.746,1.033,1.348,1.693,2.051,2.385,2.652,2.840,2.924,2.924,2.869,2.808,2.768,2.774,2.825,2.835,2.836,2.832,2.820,2.800,2.771,2.731,2.682,2.614,2.515,2.396
CAMB_01,0.163,0.331,0.594,0.971,1.445,2.046,2.777,3.599,4.520,5.477,6.368,7.080,7.581,7.807,7.806,7.659,7.496,7.391,7.405,7.541,7.569,7.572,7.559,7.528,7.474,7.396,7.292,7.160,6.978,6.713,6.395
CANTN1;RICH1;RICH_J,2.065,3.460,5.424,8.049,11.205,15.164,20.056,25.775,32.372,39.225,45.611,50.708,54.299,55.916,55.911,54.856,53.690,52.935,53.041,54.011,54.209,54.232,54.143,53.919,53.533,52.975,52.226,51.283,49.976,48.082,45.803
CAPEA1,1.037,1.823,2.966,4.532,6.446,8.854,11.813,15.226,19.122,23.171,26.943,29.954,32.075,33.031,33.027,32.404,31.715,31.269,31.332,31.905,32.022,32.035,31.983,31.851,31.623,31.293,30.851,30.294,29.522,28.402,27.057
CARE_1,0.739,1.347,2.250,3.504,5.053,7.005,9.396,12.131,15.236,18.462,21.467,23.866,25.556,26.318,26.315,25.818,25.270,24.914,24.964,25.420,25.514,25.524,25.483,25.377,25.196,24.933,24.581,24.137,23.522,22.630,21.558
CARR_1,0.722,1.647,3.143,5.329,8.125,11.668,15.961,20.738,26.045,31.560,36.697,40.798,43.687,44.989,44.984,44.135,43.197,42.589,42.675,43.455,43.615,43.633,43.562,43.381,43.071,42.623,42.020,41.261,40.209,38.685,36.852
CASS_P,0.000,0.015,0.036,0.068,0.110,0.164,0.229,0.299,0.375,0.455,0.529,0.588,0.629,0.648,0.648,0.636,0.622,0.613,0.615,0.626,0.628,0.628,0.627,0.625,0.620,0.614,0.605,0.594,0.579,0.557,0.531
CATY,0.060,0.304,0.750,1.435,2.341,3.495,4.878,6.379,8.012,9.708,11.288,12.550,13.439,13.839,13.838,13.577,13.288,13.101,13.127,13.367,13.416,13.422,13.400,13.345,13.249,13.111,12.926,12.692,12.369,11.900,11.336
CEAN_P,0.000,0.001,0.003,0.006,0.009,0.014,0.020,0.026,0.032,0.039,0.046,0.051,0.054,0.056,0.056,0.055,0.054,0.053,0.053,0.054,0.054,0.054,0.054,0.054,0.053,0.053,0.052,0.051,0.050,0.048,0.046
CELL_1,9.152,12.386,15.621,18.691,21.250,24.217,28.459,35.054,44.025,53.346,62.030,68.963,73.846,76.046,76.038,74.603,73.017,71.990,72.135,73.454,73.724,73.754,73.633,73.329,72.804,72.046,71.027,69.744,67.967,65.390,62.292
CHAP,0.210,0.357,0.559,0.829,1.153,1.559,2.062,2.649,3.328,4.032,4.688,5.212,5.581,5.748,5.747,5.639,5.519,5.441,5.452,5.552,5.572,5.574,5.565,5.542,5.503,5.445,5.368,5.271,5.137,4.942,4.708
CHAR_P,0.040,0.136,0.292,0.527,0.833,1.222,1.690,2.204,2.768,3.354,3.899,4.335,4.642,4.781,4.780,4.690,4.590,4.526,4.535,4.618,4.635,4.636,4.629,4.610,4.577,4.529,4.465,4.384,4.273,4.111,3.916
CHAS,0.080,0.100,0.116,0.125,0.123,0.118,0.119,0.137,0.171,0.208,0.242,0.269,0.288,0.296,0.296,0.290,0.284,0.280,0.281,0.286,0.287,0.287,0.287,0.286,0.283,0.281,0.277,0.272,0.265,0.255,0.243
CHIC_1,0.351,0.764,1.425,2.384,3.604,5.149,7.024,9.118,11.452,13.876,16.135,17.939,19.209,19.781,19.779,19.406,18.993,18.726,18.764,19.107,19.177,19.185,19.153,19.074,18.938,18.741,18.476,18.142,17.680,17.009,16.204
CHSI_1,2.828,4.681,7.264,10.694,14.794,19.935,26.296,33.767,42.408,51.387,59.751,66.429,71.133,73.253,73.244,71.863,70.335,69.346,69.485,70.755,71.015,71.045,70.928,70.635,70.130,69.400,68.418,67.182,65.471,62.988,60.004
CHTE_1,4.829,7.481,10.943,15.313,20.331,26.577,34.413,43.914,55.152,66.829,77.708,86.393,92.510,95.267,95.256,93.459,91.472,90.186,90.367,92.019,92.357,92.395,92.244,91.862,91.205,90.256,88.979,87.372,85.146,81.917,78.036
CITR_1,0.926,1.451,2.147,3.035,4.064,5.347,6.952,8.883,11.156,13.518,15.719,17.476,18.713,19.271,19.269,18.905,18.503,18.243,18.280,18.614,18.682,18.690,18.659,18.582,18.449,18.257,17.999,17.674,17.223,16.570,15.785
CLAY_P,0.040,0.117,0.250,0.448,0.706,1.034,1.430,1.864,2.340,2.836,3.298,3.666,3.926,4.043,4.042,3.966,3.882,3.827,3.835,3.905,3.919,3.921,3.915,3.898,3.871,3.830,3.776,3.708,3.613,3.476,3.312
CLYM,0.390,0.647,1.009,1.492,2.071,2.797,3.694,4.746,5.961,7.222,8.398,9.337,9.998,10.296,10.295,10.101,9.886,9.747,9.766,9.945,9.981,9.986,9.969,9.928,9.857,9.754,9.616,9.443,9.202,8.853,8.434
COAT,0.250,0.439,0.711,1.081,1.533,2.102,2.801,3.609,4.533,5.493,6.387,7.101,7.604,7.830,7.829,7.682,7.518,7.412,7.427,7.563,7.591,7.594,7.582,7.550,7.496,7.418,7.313,7.181,6.998,6.733,6.414
COCK,0.320,0.533,0.834,1.236,1.718,2.324,3.072,3.947,4.957,6.007,6.985,7.765,8.315,8.563,8.562,8.400,8.222,8.106,8.122,8.271,8.301,8.305,8.291,8.257,8.198,8.112,7.998,7.853,7.653,7.363,7.014
CONQA1;SASA,0.000,0.624,1.782,3.595,6.014,9.101,12.792,16.762,21.052,25.509,29.662,32.977,35.312,36.364,36.360,35.674,34.916,34.425,34.494,35.125,35.254,35.268,35.211,35.065,34.814,34.451,33.964,33.351,32.501,31.269,29.787
COUA_P,0.070,0.156,0.287,0.476,0.715,1.018,1.385,1.797,2.257,2.735,3.180,3.536,3.786,3.899,3.898,3.825,3.744,3.691,3.698,3.766,3.780,3.781,3.775,3.760,3.733,3.694,3.642,3.576,3.485,3.353,3.194
COVE_1,3.883,6.101,9.043,12.804,17.169,22.612,29.416,37.597,47.219,57.216,66.530,73.965,79.203,81.563,81.554,80.015,78.314,77.213,77.368,78.782,79.072,79.104,78.975,78.648,78.086,77.273,76.180,74.804,72.898,70.134,66.811
COWL_1;ECLA_H,2.287,4.437,7.734,12.400,18.240,25.618,34.614,44.799,56.263,68.176,79.274,88.134,94.374,97.186,97.175,95.342,93.315,92.003,92.188,93.873,94.218,94.257,94.103,93.713,93.043,92.074,90.772,89.133,86.861,83.568,79.609
COYL,0.250,0.428,0.675,1.006,1.404,1.905,2.523,3.244,4.074,4.937,5.741,6.383,6.834,7.038,7.037,6.904,6.758,6.663,6.676,6.798,6.823,6.826,6.815,6.787,6.738,6.668,6.574,6.455,6.290,6.052,5.765
CRAI_P,0.100,0.229,0.439,0.748,1.143,1.644,2.251,2.926,3.674,4.452,5.177,5.755,6.163,6.347,6.346,6.226,6.094,6.008,6.020,6.130,6.153,6.155,6.145,6.120,6.076,6.013,5.928,5.821,5.672,5.457,5.199
CREB_1,2.325,4.011,6.436,9.729,13.730,18.760,24.952,32.128,40.350,48.893,56.851,63.205,67.681,69.698,69.690,68.375,66.922,65.980,66.113,67.321,67.569,67.597,67.486,67.207,66.726,66.032,65.098,63.922,62.293,59.931,57.092
CROO,0.410,0.493,0.529,0.497,0.386,0.230,0.076,0.000,0.000,0.000,0.000,0.000,0.000,0.000,0.000,0.000,0.000,0.000,0.000,0.000,0.000,0.000,0.000,0.000,0.000,0.000,0.000,0.000,0.000,0.000,0.000
CUMB,0.200,0.349,0.573,0.882,1.261,1.739,2.325,2.999,3.766,4.563,5.306,5.899,6.317,6.505,6.504,6.381,6.246,6.158,6.170,6.283,6.306,6.309,6.299,6.272,6.227,6.163,6.075,5.966,5.814,5.593,5.328
CUPA,0.300,0.495,0.756,1.098,1.505,2.013,2.644,3.390,4.257,5.159,5.998,6.669,7.141,7.354,7.353,7.214,7.061,6.962,6.976,7.103,7.129,7.132,7.121,7.091,7.040,6.967,6.868,6.745,6.573,6.323,6.024
CURR,0.070,0.172,0.342,0.595,0.919,1.332,1.830,2.381,2.990,3.623,4.213,4.684,5.015,5.165,5.164,5.067,4.959,4.889,4.899,4.989,5.007,5.009,5.001,4.980,4.945,4.893,4.824,4.737,4.616,4.441,4.231
DALM3,0.110,0.223,0.407,0.671,1.007,1.432,1.947,2.526,3.173,3.844,4.470,4.970,5.321,5.480,5.479,5.376,5.262,5.188,5.198,5.293,5.313,5.315,5.306,5.284,5.246,5.192,5.118,5.026,4.898,4.712,4.489
DEVM,0.060,0.137,0.271,0.469,0.724,1.047,1.438,1.870,2.349,2.846,3.309,3.679,3.940,4.057,4.057,3.980,3.895,3.841,3.848,3.919,3.933,3.935,3.928,3.912,3.884,3.844,3.789,3.721,3.626,3.489,3.323
DEVO,0.210,0.386,0.653,1.026,1.489,2.073,2.787,3.601,4.522,5.480,6.372,7.084,7.586,7.811,7.811,7.663,7.500,7.395,7.410,7.545,7.573,7.576,7.564,7.532,7.478,7.401,7.296,7.164,6.982,6.717,6.399
DEWP,0.150,0.207,0.278,0.358,0.440,0.540,0.671,0.843,1.059,1.283,1.493,1.659,1.777,1.830,1.829,1.795,1.757,1.732,1.735,1.767,1.774,1.775,1.772,1.764,1.752,1.733,1.709,1.678,1.635,1.573,1.499
DOUN_P,0.000,0.001,0.002,0.003,0.005,0.007,0.009,0.011,0.014,0.017,0.020,0.022,0.024,0.024,0.024,0.024,0.024,0.023,0.023,0.024,0.024,0.024,0.024,0.024,0.023,0.023,0.023,0.022,0.022,0.021,0.020
DRAK_1,1.368,2.211,3.363,4.868,6.646,8.870,11.634,14.911,18.727,22.692,26.385,29.334,31.412,32.348,32.344,31.734,31.059,30.622,30.684,31.245,31.360,31.373,31.321,31.192,30.968,30.646,30.213,29.667,28.911,27.815,26.497
DRAX_1,0.209,0.383,0.642,1.003,1.450,2.013,2.703,3.491,4.384,5.312,6.177,6.868,7.354,7.573,7.572,7.429,7.271,7.169,7.183,7.315,7.341,7.345,7.333,7.302,7.250,7.175,7.073,6.945,6.768,6.512,6.203
DRCR,0.040,0.116,0.240,0.424,0.664,0.969,1.336,1.740,2.185,2.648,3.079,3.423,3.666,3.775,3.774,3.703,3.624,3.573,3.581,3.646,3.659,3.661,3.655,3.640,3.614,3.576,3.526,3.462,3.374,3.246,3.092
DRUM,0.390,0.654,1.018,1.504,2.086,2.816,3.719,4.777,5.999,7.269,8.452,9.397,10.063,10.362,10.361,10.166,9.950,9.810,9.829,10.009,10.046,10.050,10.034,9.992,9.921,9.817,9.679,9.504,9.261,8.910,8.488
DUBE_P,0.000,0.007,0.019,0.038,0.063,0.095,0.133,0.175,0.220,0.266,0.309,0.344,0.368,0.379,0.379,0.372,0.364,0.359,0.360,0.366,0.368,0.368,0.367,0.366,0.363,0.359,0.354,0.348,0.339,0.326,0.311
DUDH_P,0.020,0.109,0.261,0.493,0.799,1.188,1.656,2.164,2.718,3.293,3.829,4.257,4.558,4.694,4.694,4.605,4.507,4.444,4.453,4.534,4.551,4.553,4.545,4.527,4.494,4.447,4.384,4.305,4.196,4.037,3.845
DUGR_P,0.020,0.048,0.096,0.168,0.261,0.378,0.520,0.677,0.850,1.031,1.198,1.332,1.427,1.469,1.469,1.441,1.411,1.391,1.394,1.419,1.424,1.425,1.423,1.417,1.407,1.392,1.372,1.347,1.313,1.263,1.203
DUMF,0.270,0.332,0.357,0.335,0.260,0.155,0.051,0.000,0.000,0.000,0.000,0.000,0.000,0.000,0.000,0.000,0.000,0.000,0.000,0.000,0.000,0.000,0.000,0.000,0.000,0.000,0.000,0.000,0.000,0.000,0.000
DUNB,0.200,0.328,0.512,0.759,1.054,1.425,1.883,2.419,3.038,3.681,4.281,4.759,5.096,5.248,5.247,5.148,5.039,4.968,4.978,5.069,5.087,5.089,5.081,5.060,5.024,4.972,4.901,4.813,4.690,4.512,4.298
DUNF,0.320,0.482,0.687,0.940,1.223,1.575,2.019,2.568,3.225,3.908,4.544,5.052,5.410,5.571,5.570,5.465,5.349,5.274,5.285,5.381,5.401,5.403,5.394,5.372,5.334,5.278,5.203,5.109,4.979,4.790,4.563
DUNO_P,0.040,0.089,0.175,0.302,0.465,0.672,0.923,1.200,1.507,1.826,2.124,2.361,2.528,2.603,2.603,2.554,2.500,2.464,2.469,2.515,2.524,2.525,2.521,2.510,2.492,2.466,2.432,2.388,2.327,2.238,2.133
DYCE_P,0.100,0.255,0.512,0.891,1.380,2.001,2.752,3.581,4.498,5.450,6.337,7.045,7.544,7.769,7.768,7.621,7.459,7.355,7.369,7.504,7.532,7.535,7.522,7.491,7.438,7.360,7.256,7.125,6.944,6.680,6.364
EALI_6,0.532,1.108,2.015,3.321,4.973,7.064,9.605,12.457,15.644,18.957,22.042,24.506,26.241,27.023,27.020,26.510,25.947,25.582,25.633,26.102,26.198,26.208,26.166,26.057,25.871,25.602,25.239,24.784,24.152,23.236,22.136
EASO_1,1.276,3.489,7.209,12.759,19.948,29.080,40.097,52.231,65.598,79.487,92.426,102.756,110.032,113.311,113.298,111.161,108.797,107.267,107.483,109.447,109.850,109.895,109.715,109.261,108.480,107.351,105.832,103.921,101.273,97.432,92.817
ECCL,0.180,0.298,0.456,0.664,0.910,1.219,1.602,2.055,2.581,3.127,3.636,4.043,4.329,4.458,4.457,4.373,4.280,4.220,4.229,4.306,4.322,4.324,4.317,4.299,4.268,4.223,4.164,4.089,3.984,3.833,3.652
ECLA_1,3.453,6.043,9.805,14.945,21.221,29.118,38.823,50.028,62.831,76.134,88.527,98.422,105.391,108.531,108.519,106.472,104.208,102.742,102.950,104.831,105.216,105.260,105.088,104.653,103.904,102.823,101.368,99.537,97.001,93.323,88.902
EERH,0.550,0.849,1.240,1.732,2.297,3.000,3.883,4.954,6.221,7.539,8.766,9.745,10.435,10.746,10.745,10.543,10.318,10.173,10.194,10.380,10.418,10.423,10.406,10.362,10.288,10.181,10.037,9.856,9.605,9.241,8.803
EKIL,0.440,0.707,1.059,1.514,2.046,2.710,3.538,4.528,5.687,6.891,8.012,8.908,9.539,9.823,9.822,9.636,9.432,9.299,9.318,9.488,9.523,9.527,9.511,9.472,9.404,9.306,9.175,9.009,8.779,8.446,8.046
EKIS,0.070,0.088,0.095,0.089,0.069,0.041,0.014,0.000,0.000,0.000,0.000,0.000,0.000,0.000,0.000,0.000,0.000,0.000,0.000,0.000,0.000,0.000,0.000,0.000,0.000,0.000,0.000,0.000,0.000,0.000,0.000
ELDE,0.110,0.190,0.296,0.435,0.603,0.813,1.073,1.378,1.730,2.097,2.438,2.710,2.902,2.989,2.989,2.932,2.870,2.829,2.835,2.887,2.898,2.899,2.894,2.882,2.861,2.832,2.791,2.741,2.671,2.570,2.448
ELGI_P,0.090,0.239,0.483,0.846,1.314,1.908,2.625,3.417,4.292,5.200,6.047,6.723,7.199,7.413,7.412,7.273,7.118,7.018,7.032,7.161,7.187,7.190,7.178,7.148,7.097,7.023,6.924,6.799,6.626,6.375,6.072
ELLA_1,1.244,2.461,4.343,7.019,10.381,14.629,19.804,25.647,32.210,39.029,45.383,50.455,54.028,55.638,55.631,54.582,53.421,52.670,52.776,53.741,53.938,53.960,53.872,53.649,53.265,52.711,51.965,51.027,49.727,47.841,45.575
ELST_1,4.077,5.755,7.636,9.692,11.750,14.243,17.535,21.980,27.605,33.450,38.894,43.241,46.303,47.683,47.678,46.778,45.784,45.140,45.231,46.057,46.227,46.246,46.170,45.979,45.650,45.175,44.536,43.732,42.617,41.001,39.059
ENDE_1,3.607,5.803,8.788,12.678,17.260,22.990,30.115,38.581,48.454,58.713,68.270,75.901,81.275,83.697,83.688,82.109,80.363,79.233,79.392,80.843,81.140,81.174,81.041,80.706,80.129,79.294,78.173,76.761,74.805,71.969,68.559
ERSK,0.120,0.208,0.341,0.522,0.745,1.025,1.369,1.765,2.217,2.687,3.124,3.473,3.719,3.830,3.829,3.757,3.677,3.626,3.633,3.699,3.713,3.714,3.708,3.693,3.667,3.628,3.577,3.513,3.423,3.293,3.137
EXET1,0.000,0.982,2.802,5.654,9.459,14.314,20.119,26.364,33.111,40.122,46.653,51.867,55.539,57.194,57.188,56.109,54.916,54.144,54.253,55.244,55.447,55.470,55.380,55.150,54.756,54.186,53.419,52.455,51.118,49.180,46.850
FASN_P,0.000,0.002,0.002,0.002,0.002,0.001,0.000,0.000,0.000,0.000,0.000,0.000,0.000,0.000,0.000,0.000,0.000,0.000,0.000,0.000,0.000,0.000,0.000,0.000,0.000,0.000,0.000,0.000,0.000,0.000,0.000
FAUG_P,0.010,0.014,0.019,0.023,0.028,0.033,0.040,0.050,0.063,0.076,0.089,0.099,0.106,0.109,0.109,0.107,0.105,0.103,0.103,0.105,0.106,0.106,0.105,0.105,0.104,0.103,0.102,0.100,0.097,0.094,0.089
FAWL_1,0.541,1.130,2.060,3.398,5.094,7.239,9.845,12.769,16.037,19.432,22.595,25.121,26.900,27.701,27.698,27.176,26.598,26.224,26.277,26.757,26.855,26.866,26.822,26.711,26.520,26.244,25.873,25.406,24.758,23.820,22.691
FECK_6,5.539,8.059,11.063,14.559,18.293,22.877,28.779,36.358,45.662,55.330,64.336,71.527,76.591,78.874,78.865,77.377,75.732,74.667,74.817,76.184,76.464,76.496,76.371,76.055,75.511,74.725,73.668,72.338,70.494,67.821,64.608
FERRA2,0.563,0.943,1.478,2.193,3.053,4.133,5.466,7.025,8.823,10.691,12.431,13.820,14.799,15.240,15.238,14.950,14.633,14.427,14.456,14.720,14.774,14.780,14.756,14.695,14.590,14.438,14.234,13.977,13.621,13.104,12.483
FERRB1;FERRB_M,1.155,2.001,3.222,4.882,6.903,9.445,12.572,16.191,20.335,24.640,28.651,31.853,34.109,35.125,35.121,34.459,33.726,33.252,33.319,33.928,34.052,34.066,34.011,33.870,33.628,33.278,32.807,32.215,31.393,30.203,28.772
FETT_P;KINT_P,0.250,0.518,0.949,1.572,2.360,3.359,4.572,5.930,7.448,9.025,10.494,11.667,12.493,12.865,12.864,12.621,12.353,12.179,12.203,12.426,12.472,12.477,12.457,12.405,12.317,12.188,12.016,11.799,11.498,11.062,10.538
FIDD_P,0.070,0.134,0.232,0.370,0.542,0.759,1.024,1.325,1.663,2.016,2.344,2.606,2.790,2.873,2.873,2.819,2.759,2.720,2.726,2.775,2.786,2.787,2.782,2.771,2.751,2.722,2.684,2.635,2.568,2.471,2.354
FIDF_1,2.203,3.350,4.814,6.626,8.673,11.214,14.419,18.356,23.054,27.934,32.482,36.112,38.669,39.821,39.817,39.066,38.235,37.697,37.773,38.464,38.605,38.621,38.558,38.398,38.124,37.727,37.193,36.521,35.591,34.241,32.619
FINN,0.050,0.117,0.233,0.403,0.623,0.901,1.238,1.611,2.023,2.451,2.850,3.169,3.393,3.495,3.494,3.428,3.355,3.308,3.315,3.375,3.388,3.389,3.384,3.370,3.345,3.311,3.264,3.205,3.123,3.005,2.863
FLEE_1;BRLE_1,7.408,13.714,23.172,36.374,52.739,73.382,98.628,127.431,160.042,193.927,225.494,250.696,268.448,276.447,276.416,271.202,265.436,261.702,262.230,267.022,268.003,268.114,267.675,266.568,264.660,261.906,258.202,253.538,247.077,237.709,226.448
FOUR_1,0.067,0.140,0.257,0.426,0.640,0.910,1.239,1.607,2.018,2.445,2.843,3.161,3.385,3.486,3.485,3.420,3.347,3.300,3.307,3.367,3.379,3.381,3.375,3.361,3.337,3.302,3.256,3.197,3.115,2.997,2.855
FRAS_P,0.030,0.167,0.412,0.789,1.288,1.923,2.685,3.511,4.409,5.343,6.212,6.907,7.396,7.616,7.615,7.472,7.313,7.210,7.224,7.356,7.383,7.387,7.374,7.344,7.291,7.215,7.114,6.985,6.807,6.549,6.239
FROD_1,0.423,1.637,3.761,6.997,11.242,16.646,23.139,30.218,37.952,45.987,53.473,59.449,63.659,65.556,65.548,64.312,62.945,62.059,62.184,63.321,63.553,63.580,63.476,63.213,62.761,62.107,61.229,60.123,58.591,56.369,53.699
FWIL_P,0.040,0.080,0.151,0.253,0.383,0.548,0.748,0.972,1.220,1.479,1.720,1.912,2.047,2.108,2.108,2.068,2.024,1.996,2.000,2.036,2.044,2.045,2.041,2.033,2.018,1.997,1.969,1.934,1.884,1.813,1.727
GALA,0.230,0.385,0.612,0.918,1.289,1.755,2.329,2.997,3.764,4.561,5.304,5.896,6.314,6.502,6.501,6.379,6.243,6.155,6.168,6.280,6.303,6.306,6.296,6.270,6.225,6.160,6.073,5.963,5.811,5.591,5.326
GIFF,0.540,0.825,1.189,1.641,2.153,2.789,3.590,4.572,5.742,6.958,8.090,8.995,9.631,9.918,9.917,9.730,9.523,9.389,9.408,9.580,9.615,9.619,9.604,9.564,9.495,9.397,9.264,9.096,8.865,8.529,8.125
GLLU,0.090,0.145,0.228,0.338,0.472,0.639,0.845,1.086,1.365,1.653,1.923,2.137,2.289,2.357,2.357,2.312,2.263,2.231,2.236,2.277,2.285,2.286,2.282,2.273,2.257,2.233,2.201,2.162,2.107,2.027,1.931
GLNI,0.130,0.181,0.241,0.307,0.373,0.452,0.557,0.699,0.878,1.063,1.236,1.375,1.472,1.516,1.516,1.487,1.456,1.435,1.438,1.464,1.470,1.470,1.468,1.462,1.451,1.436,1.416,1.390,1.355,1.304,1.242
GLRO,0.230,0.415,0.683,1.052,1.504,2.074,2.772,3.576,4.491,5.442,6.328,7.035,7.533,7.758,7.757,7.610,7.449,7.344,7.359,7.493,7.521,7.524,7.512,7.480,7.427,7.350,7.246,7.115,6.934,6.671,6.354
GORG,0.030,0.113,0.263,0.490,0.789,1.170,1.627,2.126,2.670,3.235,3.761,4.182,4.478,4.611,4.611,4.524,4.428,4.365,4.374,4.454,4.470,4.472,4.465,4.446,4.415,4.369,4.307,4.229,4.121,3.965,3.777
GOVA,0.050,0.116,0.228,0.392,0.602,0.870,1.193,1.551,1.948,2.361,2.745,3.052,3.268,3.366,3.365,3.302,3.232,3.186,3.193,3.251,3.263,3.264,3.259,3.246,3.222,3.189,3.144,3.087,3.008,2.894,2.757
GREN_1,5.973,9.303,13.675,19.220,25.614,33.578,43.555,55.614,69.846,84.634,98.411,109.409,117.156,120.648,120.634,118.359,115.842,114.213,114.443,116.534,116.963,117.011,116.820,116.336,115.504,114.302,112.685,110.650,107.830,103.742,98.827
GRIW_1,0.731,1.312,2.169,3.352,4.807,6.640,8.887,11.467,14.402,17.451,20.291,22.559,24.156,24.876,24.873,24.404,23.885,23.549,23.597,24.028,24.116,24.126,24.087,23.987,23.816,23.568,23.234,22.815,22.233,21.390,20.377
GRMO,0.320,0.393,0.422,0.397,0.308,0.184,0.061,0.000,0.000,0.000,0.000,0.000,0.000,0.000,0.000,0.000,0.000,0.000,0.000,0.000,0.000,0.000,0.000,0.000,0.000,0.000,0.000,0.000,0.000,0.000,0.000
GRUB_P,0.020,0.029,0.045,0.066,0.091,0.123,0.162,0.208,0.262,0.317,0.369,0.410,0.439,0.452,0.452,0.443,0.434,0.428,0.429,0.436,0.438,0.438,0.438,0.436,0.433,0.428,0.422,0.414,0.404,0.389,0.370
HACK_1;HACK_6,1.976,2.725,3.520,4.332,5.085,5.981,7.202,8.954,11.246,13.627,15.845,17.616,18.863,19.425,19.423,19.057,18.651,18.389,18.426,18.763,18.832,18.840,18.809,18.731,18.597,18.403,18.143,17.815,17.361,16.703,15.912
HAGR,0.160,0.274,0.444,0.674,0.956,1.309,1.744,2.247,2.823,3.420,3.977,4.421,4.734,4.876,4.875,4.783,4.682,4.616,4.625,4.709,4.727,4.729,4.721,4.701,4.668,4.619,4.554,4.472,4.358,4.192,3.994
HAMHC1,4.859,6.898,9.213,11.780,14.387,17.555,21.713,27.265,34.242,41.492,48.246,53.638,57.436,59.148,59.141,58.025,56.792,55.993,56.106,57.131,57.341,57.365,57.271,57.034,56.626,56.037,55.244,54.246,52.864,50.859,48.450
HARK_1;HUTT_1;RRIG,1.468,2.873,5.036,8.102,11.947,16.806,22.727,29.421,36.951,44.775,52.062,57.881,61.980,63.826,63.819,62.616,61.284,60.423,60.545,61.651,61.877,61.903,61.802,61.546,61.105,60.469,59.615,58.537,57.046,54.883,52.283
HARM_6,0.245,0.538,1.009,1.694,2.566,3.671,5.011,6.506,8.171,9.901,11.513,12.799,13.706,14.114,14.112,13.846,13.552,13.361,13.388,13.633,13.683,13.689,13.666,13.610,13.512,13.372,13.183,12.944,12.615,12.136,11.561
HAWI,0.080,0.164,0.286,0.458,0.674,0.946,1.277,1.653,2.076,2.516,2.925,3.252,3.482,3.586,3.586,3.518,3.443,3.395,3.402,3.464,3.477,3.478,3.472,3.458,3.433,3.398,3.349,3.289,3.205,3.084,2.937
HAWP_6,0.364,0.829,1.581,2.681,4.086,5.867,8.026,10.428,13.096,15.869,18.452,20.515,21.967,22.622,22.619,22.192,21.721,21.415,21.458,21.850,21.931,21.940,21.904,21.813,21.657,21.432,21.129,20.747,20.218,19.452,18.530
HELE,0.120,0.197,0.301,0.436,0.596,0.797,1.046,1.341,1.684,2.040,2.373,2.638,2.825,2.909,2.908,2.853,2.793,2.753,2.759,2.810,2.820,2.821,2.816,2.805,2.785,2.756,2.717,2.668,2.600,2.501,2.383
HEYS_1;HEYS1;ORMO,0.272,0.833,1.792,3.236,5.116,7.506,10.385,13.541,17.007,20.607,23.962,26.640,28.526,29.376,29.373,28.819,28.206,27.809,27.865,28.375,28.479,28.491,28.444,28.326,28.124,27.831,27.437,26.942,26.255,25.260,24.063
HUER,0.000,0.044,0.124,0.250,0.417,0.630,0.886,1.160,1.457,1.766,2.053,2.283,2.444,2.517,2.517,2.470,2.417,2.383,2.388,2.432,2.440,2.441,2.437,2.427,2.410,2.385,2.351,2.309,2.250,2.165,2.062
HURS_1,2.164,3.000,3.896,4.827,5.706,6.757,8.178,10.187,12.794,15.503,18.026,20.041,21.460,22.099,22.097,21.680,21.219,20.921,20.963,21.346,21.424,21.433,21.398,21.310,21.157,20.937,20.641,20.268,19.752,19.003,18.102
IMPK_1,0.000,0.000,0.000,0.000,0.000,0.000,0.000,0.000,0.000,0.000,0.000,0.000,0.000,0.000,0.000,0.000,0.000,0.000,0.000,0.000,0.000,0.000,0.000,0.000,0.000,0.000,0.000,0.000,0.000,0.000,0.000
INDQ1,0.000,1.259,3.593,7.251,12.130,18.355,25.801,33.809,42.461,51.452,59.827,66.513,71.223,73.345,73.337,71.954,70.424,69.433,69.573,70.845,71.105,71.135,71.018,70.724,70.218,69.487,68.505,67.267,65.553,63.068,60.080
INKE,0.300,0.584,1.020,1.637,2.411,3.389,4.580,5.929,7.446,9.023,10.491,11.664,12.490,12.862,12.860,12.618,12.349,12.176,12.200,12.423,12.469,12.474,12.454,12.402,12.313,12.185,12.013,11.796,11.495,11.059,10.536
INNE_P,0.120,0.337,0.713,1.278,2.012,2.945,4.070,5.305,6.662,8.073,9.387,10.436,11.175,11.508,11.507,11.290,11.050,10.894,10.916,11.116,11.157,11.161,11.143,11.097,11.018,10.903,10.749,10.555,10.286,9.896,9.427
IROA1,5.937,9.621,14.662,21.264,29.073,38.844,50.980,65.352,82.076,99.454,115.643,128.568,137.672,141.774,141.758,139.084,136.127,134.212,134.483,136.940,137.444,137.501,137.276,136.707,135.730,134.317,132.417,130.026,126.712,121.908,116.132
IRONB1,4.391,5.887,7.336,8.648,9.661,10.811,12.518,15.330,19.254,23.330,27.128,30.160,32.295,33.257,33.254,32.626,31.933,31.484,31.547,32.124,32.242,32.255,32.202,32.069,31.840,31.508,31.062,30.502,29.724,28.597,27.242
IVER_1;IVER_6,1.475,3.523,6.875,11.805,18.133,26.160,35.871,46.644,58.581,70.984,82.538,91.764,98.261,101.189,101.177,99.270,97.158,95.792,95.985,97.740,98.098,98.139,97.978,97.573,96.875,95.866,94.510,92.804,90.439,87.009,82.888
JOHN,0.370,0.548,0.769,1.034,1.325,1.685,2.144,2.719,3.414,4.137,4.811,5.348,5.727,5.898,5.897,5.786,5.663,5.583,5.594,5.697,5.717,5.720,5.711,5.687,5.646,5.587,5.508,5.409,5.271,5.071,4.831
JORD_3,0.410,0.728,1.194,1.835,2.621,3.611,4.826,6.223,7.816,9.471,11.012,12.243,13.110,13.501,13.499,13.245,12.963,12.781,12.806,13.040,13.088,13.094,13.072,13.018,12.925,12.791,12.610,12.382,12.066,11.609,11.059
KAIM,0.610,1.000,1.532,2.232,3.064,4.104,5.395,6.920,8.691,10.531,12.245,13.613,14.577,15.012,15.010,14.727,14.414,14.211,14.240,14.500,14.553,14.559,14.535,14.475,14.372,14.222,14.021,13.768,13.417,12.908,12.297
KEAD_1,2.008,3.129,4.604,6.475,8.634,11.323,14.692,18.761,23.562,28.551,33.198,36.909,39.522,40.700,40.695,39.928,39.079,38.529,38.607,39.312,39.457,39.473,39.409,39.245,38.965,38.559,38.014,37.327,36.376,34.997,33.339
KEAR_1;KEAR_3,2.261,3.921,6.318,9.582,13.555,18.551,24.698,31.811,39.952,48.410,56.290,62.582,67.013,69.010,69.002,67.701,66.261,65.329,65.461,66.657,66.902,66.930,66.820,66.544,66.068,65.380,64.455,63.291,61.678,59.340,56.529
KEMS_1,0.663,1.317,2.330,3.772,5.584,7.874,10.664,13.811,17.346,21.018,24.440,27.171,29.095,29.962,29.959,29.394,28.769,28.364,28.421,28.941,29.047,29.059,29.012,28.892,28.685,28.386,27.985,27.479,26.779,25.764,24.543
KIBY_1,2.040,2.875,3.809,4.828,5.843,7.072,8.697,10.898,13.686,16.584,19.283,21.439,22.957,23.641,23.638,23.192,22.699,22.380,22.425,22.835,22.919,22.928,22.891,22.796,22.633,22.397,22.080,21.682,21.129,20.328,19.365
KIER,0.310,0.391,0.443,0.456,0.422,0.369,0.328,0.353,0.444,0.538,0.625,0.695,0.744,0.767,0.766,0.752,0.736,0.726,0.727,0.740,0.743,0.743,0.742,0.739,0.734,0.726,0.716,0.703,0.685,0.659,0.628
KIIN_P,0.010,0.017,0.028,0.043,0.062,0.087,0.116,0.150,0.188,0.228,0.266,0.295,0.316,0.326,0.326,0.319,0.313,0.308,0.309,0.314,0.315,0.316,0.315,0.314,0.312,0.308,0.304,0.299,0.291,0.280,0.267
KILB,0.160,0.190,0.205,0.192,0.149,0.089,0.030,0.000,0.000,0.000,0.000,0.000,0.000,0.000,0.000,0.000,0.000,0.000,0.000,0.000,0.000,0.000,0.000,0.000,0.000,0.000,0.000,0.000,0.000,0.000,0.000
KILS,0.160,0.225,0.298,0.377,0.456,0.551,0.677,0.848,1.065,1.291,1.501,1.669,1.787,1.841,1.840,1.806,1.767,1.742,1.746,1.778,1.784,1.785,1.782,1.775,1.762,1.744,1.719,1.688,1.645,1.583,1.508
KILT,0.350,0.597,0.960,1.452,2.051,2.804,3.731,4.805,6.034,7.312,8.502,9.452,10.122,10.423,10.422,10.226,10.008,9.867,9.887,10.068,10.105,10.109,10.093,10.051,9.979,9.875,9.735,9.560,9.316,8.963,8.538
KILW,0.080,0.267,0.588,1.074,1.709,2.517,3.489,4.553,5.718,6.928,8.056,8.956,9.591,9.876,9.875,9.689,9.483,9.350,9.369,9.540,9.575,9.579,9.563,9.524,9.455,9.357,9.225,9.058,8.827,8.493,8.090
KINL_P,0.010,0.010,0.018,0.029,0.043,0.060,0.082,0.106,0.133,0.161,0.187,0.208,0.222,0.229,0.229,0.225,0.220,0.217,0.217,0.221,0.222,0.222,0.222,0.221,0.219,0.217,0.214,0.210,0.205,0.197,0.187
KINO_1,1.287,2.621,4.706,7.693,11.460,16.225,22.021,28.542,35.847,43.436,50.507,56.151,60.127,61.919,61.912,60.744,59.453,58.617,58.735,59.808,60.028,60.053,59.955,59.706,59.279,58.662,57.832,56.788,55.341,53.242,50.720
KIRKB1,0.968,1.823,3.115,4.929,7.185,10.033,13.512,17.470,21.940,26.586,30.913,34.368,36.802,37.898,37.894,37.179,36.389,35.877,35.949,36.606,36.741,36.756,36.696,36.544,36.282,35.905,35.397,34.758,33.872,32.588,31.044
KITW_1,5.617,7.480,9.239,10.769,11.867,13.084,14.966,18.237,22.904,27.754,32.271,35.878,38.419,39.564,39.559,38.813,37.988,37.453,37.529,38.215,38.355,38.371,38.308,38.150,37.877,37.483,36.952,36.285,35.360,34.020,32.408
KNAR,0.685,1.360,2.405,3.894,5.764,8.128,11.007,14.256,17.905,21.695,25.227,28.046,30.032,30.927,30.924,30.341,29.696,29.278,29.337,29.873,29.983,29.995,29.946,29.822,29.609,29.301,28.886,28.365,27.642,26.594,25.334
LACK_6,0.371,0.924,1.837,3.186,4.925,7.130,9.797,12.747,16.009,19.398,22.556,25.077,26.852,27.653,27.650,27.128,26.551,26.178,26.230,26.710,26.808,26.819,26.775,26.664,26.474,26.198,25.828,25.361,24.715,23.778,22.651
LAIR_P,0.000,0.007,0.010,0.016,0.022,0.030,0.040,0.051,0.064,0.078,0.091,0.101,0.108,0.111,0.111,0.109,0.107,0.105,0.106,0.108,0.108,0.108,0.108,0.107,0.106,0.105,0.104,0.102,0.099,0.096,0.091
LALE1SG003,1.726,2.518,3.466,4.575,5.764,7.225,9.103,11.507,14.452,17.512,20.362,22.638,24.241,24.963,24.961,24.490,23.969,23.632,23.680,24.112,24.201,24.211,24.171,24.071,23.899,23.650,23.316,22.895,22.311,21.465,20.448
LAND1,0.000,0.601,1.716,3.464,5.794,8.768,12.324,16.149,20.282,24.576,28.577,31.770,34.020,35.034,35.030,34.369,33.638,33.165,33.232,33.839,33.964,33.978,33.922,33.782,33.540,33.191,32.721,32.131,31.312,30.124,28.697
LEGA_1,1.639,2.782,4.405,6.590,9.230,12.544,16.633,21.395,26.870,32.559,37.859,42.091,45.071,46.414,46.409,45.533,44.565,43.939,44.027,44.832,44.996,45.015,44.941,44.755,44.435,43.973,43.351,42.568,41.483,39.910,38.019
LEVE,0.200,0.331,0.507,0.737,1.011,1.353,1.778,2.281,2.864,3.471,4.035,4.487,4.804,4.947,4.947,4.854,4.750,4.683,4.693,4.779,4.796,4.798,4.790,4.771,4.736,4.687,4.621,4.537,4.422,4.254,4.053
LING,0.290,0.490,0.785,1.185,1.670,2.280,3.031,3.901,4.900,5.937,6.904,7.675,8.219,8.464,8.463,8.303,8.127,8.012,8.028,8.175,8.205,8.208,8.195,8.161,8.103,8.018,7.905,7.762,7.564,7.278,6.933
LINM,0.330,0.580,0.938,1.426,2.020,2.768,3.687,4.750,5.966,7.229,8.405,9.345,10.006,10.304,10.304,10.109,9.894,9.755,9.775,9.953,9.990,9.994,9.978,9.936,9.865,9.763,9.624,9.451,9.210,8.860,8.441
LISD_1,0.725,2.016,4.189,7.437,11.647,16.995,23.446,30.547,38.364,46.486,54.053,60.094,64.350,66.267,66.260,65.010,63.628,62.733,62.859,64.008,64.243,64.270,64.165,63.899,63.442,62.782,61.894,60.776,59.227,56.981,54.282
LITT_C,1.140,1.527,1.900,2.237,2.495,2.787,3.223,3.945,4.954,6.003,6.980,7.760,8.310,8.557,8.557,8.395,8.217,8.101,8.117,8.266,8.296,8.300,8.286,8.252,8.193,8.107,7.993,7.848,7.648,7.358,7.010
LITT_J,0.000,0.502,1.434,2.893,4.840,7.324,10.295,13.491,16.943,20.531,23.873,26.541,28.420,29.267,29.263,28.712,28.101,27.706,27.762,28.269,28.373,28.385,28.338,28.221,28.019,27.727,27.335,26.842,26.158,25.166,23.973
LODR_6,3.242,4.222,3.796,4.252,4.452,4.628,5.021,5.985,7.517,9.109,10.591,11.775,12.609,12.985,12.983,12.738,12.467,12.292,12.316,12.541,12.588,12.593,12.572,12.521,12.431,12.302,12.127,11.909,11.605,11.165,10.636
LOUD_H,0.000,0.142,0.405,0.818,1.369,2.071,2.911,3.815,4.791,5.805,6.750,7.505,8.036,8.275,8.275,8.118,7.946,7.834,7.850,7.993,8.023,8.026,8.013,7.980,7.923,7.840,7.729,7.590,7.396,7.116,6.779
LOVE_1,2.255,4.695,8.538,14.068,21.064,29.919,40.679,52.754,66.255,80.282,93.351,103.784,111.133,114.444,114.431,112.273,109.886,108.340,108.559,110.542,110.949,110.995,110.813,110.354,109.565,108.425,106.891,104.960,102.286,98.407,93.745
LUNA_P,0.060,0.159,0.323,0.566,0.879,1.278,1.758,2.289,2.875,3.484,4.051,4.504,4.822,4.966,4.966,4.872,4.768,4.701,4.711,4.797,4.814,4.816,4.809,4.789,4.754,4.705,4.638,4.555,4.439,4.270,4.068
LYND_P,0.030,0.034,0.037,0.034,0.027,0.016,0.005,0.000,0.000,0.000,0.000,0.000,0.000,0.000,0.000,0.000,0.000,0.000,0.000,0.000,0.000,0.000,0.000,0.000,0.000,0.000,0.000,0.000,0.000,0.000,0.000
MACC_3,0.379,0.719,1.235,1.962,2.867,4.010,5.405,6.990,8.779,10.638,12.369,13.752,14.726,15.164,15.163,14.877,14.560,14.356,14.385,14.647,14.701,14.707,14.683,14.622,14.518,14.367,14.163,13.908,13.553,13.039,12.422
MACD_P,0.020,0.106,0.266,0.513,0.839,1.254,1.752,2.292,2.878,3.488,4.055,4.509,4.828,4.972,4.971,4.878,4.774,4.707,4.716,4.802,4.820,4.822,4.814,4.794,4.760,4.710,4.644,4.560,4.444,4.275,4.073
MAGA_6,0.134,0.284,0.522,0.865,1.300,1.852,2.521,3.271,4.108,4.978,5.788,6.435,6.890,7.096,7.095,6.961,6.813,6.717,6.731,6.854,6.879,6.882,6.871,6.842,6.793,6.723,6.627,6.508,6.342,6.102,5.813
MANN_1,2.916,5.732,10.074,16.241,23.977,33.754,45.666,59.128,74.260,89.982,104.630,116.324,124.560,128.272,128.257,125.838,123.163,121.430,121.675,123.899,124.354,124.406,124.202,123.688,122.803,121.525,119.806,117.642,114.644,110.297,105.072
MAYB,0.080,0.142,0.234,0.362,0.520,0.719,0.962,1.242,1.559,1.889,2.197,2.443,2.615,2.693,2.693,2.642,2.586,2.550,2.555,2.602,2.611,2.612,2.608,2.597,2.579,2.552,2.516,2.470,2.407,2.316,2.206
MELK_1,2.260,4.272,7.321,11.605,16.940,23.675,31.899,41.248,51.804,62.772,72.990,81.147,86.893,89.483,89.473,87.785,85.919,84.710,84.881,86.432,86.750,86.786,86.644,86.285,85.668,84.776,83.577,82.068,79.976,76.944,73.299
MILC_P,0.110,0.297,0.606,1.067,1.663,2.419,3.333,4.340,5.450,6.604,7.679,8.538,9.142,9.415,9.414,9.236,9.040,8.912,8.931,9.094,9.127,9.131,9.116,9.078,9.013,8.919,8.793,8.635,8.414,8.095,7.712
MILH_1,4.035,6.012,8.460,11.414,14.677,18.708,23.836,30.248,37.989,46.032,53.525,59.507,63.721,65.620,65.612,64.375,63.006,62.120,62.245,63.382,63.616,63.642,63.538,63.275,62.822,62.168,61.289,60.182,58.648,56.425,53.752
MITY_1,1.265,3.061,6.011,10.356,15.939,23.022,31.588,41.084,51.598,62.522,72.700,80.825,86.548,89.127,89.117,87.436,85.577,84.373,84.543,86.088,86.405,86.440,86.299,85.942,85.327,84.439,83.244,81.741,79.658,76.638,73.007
MYBS_P,0.010,0.042,0.099,0.185,0.299,0.444,0.618,0.808,1.015,1.230,1.430,1.590,1.702,1.753,1.753,1.720,1.683,1.659,1.663,1.693,1.699,1.700,1.697,1.690,1.678,1.661,1.637,1.608,1.567,1.507,1.436
NAIR_P,0.060,0.156,0.322,0.569,0.890,1.298,1.789,2.331,2.927,3.547,4.125,4.585,4.910,5.057,5.056,4.961,4.855,4.787,4.796,4.884,4.902,4.904,4.896,4.876,4.841,4.790,4.723,4.637,4.519,4.348,4.142
NEAR,0.460,0.794,1.282,1.948,2.760,3.780,5.035,6.487,8.146,9.871,11.478,12.761,13.665,14.072,14.070,13.805,13.511,13.321,13.348,13.592,13.642,13.648,13.625,13.569,13.472,13.332,13.143,12.906,12.577,12.100,11.527
NECE_1,3.220,5.459,8.639,12.918,18.086,24.575,32.580,41.906,52.630,63.773,74.154,82.441,88.279,90.909,90.899,89.185,87.288,86.061,86.234,87.810,88.133,88.169,88.025,87.660,87.034,86.128,84.909,83.376,81.251,78.170,74.467
NEEP_3,0.430,0.639,0.896,1.205,1.546,1.966,2.501,3.172,3.983,4.826,5.612,6.239,6.681,6.880,6.879,6.750,6.606,6.513,6.526,6.646,6.670,6.673,6.662,6.634,6.587,6.518,6.426,6.310,6.149,5.916,5.636
NETS,0.070,0.124,0.203,0.312,0.445,0.612,0.818,1.054,1.324,1.605,1.866,2.074,2.221,2.287,2.287,2.244,2.196,2.165,2.170,2.209,2.217,2.218,2.215,2.206,2.190,2.167,2.136,2.098,2.044,1.967,1.874
NEWX_6,2.378,3.223,4.074,4.887,5.572,6.370,7.504,9.251,11.619,14.079,16.371,18.200,19.489,20.070,20.067,19.689,19.270,18.999,19.038,19.385,19.457,19.465,19.433,19.352,19.214,19.014,18.745,18.407,17.938,17.258,16.440
NFLE,3.348,4.879,6.706,8.839,11.121,13.924,17.530,22.153,27.822,33.712,39.200,43.581,46.667,48.057,48.052,47.146,46.143,45.494,45.586,46.419,46.590,46.609,46.533,46.340,46.009,45.530,44.886,44.075,42.952,41.323,39.366
NHYD_6,0.271,0.723,1.480,2.606,4.062,5.912,8.144,10.606,13.321,16.141,18.768,20.866,22.343,23.009,23.007,22.573,22.093,21.782,21.826,22.225,22.306,22.316,22.279,22.187,22.028,21.799,21.491,21.102,20.565,19.785,18.848
NINF_1,2.991,4.880,7.483,10.907,14.972,20.062,26.376,33.831,42.489,51.485,59.866,66.557,71.269,73.393,73.385,72.001,70.470,69.479,69.619,70.891,71.152,71.181,71.065,70.770,70.264,69.533,68.549,67.311,65.596,63.109,60.119
NORL_3,0.514,0.829,1.259,1.819,2.480,3.307,4.334,5.554,6.975,8.452,9.827,10.926,11.699,12.048,12.047,11.819,11.568,11.405,11.428,11.637,11.680,11.685,11.666,11.617,11.534,11.414,11.253,11.049,10.768,10.360,9.869
NORM_1;SALL1,2.624,5.518,10.092,16.685,25.039,35.613,48.458,62.857,78.943,95.658,111.229,123.660,132.416,136.362,136.347,133.775,130.931,129.089,129.349,131.713,132.197,132.252,132.036,131.489,130.548,129.190,127.362,125.062,121.875,117.254,111.699
NORT_1,1.352,2.941,5.480,9.163,13.847,19.782,26.981,35.026,43.989,53.303,61.979,68.906,73.785,75.984,75.976,74.543,72.958,71.931,72.076,73.394,73.663,73.694,73.573,73.269,72.745,71.988,70.969,69.688,67.912,65.337,62.241
NURS_1,1.552,2.870,4.846,7.603,11.020,15.330,20.601,26.616,33.428,40.505,47.099,52.363,56.070,57.741,57.735,56.646,55.441,54.662,54.772,55.773,55.978,56.001,55.909,55.678,55.280,54.704,53.930,52.956,51.607,49.650,47.298
OCKH_1,1.027,1.494,2.051,2.698,3.389,4.238,5.330,6.733,8.457,10.247,11.915,13.247,14.185,14.607,14.606,14.330,14.026,13.828,13.856,14.109,14.161,14.167,14.144,14.085,13.985,13.839,13.643,13.397,13.055,12.561,11.965
OFFE_3,0.164,0.273,0.428,0.634,0.882,1.193,1.577,2.027,2.545,3.084,3.586,3.987,4.270,4.397,4.396,4.313,4.222,4.162,4.171,4.247,4.263,4.264,4.257,4.240,4.209,4.166,4.107,4.032,3.930,3.781,3.602
OLDB_1,1.208,1.845,2.661,3.675,4.825,6.254,8.054,10.258,12.883,15.611,18.152,20.180,21.609,22.253,22.251,21.831,21.367,21.066,21.109,21.495,21.574,21.583,21.547,21.458,21.305,21.083,20.785,20.409,19.889,19.135,18.228
OSBA_1,1.257,2.189,3.537,5.374,7.615,10.432,13.897,17.902,22.484,27.244,31.679,35.220,37.714,38.838,38.833,38.101,37.291,36.766,36.840,37.513,37.651,37.667,37.605,37.450,37.182,36.795,36.274,35.619,34.712,33.395,31.813
PADIB1,0.772,1.987,4.008,7.005,10.873,15.783,21.714,28.266,35.499,43.015,50.017,55.608,59.545,61.319,61.313,60.156,58.877,58.049,58.166,59.229,59.447,59.471,59.374,59.128,58.705,58.094,57.272,56.238,54.805,52.727,50.229
PAIS,0.110,0.304,0.630,1.117,1.747,2.549,3.516,4.580,5.752,6.970,8.104,9.010,9.648,9.936,9.934,9.747,9.540,9.406,9.425,9.597,9.632,9.636,9.620,9.580,9.512,9.413,9.280,9.112,8.880,8.543,8.139
PART,0.070,0.160,0.297,0.496,0.749,1.069,1.457,1.892,2.376,2.879,3.347,3.721,3.985,4.104,4.103,4.026,3.940,3.885,3.892,3.964,3.978,3.980,3.973,3.957,3.929,3.888,3.833,3.764,3.668,3.529,3.361
PEHG_P,0.030,0.034,0.036,0.034,0.026,0.016,0.005,0.000,0.000,0.000,0.000,0.000,0.000,0.000,0.000,0.000,0.000,0.000,0.000,0.000,0.000,0.000,0.000,0.000,0.000,0.000,0.000,0.000,0.000,0.000,0.000
PEHS_P;STRI_P,0.060,0.069,0.075,0.070,0.054,0.033,0.011,0.000,0.000,0.000,0.000,0.000,0.000,0.000,0.000,0.000,0.000,0.000,0.000,0.000,0.000,0.000,0.000,0.000,0.000,0.000,0.000,0.000,0.000,0.000,0.000
PELH_1,1.543,2.445,3.651,5.205,7.018,9.280,12.104,15.483,19.446,23.563,27.398,30.461,32.617,33.589,33.586,32.952,32.251,31.798,31.862,32.444,32.563,32.577,32.524,32.389,32.157,31.823,31.372,30.806,30.021,28.882,27.514
PEMB_1,0.417,0.845,1.512,2.465,3.667,5.187,7.037,9.119,11.452,13.877,16.136,17.939,19.210,19.782,19.780,19.407,18.994,18.727,18.765,19.108,19.178,19.186,19.154,19.075,18.939,18.742,18.477,18.143,17.681,17.010,16.204
PENE_1,1.052,1.274,1.368,1.285,0.997,0.596,0.196,0.000,0.000,0.000,0.000,0.000,0.000,0.000,0.000,0.000,0.000,0.000,0.000,0.000,0.000,0.000,0.000,0.000,0.000,0.000,0.000,0.000,0.000,0.000,0.000
PENN_1,4.514,5.970,7.309,8.420,9.145,9.923,11.196,13.567,17.039,20.646,24.007,26.690,28.580,29.431,29.428,28.873,28.259,27.862,27.918,28.428,28.533,28.544,28.498,28.380,28.177,27.883,27.489,26.993,26.305,25.307,24.108
PENT_1,2.229,3.128,4.121,5.190,6.242,7.511,9.199,11.509,14.454,17.514,20.365,22.641,24.244,24.966,24.964,24.493,23.972,23.635,23.682,24.115,24.204,24.214,24.174,24.074,23.902,23.653,23.319,22.898,22.314,21.468,20.451
PENW_1;STAH_1;WABO,1.974,4.241,7.848,13.069,19.701,28.101,38.295,49.699,62.417,75.633,87.945,97.774,104.696,107.816,107.804,105.771,103.522,102.066,102.272,104.141,104.523,104.567,104.396,103.964,103.220,102.146,100.700,98.882,96.362,92.708,88.317
PERS_P,0.090,0.152,0.231,0.335,0.458,0.612,0.803,1.029,1.292,1.565,1.820,2.024,2.167,2.232,2.231,2.189,2.143,2.113,2.117,2.156,2.163,2.164,2.161,2.152,2.137,2.114,2.084,2.047,1.995,1.919,1.828
PITS_3,0.174,0.333,0.576,0.917,1.344,1.883,2.540,3.286,4.127,5.000,5.814,6.464,6.922,7.128,7.127,6.993,6.844,6.748,6.761,6.885,6.910,6.913,6.902,6.873,6.824,6.753,6.657,6.537,6.371,6.129,5.839
POOB,0.370,0.621,0.968,1.431,1.985,2.680,3.540,4.548,5.712,6.921,8.048,8.947,9.581,9.866,9.865,9.679,9.473,9.340,9.359,9.530,9.565,9.569,9.553,9.514,9.445,9.347,9.215,9.049,8.818,8.484,8.082
POPP_3,0.217,0.458,0.840,1.391,2.089,2.973,4.047,5.250,6.594,7.990,9.290,10.329,11.060,11.390,11.388,11.174,10.936,10.782,10.804,11.001,11.042,11.046,11.029,10.983,10.904,10.791,10.638,10.446,10.180,9.794,9.330
PORA_P,0.030,0.063,0.111,0.179,0.264,0.371,0.503,0.651,0.817,0.990,1.151,1.280,1.371,1.412,1.411,1.385,1.355,1.336,1.339,1.363,1.368,1.369,1.367,1.361,1.351,1.337,1.318,1.295,1.262,1.214,1.156
PORD,0.100,0.227,0.422,0.705,1.064,1.519,2.071,2.689,3.377,4.092,4.758,5.289,5.664,5.833,5.832,5.722,5.600,5.522,5.533,5.634,5.655,5.657,5.648,5.624,5.584,5.526,5.448,5.349,5.213,5.015,4.778
PYLE_1,0.338,0.669,1.181,1.909,2.823,3.979,5.387,6.976,8.762,10.617,12.345,13.725,14.696,15.134,15.133,14.847,14.532,14.327,14.356,14.619,14.672,14.678,14.654,14.594,14.489,14.339,14.136,13.880,13.527,13.014,12.397
QUOI_P,0.000,0.000,0.000,0.000,0.000,0.000,0.000,0.000,0.000,0.000,0.000,0.000,0.000,0.000,0.000,0.000,0.000,0.000,0.000,0.000,0.000,0.000,0.000,0.000,0.000,0.000,0.000,0.000,0.000,0.000,0.000
RAIN_1,1.589,2.445,3.554,4.945,6.532,8.507,10.988,14.010,17.596,21.321,24.792,27.563,29.515,30.394,30.391,29.818,29.184,28.773,28.831,29.358,29.466,29.478,29.430,29.308,29.098,28.796,28.388,27.876,27.165,26.135,24.897
RANN_P,0.000,0.003,0.005,0.008,0.011,0.015,0.020,0.026,0.032,0.039,0.046,0.051,0.054,0.056,0.056,0.055,0.054,0.053,0.053,0.054,0.054,0.054,0.054,0.054,0.053,0.053,0.052,0.051,0.050,0.048,0.046
RASS_1,1.075,2.034,3.488,5.531,8.076,11.288,15.211,19.670,24.703,29.934,34.806,38.696,41.436,42.671,42.666,41.862,40.972,40.395,40.477,41.216,41.368,41.385,41.317,41.146,40.852,40.427,39.855,39.135,38.138,36.692,34.953
RATS_1,3.402,5.334,7.891,11.154,14.936,19.651,25.547,32.645,40.999,49.680,57.767,64.223,68.771,70.820,70.812,69.476,67.999,67.043,67.178,68.405,68.657,68.685,68.573,68.289,67.801,67.095,66.146,64.951,63.296,60.896,58.011
RAYL_1,2.407,4.425,7.439,11.637,16.832,23.382,31.398,40.555,50.934,61.718,71.764,79.785,85.434,87.980,87.970,86.311,84.476,83.288,83.456,84.981,85.293,85.328,85.189,84.836,84.229,83.353,82.174,80.690,78.633,75.652,72.068
REBR_3,1.115,1.955,3.175,4.843,6.882,9.446,12.598,16.235,20.390,24.707,28.729,31.940,34.201,35.221,35.217,34.552,33.818,33.342,33.409,34.020,34.145,34.159,34.103,33.962,33.719,33.368,32.896,32.302,31.479,30.285,28.851
REDH,0.130,0.214,0.335,0.497,0.692,0.937,1.239,1.592,1.999,2.423,2.817,3.132,3.354,3.454,3.453,3.388,3.316,3.269,3.276,3.336,3.348,3.350,3.344,3.330,3.306,3.272,3.226,3.167,3.087,2.970,2.829
REDM_P,0.070,0.159,0.306,0.520,0.795,1.143,1.565,2.035,2.555,3.096,3.600,4.002,4.286,4.413,4.413,4.330,4.238,4.178,4.186,4.263,4.279,4.281,4.273,4.256,4.225,4.181,4.122,4.048,3.945,3.795,3.615
ROCH_1,0.514,1.197,2.308,3.938,6.025,8.672,11.876,15.437,19.388,23.492,27.316,30.369,32.520,33.489,33.485,32.853,32.155,31.703,31.767,32.347,32.466,32.479,32.426,32.292,32.061,31.727,31.279,30.714,29.931,28.796,27.432
RUGEB1,2.872,3.835,4.753,5.564,6.164,6.837,7.858,9.595,12.050,14.602,16.979,18.876,20.213,20.815,20.813,20.420,19.986,19.705,19.745,20.106,20.179,20.188,20.155,20.071,19.928,19.720,19.441,19.090,18.604,17.898,17.050
RYEH_1,1.895,2.868,4.101,5.617,7.322,9.436,12.108,15.402,19.344,23.439,27.255,30.301,32.447,33.413,33.410,32.779,32.082,31.631,31.695,32.274,32.393,32.406,32.353,32.219,31.989,31.656,31.208,30.645,29.864,28.731,27.370
SACO,0.320,0.385,0.414,0.388,0.301,0.180,0.059,0.000,0.000,0.000,0.000,0.000,0.000,0.000,0.000,0.000,0.000,0.000,0.000,0.000,0.000,0.000,0.000,0.000,0.000,0.000,0.000,0.000,0.000,0.000,0.000
SALH_1,0.005,0.006,0.006,0.006,0.004,0.003,0.001,0.000,0.000,0.000,0.000,0.000,0.000,0.000,0.000,0.000,0.000,0.000,0.000,0.000,0.000,0.000,0.000,0.000,0.000,0.000,0.000,0.000,0.000,0.000,0.000
SALT_1,0.312,0.541,0.873,1.324,1.874,2.565,3.414,4.398,5.524,6.693,7.782,8.652,9.265,9.541,9.540,9.360,9.161,9.032,9.050,9.216,9.249,9.253,9.238,9.200,9.134,9.039,8.911,8.750,8.527,8.204,7.815
SANX,0.050,0.173,0.385,0.708,1.129,1.666,2.311,3.016,3.788,4.590,5.338,5.934,6.354,6.544,6.543,6.420,6.283,6.195,6.207,6.320,6.344,6.346,6.336,6.310,6.265,6.199,6.112,6.001,5.848,5.627,5.360
SBAR,1.479,2.319,3.429,4.847,6.489,8.536,11.097,14.179,17.808,21.579,25.091,27.895,29.871,30.761,30.757,30.177,29.535,29.120,29.179,29.712,29.821,29.833,29.785,29.661,29.449,29.143,28.730,28.212,27.493,26.450,25.197
SEAB1,1.803,2.986,4.636,6.828,9.450,12.735,16.802,21.576,27.097,32.835,38.179,42.446,45.452,46.806,46.801,45.918,44.942,44.310,44.399,45.211,45.377,45.395,45.321,45.134,44.811,44.344,43.717,42.928,41.834,40.247,38.341
SELL_1,1.153,1.965,3.123,4.685,6.574,8.948,11.874,15.278,19.188,23.250,27.035,30.057,32.185,33.144,33.140,32.515,31.824,31.376,31.439,32.014,32.131,32.145,32.092,31.959,31.731,31.400,30.956,30.397,29.623,28.499,27.149
SFEG_P,0.010,0.100,0.270,0.535,0.887,1.336,1.874,2.454,3.082,3.735,4.342,4.828,5.170,5.324,5.323,5.223,5.112,5.040,5.050,5.142,5.161,5.163,5.155,5.133,5.097,5.044,4.972,4.882,4.758,4.578,4.361
SFIL_P,0.010,0.025,0.058,0.108,0.175,0.259,0.360,0.470,0.590,0.715,0.832,0.925,0.990,1.020,1.019,1.000,0.979,0.965,0.967,0.985,0.988,0.989,0.987,0.983,0.976,0.966,0.952,0.935,0.911,0.877,0.835
SHEC_3,0.229,0.302,0.366,0.418,0.448,0.479,0.534,0.643,0.808,0.979,1.139,1.266,1.355,1.396,1.396,1.369,1.340,1.321,1.324,1.348,1.353,1.354,1.352,1.346,1.336,1.322,1.304,1.280,1.248,1.200,1.143
SHIN_P,0.000,0.011,0.020,0.034,0.052,0.074,0.101,0.131,0.165,0.199,0.232,0.258,0.276,0.284,0.284,0.279,0.273,0.269,0.270,0.275,0.276,0.276,0.275,0.274,0.272,0.269,0.266,0.261,0.254,0.244,0.233
SHRU,0.140,0.301,0.565,0.950,1.440,2.060,2.813,3.653,4.588,5.559,6.464,7.187,7.696,7.925,7.924,7.775,7.609,7.502,7.518,7.655,7.683,7.686,7.674,7.642,7.587,7.508,7.402,7.268,7.083,6.815,6.492
SHRW_1,0.000,0.306,0.873,1.762,2.947,4.459,6.268,8.213,10.315,12.499,14.534,16.158,17.302,17.818,17.816,17.480,17.108,16.867,16.901,17.210,17.274,17.281,17.252,17.181,17.058,16.881,16.642,16.341,15.925,15.321,14.595
SIGH,0.640,0.855,1.070,1.267,1.423,1.602,1.864,2.288,2.873,3.481,4.048,4.500,4.819,4.963,4.962,4.869,4.765,4.698,4.707,4.793,4.811,4.813,4.805,4.785,4.751,4.702,4.635,4.551,4.435,4.267,4.065
SJOW_1,3.555,4.601,5.469,6.052,6.233,6.349,6.757,7.985,10.028,12.151,14.129,15.708,16.821,17.322,17.320,16.993,16.632,16.398,16.431,16.731,16.793,16.800,16.772,16.703,16.583,16.411,16.178,15.886,15.482,14.895,14.189
SKLGB1,2.083,3.943,6.764,10.729,15.668,21.903,29.517,38.169,47.938,58.087,67.542,75.091,80.408,82.804,82.795,81.233,79.506,78.388,78.546,79.981,80.275,80.308,80.177,79.845,79.274,78.449,77.339,75.943,74.007,71.201,67.828
SLOY_P,0.000,0.034,0.090,0.179,0.296,0.445,0.625,0.818,1.027,1.244,1.447,1.609,1.723,1.774,1.774,1.740,1.703,1.679,1.683,1.714,1.720,1.721,1.718,1.711,1.698,1.681,1.657,1.627,1.586,1.525,1.453
SMAN_1,1.121,2.424,4.502,7.514,11.342,16.191,22.075,28.653,35.986,43.605,50.703,56.370,60.361,62.160,62.153,60.981,59.684,58.845,58.963,60.041,60.262,60.287,60.188,59.939,59.510,58.891,58.058,57.009,55.556,53.450,50.918
SPAV,0.180,0.312,0.503,0.763,1.079,1.478,1.967,2.534,3.183,3.856,4.484,4.985,5.338,5.497,5.497,5.393,5.278,5.204,5.215,5.310,5.329,5.332,5.323,5.301,5.263,5.208,5.135,5.042,4.913,4.727,4.503
SPEN_1,0.870,1.874,3.474,5.791,8.735,12.463,16.988,22.048,27.691,33.554,39.016,43.376,46.447,47.831,47.826,46.924,45.926,45.280,45.372,46.201,46.371,46.390,46.314,46.122,45.792,45.316,44.674,43.868,42.750,41.129,39.180
SSHI_3,0.154,0.230,0.326,0.443,0.573,0.733,0.937,1.190,1.494,1.811,2.105,2.341,2.506,2.581,2.581,2.532,2.478,2.443,2.448,2.493,2.502,2.503,2.499,2.489,2.471,2.445,2.411,2.367,2.307,2.219,2.114
STAL_1,1.163,1.996,3.188,4.803,6.762,9.223,12.254,15.773,19.810,24.004,27.911,31.031,33.228,34.218,34.214,33.569,32.855,32.393,32.458,33.052,33.173,33.187,33.132,32.995,32.759,32.418,31.960,31.383,30.583,29.423,28.029
STAY_1,1.733,2.610,3.713,5.064,6.574,8.445,10.814,13.747,17.265,20.921,24.326,27.045,28.960,29.823,29.820,29.257,28.635,28.232,28.289,28.806,28.912,28.924,28.877,28.757,28.552,28.254,27.855,27.352,26.655,25.644,24.429
STEN_1,0.555,1.316,2.560,4.387,6.732,9.705,13.303,17.297,21.723,26.322,30.607,34.028,36.437,37.523,37.519,36.811,36.029,35.522,35.593,36.244,36.377,36.392,36.333,36.182,35.923,35.550,35.047,34.414,33.537,32.265,30.737
STES_1,0.535,0.937,1.521,2.319,3.294,4.521,6.029,7.769,9.758,11.824,13.748,15.285,16.367,16.855,16.853,16.535,16.183,15.956,15.988,16.280,16.340,16.347,16.320,16.253,16.136,15.968,15.742,15.458,15.064,14.493,13.806
STHA,0.210,0.401,0.680,1.071,1.557,2.170,2.919,3.773,4.739,5.742,6.677,7.423,7.948,8.185,8.184,8.030,7.859,7.749,7.764,7.906,7.935,7.939,7.925,7.893,7.836,7.755,7.645,7.507,7.316,7.038,6.705
STIR,0.360,0.606,0.955,1.426,1.992,2.704,3.582,4.606,5.785,7.009,8.150,9.061,9.703,9.992,9.991,9.802,9.594,9.459,9.478,9.651,9.687,9.691,9.675,9.635,9.566,9.466,9.332,9.164,8.930,8.592,8.185
STLE,0.230,0.393,0.617,0.916,1.276,1.727,2.284,2.936,3.687,4.468,5.195,5.776,6.184,6.369,6.368,6.248,6.115,6.029,6.041,6.152,6.174,6.177,6.167,6.141,6.097,6.034,5.948,5.841,5.692,5.476,5.217
SUND_1,3.926,5.921,8.435,11.517,14.969,19.246,24.659,31.353,39.376,47.713,55.480,61.681,66.048,68.016,68.009,66.726,65.307,64.388,64.518,65.697,65.939,65.966,65.858,65.585,65.116,64.439,63.527,62.380,60.790,58.485,55.714
SWAN_1,2.583,4.956,8.576,13.683,20.063,28.119,37.949,49.096,61.660,74.715,86.877,96.587,103.426,106.508,106.496,104.488,102.266,100.827,101.031,102.877,103.255,103.298,103.129,102.702,101.967,100.906,99.479,97.682,95.193,91.583,87.245
TARL_P,0.060,0.124,0.218,0.351,0.518,0.728,0.985,1.276,1.602,1.942,2.258,2.510,2.688,2.768,2.767,2.715,2.657,2.620,2.625,2.673,2.683,2.684,2.680,2.669,2.650,2.622,2.585,2.538,2.474,2.380,2.267
TAUN1,2.614,3.551,4.500,5.416,6.200,7.115,8.407,10.377,13.032,15.791,18.362,20.414,21.859,22.511,22.508,22.084,21.614,21.310,21.353,21.743,21.823,21.832,21.797,21.706,21.551,21.327,21.025,20.645,20.119,19.357,18.439
TAYN_P,0.060,0.113,0.198,0.320,0.472,0.665,0.899,1.165,1.463,1.772,2.061,2.291,2.453,2.526,2.526,2.479,2.426,2.392,2.397,2.440,2.449,2.450,2.446,2.436,2.419,2.394,2.360,2.317,2.258,2.172,2.070
TELR,0.110,0.268,0.527,0.908,1.399,2.021,2.774,3.608,4.532,5.491,6.385,7.099,7.601,7.828,7.827,7.679,7.516,7.410,7.425,7.561,7.589,7.592,7.579,7.548,7.494,7.416,7.311,7.179,6.996,6.731,6.412
TEMP_3,0.039,0.142,0.322,0.595,0.953,1.408,1.955,2.552,3.206,3.884,4.516,5.021,5.377,5.537,5.536,5.432,5.317,5.242,5.252,5.348,5.368,5.370,5.361,5.339,5.301,5.246,5.172,5.078,4.949,4.761,4.536
THOM_6,2.421,3.714,5.381,7.464,9.837,12.785,16.495,21.022,26.402,31.992,37.200,41.358,44.286,45.606,45.601,44.741,43.790,43.174,43.261,44.051,44.213,44.231,44.159,43.976,43.662,43.207,42.596,41.827,40.761,39.215,37.358
THSO_P,0.090,0.221,0.433,0.745,1.144,1.652,2.266,2.947,3.701,4.484,5.214,5.797,6.207,6.392,6.392,6.271,6.138,6.051,6.063,6.174,6.197,6.199,6.189,6.164,6.120,6.056,5.970,5.862,5.713,5.496,5.236
THUR_6,1.853,2.760,3.883,5.238,6.734,8.584,10.935,13.877,17.428,21.118,24.555,27.300,29.233,30.104,30.101,29.533,28.905,28.498,28.556,29.078,29.184,29.197,29.149,29.028,28.821,28.521,28.117,27.609,26.906,25.886,24.659
TILBB_1,0.893,1.388,2.037,2.860,3.807,4.987,6.465,8.253,10.365,12.560,14.604,16.237,17.386,17.904,17.902,17.565,17.191,16.949,16.984,17.294,17.357,17.365,17.336,17.264,17.141,16.963,16.723,16.421,16.002,15.395,14.666
TONG;CAFA;EAST;GLLE;KEOO,0.130,0.230,0.368,0.556,0.784,1.071,1.425,1.834,2.304,2.792,3.246,3.609,3.865,3.980,3.979,3.904,3.821,3.767,3.775,3.844,3.858,3.860,3.853,3.837,3.810,3.770,3.717,3.650,3.557,3.422,3.260
TOTT_1,2.748,3.930,5.293,6.828,8.414,10.348,12.869,16.191,20.335,24.640,28.651,31.853,34.108,35.125,35.121,34.458,33.726,33.251,33.318,33.927,34.052,34.066,34.010,33.869,33.627,33.277,32.806,32.214,31.393,30.203,28.772
TRAW_1,0.494,1.000,1.788,2.915,4.335,6.132,8.317,10.778,13.536,16.402,19.072,21.203,22.704,23.381,23.378,22.937,22.450,22.134,22.179,22.584,22.667,22.676,22.639,22.545,22.384,22.151,21.838,21.443,20.897,20.105,19.152
TUMB_P,0.030,0.061,0.114,0.193,0.292,0.419,0.572,0.743,0.933,1.131,1.315,1.462,1.565,1.612,1.612,1.581,1.548,1.526,1.529,1.557,1.563,1.563,1.561,1.554,1.543,1.527,1.505,1.478,1.441,1.386,1.320
TYNE_1;TYNE_2,0.455,1.048,2.011,3.420,5.224,7.510,10.279,13.358,16.777,20.329,23.638,26.280,28.141,28.979,28.976,28.430,27.825,27.434,27.489,27.991,28.094,28.106,28.060,27.944,27.744,27.455,27.067,26.578,25.901,24.919,23.738
UPPB_1;UPPB_3,1.175,2.176,3.677,5.774,8.373,11.651,15.661,20.235,25.413,30.794,35.806,39.808,42.627,43.897,43.892,43.064,42.149,41.556,41.639,42.400,42.556,42.574,42.504,42.328,42.026,41.588,41.000,40.259,39.234,37.746,35.958
USKM_1;ALST_3,0.994,1.950,3.421,5.509,8.127,11.435,15.467,20.025,25.149,30.474,35.434,39.394,42.184,43.441,43.436,42.617,41.711,41.124,41.207,41.960,42.114,42.131,42.062,41.888,41.589,41.156,40.574,39.841,38.826,37.353,35.584
WALH_1,6.660,9.432,12.563,16.012,19.496,23.724,29.285,36.746,46.150,55.921,65.024,72.291,77.410,79.717,79.708,78.204,76.541,75.465,75.617,76.999,77.282,77.314,77.187,76.868,76.318,75.524,74.455,73.111,71.248,68.546,65.299
WALP_1,4.496,6.153,7.870,9.578,11.102,12.900,15.390,19.068,23.947,29.017,33.741,37.512,40.168,41.365,41.360,40.580,39.717,39.159,39.238,39.955,40.102,40.118,40.052,39.887,39.601,39.189,38.635,37.937,36.970,35.569,33.883
WALP_B,0.000,0.765,2.184,4.407,7.372,11.156,15.680,20.548,25.806,31.270,36.360,40.424,43.286,44.576,44.571,43.730,42.801,42.198,42.283,43.056,43.214,43.232,43.162,42.983,42.676,42.231,41.634,40.882,39.840,38.330,36.514
WARL_1,1.847,3.288,5.402,8.312,11.882,16.379,21.896,28.240,35.467,42.976,49.972,55.557,59.491,61.264,61.257,60.102,58.824,57.996,58.113,59.175,59.393,59.417,59.320,59.074,58.652,58.042,57.220,56.187,54.755,52.679,50.183
WASF_1;KIBY_G,0.543,1.270,2.454,4.192,6.419,9.242,12.659,16.457,20.668,25.044,29.120,32.375,34.668,35.700,35.697,35.023,34.278,33.797,33.865,34.484,34.610,34.625,34.568,34.425,34.178,33.823,33.345,32.743,31.908,30.698,29.244
WATFS_1,2.976,4.741,7.115,10.185,13.780,18.270,23.866,30.546,38.364,46.486,54.053,60.094,64.349,66.267,66.260,65.010,63.628,62.732,62.859,64.008,64.243,64.269,64.164,63.899,63.442,62.781,61.893,60.776,59.227,56.981,54.282
WBOL_6,0.648,1.357,2.476,4.088,6.130,8.713,11.853,15.373,19.307,23.395,27.203,30.243,32.385,33.350,33.346,32.717,32.022,31.571,31.635,32.213,32.331,32.345,32.292,32.158,31.928,31.596,31.149,30.586,29.807,28.677,27.318
WBUR_1,1.613,2.584,3.897,5.602,7.605,10.109,13.226,16.937,21.271,25.775,29.970,33.320,35.679,36.742,36.738,36.045,35.279,34.783,34.853,35.490,35.620,35.635,35.577,35.429,35.176,34.810,34.317,33.698,32.839,31.594,30.097
WFIE,0.200,0.286,0.387,0.502,0.623,0.770,0.961,1.211,1.520,1.842,2.142,2.382,2.550,2.626,2.626,2.576,2.522,2.486,2.491,2.537,2.546,2.547,2.543,2.532,2.514,2.488,2.453,2.409,2.347,2.258,2.151
WGEO,0.020,0.036,0.068,0.116,0.176,0.252,0.344,0.447,0.562,0.681,0.791,0.880,0.942,0.970,0.970,0.952,0.932,0.919,0.920,0.937,0.941,0.941,0.940,0.936,0.929,0.919,0.906,0.890,0.867,0.834,0.795
WHAM_1;ISLI_1,2.862,4.119,6.851,8.676,10.494,12.694,15.602,19.547,24.549,29.747,34.588,38.455,41.178,42.404,42.400,41.600,40.716,40.142,40.224,40.959,41.109,41.127,41.059,40.889,40.597,40.174,39.606,38.891,37.899,36.463,34.735
WHGA_1,0.641,1.481,2.843,4.838,7.392,10.629,14.550,18.909,23.748,28.776,33.460,37.200,39.834,41.021,41.016,40.243,39.387,38.833,38.911,39.622,39.768,39.784,39.719,39.555,39.272,38.863,38.314,37.622,36.663,35.273,33.602
WHHO,0.220,0.360,0.550,0.798,1.093,1.461,1.919,2.460,3.090,3.744,4.354,4.841,5.183,5.338,5.337,5.236,5.125,5.053,5.063,5.156,5.175,5.177,5.168,5.147,5.110,5.057,4.985,4.895,4.771,4.590,4.372
WIBA_3,0.053,0.129,0.255,0.440,0.678,0.980,1.346,1.751,2.199,2.664,3.098,3.444,3.688,3.798,3.797,3.726,3.646,3.595,3.602,3.668,3.682,3.683,3.677,3.662,3.636,3.598,3.547,3.483,3.394,3.266,3.111
WIEN_1,1.095,1.877,2.999,4.517,6.359,8.673,11.523,14.832,18.628,22.571,26.246,29.179,31.245,32.176,32.173,31.566,30.895,30.460,30.521,31.079,31.193,31.206,31.155,31.026,30.804,30.484,30.053,29.510,28.758,27.667,26.357
WILL_1,4.479,7.060,10.493,14.893,20.011,26.396,34.371,43.944,55.190,66.876,77.762,86.453,92.574,95.333,95.322,93.524,91.536,90.248,90.430,92.082,92.421,92.459,92.308,91.926,91.268,90.318,89.041,87.433,85.205,81.974,78.090
WIMBS1;WIMBN1,6.289,8.613,11.024,13.430,15.582,18.123,21.640,26.818,33.681,40.812,47.456,52.759,56.495,58.179,58.172,57.075,55.862,55.076,55.187,56.195,56.402,56.425,56.333,56.100,55.698,55.119,54.339,53.358,51.998,50.026,47.656
WIOW_P,0.040,0.155,0.348,0.642,1.027,1.516,2.105,2.748,3.451,4.181,4.862,5.406,5.788,5.961,5.960,5.848,5.723,5.643,5.654,5.757,5.779,5.781,5.772,5.748,5.707,5.647,5.567,5.467,5.327,5.125,4.883
WISD_6;WISD_1;ACTL_C,4.068,5.327,6.436,7.284,7.733,8.173,9.007,10.808,13.574,16.448,19.124,21.262,22.768,23.446,23.443,23.001,22.512,22.195,22.240,22.646,22.730,22.739,22.702,22.608,22.446,22.213,21.898,21.503,20.955,20.160,19.205
WISH;RAVE,0.360,0.633,1.038,1.595,2.279,3.139,4.195,5.410,6.795,8.233,9.572,10.643,11.397,11.736,11.735,11.513,11.268,11.110,11.132,11.336,11.377,11.383,11.363,11.317,11.236,11.119,10.962,10.764,10.489,10.092,9.613
WMEL_1,2.109,3.877,6.520,10.199,14.752,20.494,27.520,35.546,44.643,54.095,62.901,69.931,74.882,77.114,77.105,75.651,74.042,73.001,73.148,74.485,74.758,74.789,74.667,74.358,73.826,73.058,72.024,70.723,68.921,66.308,63.167
WOHI_P,0.060,0.125,0.223,0.363,0.539,0.763,1.034,1.340,1.683,2.040,2.372,2.637,2.824,2.908,2.907,2.853,2.792,2.753,2.758,2.809,2.819,2.820,2.815,2.804,2.784,2.755,2.716,2.667,2.599,2.500,2.382
WTHU31,0.128,0.503,1.160,2.162,3.478,5.152,7.164,9.357,11.751,14.239,16.557,18.407,19.711,20.298,20.296,19.913,19.489,19.215,19.254,19.606,19.678,19.686,19.654,19.572,19.432,19.230,18.958,18.616,18.141,17.454,16.627
WWEY_1,3.855,5.717,8.008,10.754,13.771,17.495,22.241,28.201,35.418,42.917,49.903,55.481,59.409,61.179,61.173,60.019,58.743,57.916,58.033,59.094,59.311,59.335,59.238,58.993,58.571,57.962,57.142,56.110,54.680,52.607,50.114
WYLF_1,0.465,0.669,0.908,1.181,1.466,1.816,2.269,2.860,3.592,4.352,5.061,5.626,6.025,6.204,6.203,6.086,5.957,5.873,5.885,5.993,6.015,6.017,6.007,5.982,5.940,5.878,5.795,5.690,5.545,5.335,5.082
WYMOM_1,1.655,2.855,4.583,6.928,9.778,13.361,17.772,22.884,28.740,34.825,40.494,45.019,48.207,49.643,49.638,48.702,47.666,46.996,47.090,47.951,48.127,48.147,48.068,47.869,47.527,47.032,46.367,45.530,44.369,42.687,40.665
