Region,2019,2020,2021,2022,2023,2024,2025,2026,2027,2028,2029,2030,2031,2032,2033,2034,2035,2036,2037,2038,2039,2040,2041,2042,2043,2044,2045,2046,2047,2048,2049,2050
ABHA1,0.127,0.148,0.169,0.193,0.219,0.254,0.283,0.327,0.373,0.422,0.501,0.548,0.599,0.652,0.720,0.793,0.877,0.969,1.068,1.175,1.291,1.431,1.585,1.776,1.989,2.163,2.347,2.537,2.740,2.947,3.160,3.392
ABNE_P,0.025,0.029,0.033,0.037,0.042,0.049,0.055,0.063,0.072,0.081,0.097,0.106,0.116,0.126,0.139,0.153,0.169,0.187,0.206,0.227,0.249,0.276,0.306,0.343,0.384,0.418,0.453,0.490,0.529,0.569,0.610,0.655
ABTH_1,0.173,0.201,0.230,0.262,0.299,0.346,0.386,0.445,0.508,0.574,0.683,0.747,0.815,0.888,0.981,1.081,1.195,1.319,1.454,1.600,1.758,1.949,2.158,2.419,2.709,2.946,3.197,3.456,3.731,4.014,4.304,4.620
ACTL_2;CBNK_H;GREE_H;PERI_H,0.061,0.070,0.080,0.092,0.104,0.121,0.135,0.156,0.177,0.200,0.238,0.261,0.284,0.310,0.343,0.377,0.418,0.461,0.507,0.558,0.613,0.681,0.753,0.845,0.945,1.028,1.116,1.206,1.302,1.400,1.503,1.613
ALNE_P,0.015,0.018,0.020,0.023,0.026,0.030,0.034,0.039,0.044,0.050,0.060,0.065,0.071,0.078,0.086,0.094,0.104,0.115,0.127,0.140,0.153,0.170,0.188,0.211,0.236,0.257,0.279,0.302,0.326,0.350,0.376,0.403
ALVE1,0.114,0.133,0.152,0.173,0.197,0.228,0.254,0.293,0.335,0.378,0.450,0.492,0.537,0.585,0.646,0.712,0.787,0.869,0.958,1.054,1.158,1.283,1.421,1.593,1.784,1.940,2.105,2.276,2.457,2.643,2.834,3.042
AMEM_1,0.039,0.046,0.052,0.060,0.068,0.078,0.088,0.101,0.115,0.130,0.155,0.169,0.185,0.202,0.223,0.245,0.271,0.299,0.330,0.363,0.399,0.442,0.490,0.549,0.614,0.668,0.725,0.784,0.846,0.910,0.976,1.048
ARBR_P,0.015,0.017,0.020,0.023,0.026,0.030,0.034,0.039,0.044,0.050,0.059,0.065,0.071,0.077,0.085,0.094,0.104,0.115,0.126,0.139,0.153,0.169,0.187,0.210,0.235,0.256,0.277,0.300,0.324,0.348,0.374,0.401
ARDK_P;CLAC_P,0.002,0.002,0.002,0.002,0.003,0.003,0.004,0.004,0.005,0.005,0.006,0.007,0.008,0.008,0.009,0.010,0.011,0.012,0.014,0.015,0.016,0.018,0.020,0.023,0.025,0.028,0.030,0.032,0.035,0.038,0.040,0.043
ARMO_P,0.020,0.023,0.026,0.030,0.034,0.039,0.044,0.051,0.058,0.065,0.077,0.085,0.093,0.101,0.111,0.123,0.136,0.150,0.165,0.182,0.200,0.221,0.245,0.275,0.307,0.334,0.363,0.392,0.423,0.455,0.488,0.524
AXMI1,0.098,0.114,0.130,0.148,0.169,0.196,0.218,0.252,0.287,0.325,0.386,0.422,0.461,0.502,0.555,0.611,0.676,0.746,0.822,0.905,0.994,1.102,1.221,1.368,1.532,1.666,1.808,1.954,2.110,2.270,2.434,2.613
AYRR,0.020,0.023,0.026,0.030,0.034,0.039,0.044,0.050,0.057,0.065,0.077,0.084,0.092,0.100,0.111,0.122,0.135,0.149,0.164,0.181,0.198,0.220,0.244,0.273,0.306,0.332,0.361,0.390,0.421,0.453,0.486,0.521
BAGA,0.020,0.022,0.026,0.029,0.033,0.038,0.043,0.049,0.056,0.064,0.076,0.083,0.090,0.098,0.109,0.120,0.132,0.146,0.161,0.177,0.195,0.216,0.239,0.268,0.300,0.327,0.354,0.383,0.414,0.445,0.477,0.512
BAIN,0.014,0.015,0.017,0.019,0.022,0.026,0.029,0.033,0.038,0.043,0.051,0.055,0.060,0.066,0.073,0.080,0.089,0.098,0.108,0.119,0.130,0.144,0.160,0.179,0.201,0.218,0.237,0.256,0.277,0.298,0.319,0.342
BARKC1;BARKW3,0.186,0.216,0.247,0.281,0.320,0.371,0.414,0.478,0.545,0.616,0.733,0.802,0.875,0.954,1.053,1.160,1.283,1.415,1.560,1.718,1.887,2.091,2.316,2.596,2.907,3.161,3.430,3.708,4.004,4.307,4.619,4.958
BEAU_P;ORRI_P,0.015,0.017,0.020,0.022,0.025,0.029,0.033,0.038,0.043,0.049,0.058,0.064,0.069,0.076,0.084,0.092,0.102,0.112,0.124,0.136,0.150,0.166,0.184,0.206,0.231,0.251,0.272,0.294,0.318,0.342,0.366,0.393
BEDDT1,0.069,0.081,0.092,0.105,0.120,0.139,0.155,0.178,0.203,0.230,0.273,0.299,0.327,0.356,0.393,0.433,0.479,0.528,0.582,0.641,0.704,0.780,0.864,0.969,1.085,1.180,1.280,1.384,1.494,1.607,1.724,1.850
BEDD_1,0.297,0.345,0.394,0.450,0.512,0.593,0.661,0.763,0.870,0.983,1.169,1.279,1.397,1.522,1.681,1.851,2.047,2.260,2.491,2.741,3.012,3.338,3.697,4.144,4.640,5.047,5.476,5.919,6.392,6.875,7.372,7.914
BERB_P;CAIF_P;DALL_P;GLEF_P;KEIT_P,0.021,0.024,0.028,0.032,0.036,0.042,0.047,0.054,0.061,0.069,0.083,0.090,0.099,0.107,0.119,0.131,0.145,0.160,0.176,0.194,0.213,0.236,0.261,0.293,0.328,0.356,0.387,0.418,0.451,0.485,0.521,0.559
BERW,0.008,0.009,0.010,0.012,0.013,0.015,0.017,0.020,0.022,0.025,0.030,0.033,0.036,0.039,0.043,0.048,0.053,0.058,0.064,0.071,0.078,0.086,0.095,0.107,0.120,0.130,0.141,0.153,0.165,0.177,0.190,0.204
BESW_1,0.162,0.188,0.214,0.244,0.278,0.322,0.359,0.415,0.473,0.535,0.636,0.696,0.760,0.828,0.914,1.007,1.113,1.229,1.355,1.491,1.638,1.815,2.010,2.254,2.523,2.744,2.978,3.219,3.476,3.739,4.009,4.304
BICF_1,0.108,0.125,0.143,0.163,0.185,0.215,0.239,0.276,0.315,0.356,0.423,0.463,0.506,0.551,0.609,0.670,0.741,0.818,0.902,0.992,1.090,1.209,1.338,1.500,1.680,1.827,1.982,2.143,2.314,2.489,2.669,2.865
BIRK_1,0.156,0.181,0.207,0.236,0.268,0.311,0.347,0.400,0.457,0.516,0.613,0.671,0.733,0.798,0.882,0.971,1.074,1.185,1.307,1.438,1.580,1.751,1.939,2.174,2.434,2.647,2.872,3.105,3.353,3.606,3.867,4.151
BISW_1,0.247,0.287,0.328,0.374,0.426,0.494,0.551,0.635,0.725,0.819,0.974,1.066,1.163,1.268,1.400,1.542,1.705,1.882,2.075,2.284,2.509,2.781,3.080,3.452,3.865,4.204,4.561,4.931,5.324,5.727,6.141,6.593
BLYTB1,0.118,0.138,0.157,0.179,0.204,0.236,0.264,0.304,0.347,0.392,0.466,0.510,0.557,0.607,0.670,0.738,0.816,0.901,0.993,1.093,1.200,1.331,1.474,1.652,1.850,2.012,2.183,2.359,2.548,2.741,2.939,3.155
BLYTH132,0.037,0.043,0.049,0.056,0.063,0.073,0.082,0.094,0.108,0.122,0.145,0.158,0.173,0.188,0.208,0.229,0.253,0.279,0.308,0.339,0.372,0.413,0.457,0.512,0.574,0.624,0.677,0.732,0.790,0.850,0.912,0.979
BOAG_P,0.009,0.010,0.011,0.013,0.014,0.017,0.019,0.021,0.024,0.028,0.033,0.036,0.039,0.043,0.047,0.052,0.058,0.064,0.070,0.077,0.085,0.094,0.104,0.117,0.131,0.142,0.154,0.166,0.180,0.193,0.207,0.223
BOLN_1,0.491,0.570,0.651,0.742,0.845,0.979,1.092,1.260,1.437,1.624,1.931,2.113,2.307,2.513,2.776,3.057,3.381,3.732,4.114,4.527,4.974,5.513,6.106,6.845,7.664,8.335,9.044,9.776,10.556,11.355,12.176,13.071
BONN,0.033,0.037,0.042,0.048,0.055,0.064,0.071,0.082,0.094,0.106,0.126,0.138,0.150,0.164,0.181,0.199,0.220,0.243,0.268,0.295,0.324,0.359,0.398,0.446,0.499,0.543,0.589,0.637,0.688,0.740,0.793,0.851
BOTW_1,0.096,0.111,0.127,0.145,0.165,0.191,0.213,0.246,0.281,0.317,0.377,0.412,0.450,0.491,0.542,0.597,0.660,0.728,0.803,0.884,0.971,1.076,1.192,1.336,1.496,1.627,1.765,1.908,2.060,2.216,2.376,2.551
BRAC_P,0.020,0.023,0.026,0.030,0.034,0.039,0.043,0.050,0.057,0.065,0.077,0.084,0.092,0.100,0.111,0.122,0.135,0.149,0.164,0.180,0.198,0.220,0.243,0.273,0.305,0.332,0.360,0.389,0.420,0.452,0.485,0.520
BRAI_1,0.144,0.167,0.191,0.217,0.247,0.287,0.320,0.369,0.421,0.476,0.566,0.619,0.676,0.736,0.813,0.895,0.990,1.093,1.205,1.326,1.457,1.615,1.788,2.004,2.244,2.441,2.648,2.863,3.091,3.325,3.566,3.828
BRAP,0.014,0.016,0.019,0.021,0.024,0.028,0.032,0.036,0.042,0.047,0.056,0.061,0.067,0.073,0.080,0.088,0.098,0.108,0.119,0.131,0.144,0.159,0.177,0.198,0.222,0.241,0.262,0.283,0.305,0.328,0.352,0.378
BRAW_1,0.223,0.259,0.296,0.338,0.384,0.445,0.496,0.573,0.654,0.739,0.878,0.961,1.049,1.143,1.262,1.390,1.537,1.697,1.871,2.059,2.262,2.507,2.776,3.112,3.485,3.790,4.112,4.445,4.800,5.163,5.537,5.943
BRED_1,0.172,0.200,0.229,0.261,0.297,0.344,0.383,0.442,0.505,0.570,0.678,0.742,0.810,0.882,0.975,1.073,1.187,1.310,1.444,1.589,1.746,1.936,2.144,2.403,2.691,2.926,3.175,3.432,3.706,3.986,4.275,4.589
BRFO_1;CLT03,0.411,0.478,0.546,0.623,0.709,0.821,0.916,1.056,1.206,1.362,1.620,1.772,1.935,2.108,2.328,2.565,2.836,3.130,3.451,3.798,4.172,4.625,5.121,5.741,6.429,6.992,7.585,8.200,8.855,9.525,10.213,10.964
BRID_P,0.013,0.014,0.016,0.019,0.021,0.025,0.027,0.032,0.036,0.041,0.048,0.053,0.058,0.063,0.070,0.077,0.085,0.094,0.103,0.114,0.125,0.138,0.153,0.172,0.192,0.209,0.227,0.245,0.265,0.285,0.305,0.328
BRIM_1,0.194,0.226,0.258,0.294,0.335,0.387,0.432,0.499,0.569,0.643,0.765,0.837,0.913,0.995,1.099,1.210,1.339,1.478,1.629,1.793,1.969,2.183,2.418,2.710,3.034,3.300,3.581,3.871,4.180,4.496,4.821,5.175
BROA_P,0.005,0.006,0.007,0.008,0.009,0.010,0.011,0.013,0.015,0.017,0.020,0.022,0.024,0.026,0.029,0.031,0.035,0.038,0.042,0.046,0.051,0.057,0.063,0.070,0.079,0.086,0.093,0.100,0.108,0.117,0.125,0.134
BROR_P,0.003,0.004,0.004,0.005,0.005,0.006,0.007,0.008,0.009,0.010,0.012,0.013,0.014,0.016,0.017,0.019,0.021,0.023,0.025,0.028,0.031,0.034,0.038,0.042,0.047,0.052,0.056,0.061,0.065,0.070,0.075,0.081
BROX,0.025,0.029,0.033,0.037,0.043,0.049,0.055,0.063,0.072,0.082,0.097,0.107,0.116,0.127,0.140,0.154,0.170,0.188,0.207,0.228,0.251,0.278,0.308,0.345,0.386,0.420,0.456,0.493,0.532,0.572,0.614,0.659
BRWA1,0.111,0.129,0.147,0.168,0.191,0.221,0.247,0.284,0.325,0.367,0.436,0.477,0.521,0.567,0.627,0.690,0.763,0.843,0.929,1.022,1.123,1.245,1.379,1.545,1.730,1.882,2.042,2.207,2.383,2.564,2.749,2.951
BUMU_P,0.020,0.023,0.026,0.030,0.034,0.039,0.044,0.051,0.058,0.065,0.078,0.085,0.093,0.101,0.111,0.123,0.136,0.150,0.165,0.182,0.200,0.221,0.245,0.275,0.308,0.335,0.363,0.393,0.424,0.456,0.489,0.525
BURM_1,0.221,0.257,0.293,0.334,0.380,0.441,0.492,0.567,0.647,0.731,0.870,0.951,1.039,1.132,1.250,1.376,1.522,1.680,1.852,2.038,2.239,2.482,2.749,3.082,3.450,3.753,4.072,4.401,4.753,5.112,5.482,5.885
BUSH_1,0.101,0.117,0.134,0.152,0.173,0.201,0.224,0.258,0.295,0.333,0.396,0.433,0.473,0.516,0.569,0.627,0.693,0.765,0.844,0.929,1.020,1.131,1.252,1.404,1.572,1.710,1.855,2.005,2.165,2.329,2.497,2.681
BUST_1,0.230,0.267,0.306,0.348,0.397,0.459,0.513,0.591,0.675,0.762,0.907,0.992,1.083,1.180,1.303,1.435,1.587,1.752,1.931,2.125,2.335,2.588,2.866,3.213,3.598,3.913,4.245,4.589,4.955,5.330,5.716,6.136
CAAD_P,0.009,0.010,0.012,0.013,0.015,0.017,0.019,0.022,0.026,0.029,0.034,0.038,0.041,0.045,0.049,0.054,0.060,0.066,0.073,0.081,0.089,0.098,0.109,0.122,0.137,0.149,0.161,0.174,0.188,0.202,0.217,0.233
CAMB_01,0.019,0.022,0.026,0.029,0.033,0.039,0.043,0.050,0.057,0.064,0.076,0.083,0.091,0.099,0.109,0.120,0.133,0.147,0.162,0.178,0.196,0.217,0.240,0.269,0.302,0.328,0.356,0.385,0.416,0.447,0.479,0.515
CANTN1;RICH1;RICH_J,0.232,0.269,0.307,0.350,0.399,0.461,0.515,0.595,0.678,0.766,0.912,0.997,1.089,1.186,1.310,1.442,1.596,1.761,1.942,2.137,2.347,2.602,2.882,3.230,3.616,3.933,4.268,4.614,4.982,5.359,5.746,6.168
CAPEA1,0.179,0.207,0.237,0.270,0.308,0.356,0.397,0.459,0.523,0.591,0.703,0.769,0.840,0.915,1.011,1.113,1.231,1.359,1.498,1.648,1.811,2.007,2.223,2.492,2.790,3.034,3.292,3.559,3.843,4.134,4.433,4.758
CARE_1,0.065,0.076,0.087,0.099,0.112,0.130,0.145,0.168,0.191,0.216,0.257,0.281,0.307,0.334,0.369,0.407,0.450,0.496,0.547,0.602,0.661,0.733,0.812,0.910,1.019,1.108,1.203,1.300,1.404,1.510,1.619,1.738
CARR_1,0.184,0.213,0.244,0.278,0.316,0.366,0.409,0.472,0.538,0.608,0.723,0.791,0.864,0.941,1.039,1.145,1.266,1.397,1.541,1.695,1.863,2.065,2.286,2.563,2.870,3.121,3.386,3.661,3.953,4.252,4.559,4.894
CASS_P,0.000,0.000,0.001,0.001,0.001,0.001,0.001,0.001,0.001,0.001,0.001,0.002,0.002,0.002,0.002,0.002,0.003,0.003,0.003,0.004,0.004,0.004,0.005,0.005,0.006,0.006,0.007,0.008,0.008,0.009,0.009,0.010
CATY,0.010,0.011,0.013,0.014,0.016,0.019,0.021,0.025,0.028,0.032,0.038,0.041,0.045,0.049,0.054,0.060,0.066,0.073,0.080,0.088,0.097,0.107,0.119,0.133,0.149,0.162,0.176,0.190,0.205,0.221,0.237,0.254
CEAN_P,0.001,0.001,0.001,0.001,0.001,0.001,0.002,0.002,0.002,0.002,0.003,0.003,0.004,0.004,0.004,0.005,0.005,0.006,0.006,0.007,0.008,0.008,0.009,0.010,0.012,0.013,0.014,0.015,0.016,0.017,0.019,0.020
CELL_1,0.428,0.497,0.568,0.648,0.738,0.854,0.953,1.100,1.255,1.418,1.686,1.845,2.014,2.194,2.423,2.669,2.951,3.258,3.592,3.952,4.342,4.813,5.330,5.975,6.690,7.276,7.894,8.533,9.215,9.912,10.628,11.409
CHAP,0.019,0.022,0.025,0.028,0.032,0.037,0.041,0.048,0.055,0.062,0.073,0.080,0.088,0.095,0.105,0.116,0.128,0.142,0.156,0.172,0.189,0.209,0.232,0.260,0.291,0.316,0.343,0.371,0.400,0.431,0.462,0.496
CHAR_P,0.015,0.017,0.019,0.022,0.025,0.029,0.033,0.038,0.043,0.049,0.058,0.063,0.069,0.075,0.083,0.092,0.101,0.112,0.123,0.136,0.149,0.165,0.183,0.205,0.230,0.250,0.271,0.293,0.316,0.340,0.365,0.391
CHAS,0.013,0.011,0.013,0.014,0.016,0.019,0.021,0.024,0.028,0.032,0.037,0.041,0.045,0.049,0.054,0.059,0.066,0.072,0.080,0.088,0.097,0.107,0.118,0.133,0.149,0.162,0.176,0.190,0.205,0.220,0.236,0.254
CHIC_1,0.049,0.056,0.064,0.074,0.084,0.097,0.108,0.125,0.142,0.161,0.191,0.209,0.228,0.249,0.275,0.303,0.335,0.370,0.407,0.448,0.493,0.546,0.605,0.678,0.759,0.825,0.896,0.968,1.045,1.124,1.206,1.294
CHSI_1,0.164,0.190,0.217,0.248,0.282,0.327,0.364,0.420,0.480,0.542,0.645,0.705,0.770,0.839,0.926,1.020,1.128,1.245,1.373,1.511,1.660,1.840,2.038,2.284,2.558,2.782,3.018,3.263,3.523,3.790,4.064,4.362
CHTE_1,0.295,0.342,0.391,0.446,0.508,0.588,0.656,0.757,0.864,0.976,1.161,1.270,1.386,1.510,1.668,1.837,2.032,2.243,2.473,2.721,2.989,3.313,3.669,4.113,4.606,5.009,5.435,5.875,6.344,6.824,7.317,7.855
CITR_1,0.166,0.192,0.220,0.251,0.285,0.330,0.369,0.425,0.485,0.548,0.652,0.713,0.779,0.848,0.937,1.032,1.141,1.260,1.389,1.528,1.679,1.861,2.061,2.310,2.587,2.814,3.053,3.300,3.563,3.833,4.110,4.412
CLAY_P,0.006,0.006,0.007,0.008,0.009,0.011,0.012,0.014,0.016,0.018,0.021,0.023,0.025,0.027,0.030,0.033,0.037,0.041,0.045,0.049,0.054,0.060,0.066,0.074,0.083,0.091,0.098,0.106,0.115,0.123,0.132,0.142
CLYM,0.032,0.037,0.042,0.048,0.055,0.063,0.070,0.081,0.093,0.105,0.125,0.136,0.149,0.162,0.179,0.197,0.218,0.241,0.265,0.292,0.321,0.356,0.394,0.442,0.495,0.538,0.584,0.631,0.681,0.733,0.786,0.843
COAT,0.027,0.031,0.035,0.040,0.046,0.053,0.059,0.069,0.078,0.088,0.105,0.115,0.126,0.137,0.151,0.167,0.184,0.203,0.224,0.247,0.271,0.300,0.333,0.373,0.418,0.454,0.493,0.533,0.575,0.619,0.663,0.712
COCK,0.022,0.026,0.029,0.033,0.038,0.044,0.049,0.057,0.065,0.073,0.087,0.095,0.104,0.113,0.125,0.138,0.152,0.168,0.185,0.204,0.224,0.248,0.275,0.308,0.345,0.375,0.407,0.440,0.475,0.511,0.548,0.588
CONQA1;SASA,0.172,0.199,0.227,0.259,0.295,0.341,0.382,0.440,0.502,0.567,0.675,0.738,0.805,0.878,0.969,1.068,1.182,1.304,1.438,1.581,1.738,1.926,2.133,2.391,2.678,2.911,3.159,3.415,3.687,3.967,4.254,4.566
COUA_P,0.012,0.014,0.015,0.018,0.020,0.023,0.026,0.030,0.034,0.039,0.046,0.050,0.055,0.060,0.066,0.073,0.080,0.089,0.098,0.108,0.118,0.131,0.145,0.163,0.182,0.198,0.215,0.232,0.251,0.270,0.289,0.310
COVE_1,0.292,0.339,0.387,0.441,0.502,0.581,0.649,0.748,0.854,0.965,1.148,1.256,1.371,1.494,1.649,1.817,2.009,2.217,2.445,2.690,2.956,3.276,3.628,4.067,4.554,4.953,5.374,5.809,6.273,6.747,7.235,7.767
COWL_1;ECLA_H,0.280,0.326,0.372,0.424,0.483,0.559,0.624,0.720,0.822,0.928,1.104,1.208,1.319,1.437,1.587,1.748,1.933,2.133,2.352,2.588,2.843,3.152,3.490,3.913,4.381,4.765,5.170,5.588,6.034,6.491,6.960,7.472
COYL,0.018,0.021,0.024,0.027,0.031,0.035,0.039,0.046,0.052,0.059,0.070,0.076,0.083,0.091,0.100,0.111,0.122,0.135,0.149,0.164,0.180,0.199,0.221,0.247,0.277,0.301,0.327,0.353,0.382,0.411,0.440,0.473
CRAI_P,0.016,0.018,0.021,0.024,0.027,0.031,0.035,0.040,0.046,0.052,0.061,0.067,0.073,0.080,0.088,0.097,0.108,0.119,0.131,0.144,0.158,0.176,0.194,0.218,0.244,0.265,0.288,0.311,0.336,0.362,0.388,0.416
CREB_1,0.264,0.307,0.350,0.399,0.455,0.527,0.587,0.678,0.773,0.874,1.039,1.137,1.241,1.352,1.494,1.645,1.819,2.008,2.214,2.436,2.676,2.967,3.285,3.683,4.124,4.485,4.866,5.260,5.680,6.110,6.551,7.033
CROO,0.045,0.051,0.058,0.067,0.076,0.088,0.098,0.113,0.129,0.146,0.174,0.190,0.208,0.226,0.250,0.275,0.304,0.336,0.371,0.408,0.448,0.496,0.550,0.616,0.690,0.750,0.815,0.880,0.951,1.023,1.097,1.177
CUMB,0.018,0.020,0.023,0.026,0.030,0.035,0.039,0.045,0.051,0.057,0.068,0.075,0.082,0.089,0.098,0.108,0.120,0.132,0.146,0.160,0.176,0.195,0.216,0.242,0.271,0.295,0.320,0.346,0.374,0.402,0.431,0.462
CUPA,0.022,0.025,0.028,0.032,0.037,0.043,0.048,0.055,0.063,0.071,0.084,0.092,0.101,0.110,0.121,0.133,0.147,0.163,0.179,0.197,0.217,0.240,0.266,0.298,0.334,0.363,0.394,0.426,0.460,0.495,0.531,0.570
CURR,0.007,0.008,0.010,0.011,0.013,0.015,0.016,0.019,0.021,0.024,0.029,0.031,0.034,0.037,0.041,0.046,0.050,0.056,0.061,0.067,0.074,0.082,0.091,0.102,0.114,0.124,0.135,0.146,0.157,0.169,0.181,0.195
DALM3,0.014,0.016,0.018,0.021,0.024,0.027,0.031,0.035,0.040,0.045,0.054,0.059,0.064,0.070,0.078,0.085,0.095,0.104,0.115,0.127,0.139,0.154,0.171,0.191,0.214,0.233,0.253,0.273,0.295,0.317,0.340,0.365
DEVM,0.009,0.010,0.011,0.013,0.015,0.017,0.019,0.022,0.025,0.028,0.034,0.037,0.040,0.044,0.048,0.053,0.059,0.065,0.072,0.079,0.086,0.096,0.106,0.119,0.133,0.145,0.157,0.170,0.184,0.197,0.212,0.227
DEVO,0.031,0.035,0.040,0.046,0.052,0.061,0.068,0.078,0.089,0.101,0.120,0.131,0.143,0.156,0.172,0.189,0.209,0.231,0.255,0.280,0.308,0.341,0.378,0.424,0.474,0.516,0.560,0.605,0.653,0.703,0.754,0.809
DEWP,0.017,0.018,0.021,0.024,0.027,0.031,0.035,0.040,0.046,0.051,0.061,0.067,0.073,0.080,0.088,0.097,0.107,0.118,0.130,0.144,0.158,0.175,0.194,0.217,0.243,0.264,0.287,0.310,0.335,0.360,0.386,0.414
DOUN_P,0.004,0.004,0.005,0.005,0.006,0.007,0.008,0.009,0.010,0.011,0.014,0.015,0.016,0.018,0.020,0.022,0.024,0.026,0.029,0.032,0.035,0.039,0.043,0.048,0.054,0.059,0.064,0.069,0.075,0.080,0.086,0.092
DRAK_1,0.112,0.130,0.148,0.169,0.193,0.223,0.249,0.287,0.328,0.370,0.440,0.482,0.526,0.573,0.633,0.697,0.771,0.851,0.938,1.032,1.134,1.257,1.392,1.560,1.747,1.900,2.061,2.228,2.406,2.588,2.775,2.979
DRAX_1,0.068,0.080,0.091,0.104,0.118,0.137,0.152,0.176,0.201,0.227,0.270,0.295,0.322,0.351,0.388,0.427,0.472,0.521,0.574,0.632,0.694,0.770,0.852,0.956,1.070,1.164,1.263,1.365,1.474,1.585,1.700,1.825
DRCR,0.010,0.011,0.012,0.014,0.016,0.019,0.021,0.024,0.028,0.031,0.037,0.040,0.044,0.048,0.053,0.059,0.065,0.071,0.079,0.087,0.095,0.106,0.117,0.131,0.147,0.159,0.173,0.187,0.202,0.217,0.233,0.250
DRUM,0.048,0.055,0.063,0.072,0.082,0.095,0.106,0.122,0.139,0.157,0.187,0.204,0.223,0.243,0.269,0.296,0.327,0.361,0.398,0.438,0.481,0.533,0.591,0.662,0.741,0.806,0.875,0.946,1.021,1.099,1.178,1.264
DUBE_P,0.000,0.000,0.000,0.000,0.000,0.000,0.000,0.000,0.000,0.000,0.000,0.000,0.000,0.000,0.000,0.000,0.000,0.000,0.000,0.000,0.000,0.000,0.000,0.000,0.000,0.000,0.000,0.000,0.000,0.000,0.000,0.000
DUDH_P,0.014,0.016,0.018,0.021,0.023,0.027,0.030,0.035,0.040,0.045,0.054,0.059,0.064,0.070,0.077,0.085,0.094,0.104,0.114,0.126,0.138,0.153,0.170,0.190,0.213,0.231,0.251,0.271,0.293,0.315,0.338,0.363
DUGR_P,0.003,0.003,0.004,0.004,0.005,0.005,0.006,0.007,0.008,0.009,0.011,0.012,0.013,0.014,0.015,0.017,0.019,0.021,0.023,0.025,0.028,0.031,0.034,0.038,0.043,0.046,0.050,0.054,0.059,0.063,0.068,0.073
DUMF,0.033,0.037,0.043,0.049,0.056,0.064,0.072,0.083,0.095,0.107,0.128,0.139,0.152,0.166,0.183,0.201,0.223,0.246,0.272,0.299,0.328,0.364,0.403,0.452,0.506,0.550,0.596,0.645,0.697,0.749,0.803,0.862
DUNB,0.010,0.012,0.013,0.015,0.017,0.020,0.022,0.026,0.029,0.033,0.039,0.043,0.047,0.051,0.057,0.062,0.069,0.076,0.084,0.092,0.101,0.112,0.124,0.140,0.156,0.170,0.184,0.199,0.215,0.231,0.248,0.266
DUNF,0.022,0.025,0.029,0.033,0.037,0.043,0.048,0.055,0.063,0.071,0.085,0.093,0.101,0.110,0.122,0.134,0.148,0.164,0.180,0.199,0.218,0.242,0.268,0.300,0.336,0.366,0.397,0.429,0.463,0.498,0.534,0.573
DUNO_P,0.005,0.006,0.007,0.008,0.009,0.010,0.011,0.013,0.015,0.016,0.020,0.021,0.023,0.025,0.028,0.031,0.034,0.038,0.042,0.046,0.050,0.056,0.062,0.069,0.078,0.085,0.092,0.099,0.107,0.115,0.123,0.133
DYCE_P,0.015,0.017,0.019,0.022,0.025,0.029,0.032,0.037,0.042,0.047,0.056,0.062,0.067,0.073,0.081,0.089,0.099,0.109,0.120,0.132,0.145,0.161,0.178,0.200,0.224,0.243,0.264,0.285,0.308,0.331,0.355,0.381
EALI_6,0.101,0.117,0.134,0.153,0.174,0.202,0.225,0.260,0.296,0.335,0.398,0.436,0.476,0.518,0.572,0.630,0.697,0.769,0.848,0.933,1.025,1.137,1.259,1.411,1.580,1.718,1.864,2.015,2.176,2.341,2.510,2.695
EASO_1,0.163,0.190,0.217,0.247,0.282,0.326,0.364,0.420,0.479,0.541,0.644,0.704,0.769,0.838,0.925,1.019,1.127,1.244,1.371,1.509,1.657,1.837,2.035,2.281,2.554,2.777,3.014,3.258,3.518,3.784,4.057,4.356
ECCL,0.013,0.015,0.017,0.019,0.022,0.025,0.028,0.032,0.037,0.041,0.049,0.054,0.059,0.064,0.071,0.078,0.086,0.095,0.105,0.115,0.127,0.140,0.155,0.174,0.195,0.212,0.230,0.249,0.269,0.289,0.310,0.333
ECLA_1,0.227,0.263,0.301,0.343,0.391,0.452,0.505,0.582,0.664,0.751,0.893,0.977,1.066,1.162,1.283,1.413,1.563,1.725,1.902,2.092,2.299,2.548,2.822,3.163,3.542,3.852,4.180,4.518,4.879,5.248,5.627,6.041
EERH,0.039,0.045,0.051,0.058,0.066,0.077,0.086,0.099,0.113,0.128,0.152,0.166,0.181,0.198,0.218,0.240,0.266,0.293,0.324,0.356,0.391,0.434,0.480,0.538,0.603,0.655,0.711,0.769,0.830,0.893,0.957,1.028
EKIL,0.025,0.029,0.033,0.037,0.042,0.049,0.055,0.063,0.072,0.082,0.097,0.106,0.116,0.126,0.139,0.153,0.170,0.187,0.207,0.227,0.250,0.277,0.307,0.344,0.385,0.418,0.454,0.491,0.530,0.570,0.611,0.656
EKIS,0.024,0.028,0.032,0.036,0.041,0.047,0.053,0.061,0.070,0.079,0.094,0.103,0.112,0.122,0.135,0.148,0.164,0.181,0.200,0.220,0.241,0.268,0.296,0.332,0.372,0.405,0.439,0.474,0.512,0.551,0.591,0.634
ELDE,0.024,0.027,0.031,0.035,0.040,0.046,0.052,0.059,0.068,0.077,0.091,0.100,0.109,0.119,0.131,0.144,0.160,0.176,0.194,0.214,0.235,0.260,0.288,0.323,0.362,0.393,0.427,0.461,0.498,0.536,0.574,0.617
ELGI_P,0.023,0.026,0.030,0.034,0.039,0.045,0.050,0.058,0.066,0.075,0.089,0.097,0.106,0.116,0.128,0.141,0.156,0.172,0.189,0.209,0.229,0.254,0.281,0.315,0.353,0.384,0.416,0.450,0.486,0.523,0.561,0.602
ELLA_1,0.190,0.220,0.252,0.287,0.327,0.379,0.422,0.487,0.556,0.628,0.747,0.818,0.892,0.972,1.074,1.183,1.308,1.444,1.592,1.751,1.924,2.133,2.362,2.648,2.965,3.224,3.499,3.782,4.084,4.393,4.710,5.056
ELST_1,0.265,0.308,0.351,0.401,0.456,0.528,0.589,0.680,0.776,0.877,1.042,1.140,1.245,1.357,1.498,1.650,1.825,2.014,2.221,2.443,2.684,2.976,3.295,3.694,4.136,4.498,4.881,5.276,5.697,6.128,6.571,7.054
ENDE_1,0.242,0.281,0.321,0.366,0.416,0.482,0.538,0.621,0.708,0.800,0.952,1.041,1.137,1.238,1.368,1.506,1.666,1.839,2.027,2.231,2.451,2.716,3.008,3.372,3.776,4.106,4.456,4.816,5.201,5.595,5.999,6.440
ERSK,0.013,0.015,0.017,0.019,0.022,0.026,0.029,0.033,0.038,0.043,0.051,0.055,0.061,0.066,0.073,0.080,0.089,0.098,0.108,0.119,0.130,0.145,0.160,0.180,0.201,0.219,0.237,0.256,0.277,0.298,0.319,0.343
EXET1,0.174,0.202,0.231,0.264,0.300,0.348,0.388,0.447,0.511,0.577,0.686,0.751,0.819,0.893,0.986,1.086,1.201,1.326,1.461,1.608,1.767,1.958,2.169,2.431,2.722,2.961,3.212,3.472,3.750,4.033,4.325,4.643
FASN_P,0.000,0.000,0.000,0.001,0.001,0.001,0.001,0.001,0.001,0.001,0.001,0.002,0.002,0.002,0.002,0.002,0.002,0.003,0.003,0.003,0.004,0.004,0.005,0.005,0.006,0.006,0.007,0.007,0.008,0.008,0.009,0.010
FAUG_P,0.002,0.002,0.002,0.003,0.003,0.003,0.004,0.004,0.005,0.006,0.007,0.007,0.008,0.009,0.010,0.011,0.012,0.013,0.014,0.016,0.017,0.019,0.021,0.024,0.027,0.029,0.032,0.034,0.037,0.040,0.043,0.046
FAWL_1,0.169,0.196,0.224,0.255,0.290,0.336,0.375,0.433,0.494,0.558,0.664,0.726,0.793,0.864,0.954,1.050,1.162,1.282,1.414,1.556,1.709,1.894,2.098,2.352,2.633,2.864,3.107,3.359,3.627,3.902,4.183,4.491
FECK_6,0.189,0.219,0.250,0.285,0.325,0.376,0.420,0.484,0.553,0.624,0.742,0.812,0.887,0.966,1.067,1.175,1.300,1.435,1.582,1.740,1.912,2.119,2.347,2.631,2.946,3.204,3.476,3.758,4.058,4.365,4.681,5.025
FERRA2,0.064,0.074,0.085,0.097,0.110,0.127,0.142,0.164,0.187,0.211,0.251,0.275,0.300,0.327,0.361,0.398,0.440,0.486,0.536,0.589,0.647,0.718,0.795,0.891,0.998,1.085,1.177,1.273,1.374,1.478,1.585,1.701
FERRB1;FERRB_M,0.185,0.215,0.246,0.281,0.319,0.370,0.413,0.476,0.543,0.614,0.730,0.798,0.872,0.950,1.049,1.155,1.278,1.410,1.555,1.711,1.879,2.083,2.307,2.586,2.896,3.149,3.417,3.694,3.989,4.291,4.601,4.939
FETT_P;KINT_P,0.032,0.036,0.041,0.047,0.053,0.062,0.069,0.079,0.091,0.102,0.122,0.133,0.145,0.158,0.175,0.193,0.213,0.235,0.259,0.285,0.313,0.347,0.385,0.431,0.483,0.525,0.570,0.616,0.665,0.716,0.767,0.824
FIDD_P,0.007,0.008,0.010,0.011,0.012,0.014,0.016,0.019,0.021,0.024,0.029,0.031,0.034,0.037,0.041,0.045,0.050,0.055,0.061,0.067,0.073,0.081,0.090,0.101,0.113,0.123,0.134,0.144,0.156,0.168,0.180,0.193
FIDF_1,0.168,0.195,0.223,0.254,0.290,0.335,0.374,0.432,0.492,0.556,0.662,0.724,0.790,0.861,0.951,1.047,1.158,1.279,1.410,1.551,1.704,1.889,2.092,2.345,2.626,2.856,3.098,3.349,3.617,3.890,4.172,4.478
FINN,0.008,0.009,0.010,0.012,0.013,0.016,0.017,0.020,0.023,0.026,0.031,0.034,0.037,0.040,0.044,0.049,0.054,0.060,0.066,0.072,0.079,0.088,0.098,0.109,0.122,0.133,0.144,0.156,0.169,0.181,0.194,0.209
FLEE_1;BRLE_1,0.763,0.886,1.013,1.155,1.314,1.522,1.698,1.959,2.236,2.527,3.004,3.287,3.589,3.910,4.318,4.756,5.259,5.805,6.400,7.042,7.736,8.576,9.498,10.647,11.920,12.965,14.066,15.206,16.420,17.663,18.939,20.331
FOUR_1,0.013,0.015,0.018,0.020,0.023,0.026,0.029,0.034,0.039,0.044,0.052,0.057,0.062,0.068,0.075,0.082,0.091,0.100,0.111,0.122,0.134,0.148,0.164,0.184,0.206,0.224,0.243,0.263,0.284,0.305,0.328,0.352
FRAS_P,0.008,0.010,0.011,0.012,0.014,0.016,0.018,0.021,0.024,0.027,0.032,0.035,0.039,0.042,0.047,0.051,0.057,0.063,0.069,0.076,0.083,0.093,0.102,0.115,0.129,0.140,0.152,0.164,0.177,0.191,0.204,0.219
FROD_1,0.186,0.216,0.246,0.281,0.320,0.370,0.413,0.476,0.544,0.614,0.731,0.799,0.873,0.951,1.050,1.156,1.279,1.412,1.556,1.713,1.881,2.086,2.310,2.589,2.899,3.153,3.421,3.698,3.993,4.295,4.606,4.944
FWIL_P,0.011,0.013,0.015,0.017,0.019,0.022,0.025,0.028,0.032,0.037,0.044,0.048,0.052,0.057,0.063,0.069,0.076,0.084,0.093,0.102,0.112,0.125,0.138,0.155,0.173,0.188,0.204,0.221,0.239,0.257,0.275,0.295
GALA,0.014,0.016,0.018,0.021,0.024,0.027,0.030,0.035,0.040,0.045,0.054,0.059,0.064,0.070,0.077,0.085,0.094,0.104,0.115,0.126,0.138,0.153,0.170,0.191,0.213,0.232,0.252,0.272,0.294,0.316,0.339,0.364
GIFF,0.041,0.046,0.053,0.060,0.069,0.080,0.089,0.103,0.117,0.132,0.157,0.172,0.188,0.205,0.226,0.249,0.275,0.304,0.335,0.369,0.405,0.449,0.497,0.558,0.624,0.679,0.737,0.796,0.860,0.925,0.992,1.065
GLLU,0.007,0.008,0.009,0.010,0.012,0.014,0.015,0.018,0.020,0.023,0.027,0.030,0.033,0.036,0.039,0.043,0.048,0.053,0.058,0.064,0.070,0.078,0.086,0.097,0.108,0.118,0.128,0.138,0.149,0.160,0.172,0.185
GLNI,0.013,0.014,0.017,0.019,0.021,0.025,0.028,0.032,0.037,0.041,0.049,0.054,0.059,0.064,0.071,0.078,0.086,0.095,0.105,0.115,0.126,0.140,0.155,0.174,0.195,0.212,0.230,0.248,0.268,0.288,0.309,0.332
GLRO,0.019,0.022,0.025,0.028,0.032,0.037,0.042,0.048,0.055,0.062,0.074,0.081,0.088,0.096,0.106,0.117,0.129,0.143,0.157,0.173,0.190,0.211,0.233,0.261,0.293,0.318,0.345,0.373,0.403,0.434,0.465,0.499
GORG,0.016,0.018,0.021,0.024,0.027,0.031,0.035,0.040,0.046,0.052,0.062,0.068,0.074,0.081,0.089,0.098,0.109,0.120,0.132,0.145,0.160,0.177,0.196,0.220,0.246,0.268,0.290,0.314,0.339,0.364,0.391,0.420
GOVA,0.015,0.017,0.019,0.022,0.025,0.029,0.032,0.037,0.042,0.048,0.057,0.062,0.068,0.074,0.082,0.090,0.100,0.110,0.121,0.134,0.147,0.163,0.180,0.202,0.226,0.246,0.267,0.289,0.312,0.335,0.359,0.386
GREN_1,0.438,0.509,0.582,0.663,0.755,0.874,0.975,1.125,1.284,1.451,1.726,1.888,2.061,2.246,2.480,2.732,3.021,3.334,3.676,4.045,4.444,4.926,5.455,6.115,6.847,7.447,8.080,8.734,9.432,10.146,10.879,11.678
GRIW_1,0.151,0.175,0.200,0.228,0.259,0.300,0.335,0.386,0.441,0.498,0.593,0.648,0.708,0.771,0.852,0.938,1.037,1.145,1.262,1.389,1.526,1.691,1.873,2.100,2.351,2.557,2.775,2.999,3.239,3.484,3.736,4.010
GRMO,0.036,0.041,0.047,0.053,0.060,0.070,0.078,0.090,0.103,0.116,0.138,0.151,0.165,0.179,0.198,0.219,0.241,0.267,0.294,0.324,0.356,0.394,0.437,0.489,0.548,0.596,0.647,0.699,0.755,0.813,0.871,0.935
GRUB_P,0.001,0.001,0.001,0.002,0.002,0.002,0.002,0.003,0.003,0.003,0.004,0.004,0.005,0.005,0.006,0.006,0.007,0.008,0.008,0.009,0.010,0.011,0.012,0.014,0.016,0.017,0.018,0.020,0.021,0.023,0.025,0.026
HACK_1;HACK_6,0.157,0.182,0.208,0.237,0.270,0.312,0.349,0.403,0.460,0.518,0.617,0.675,0.737,0.803,0.887,0.976,1.080,1.193,1.315,1.447,1.589,1.762,1.950,2.187,2.448,2.663,2.890,3.123,3.373,3.628,3.890,4.176
HAGR,0.021,0.023,0.027,0.031,0.035,0.040,0.045,0.052,0.059,0.067,0.080,0.087,0.095,0.103,0.114,0.126,0.139,0.154,0.169,0.186,0.205,0.227,0.251,0.282,0.316,0.343,0.372,0.403,0.435,0.468,0.501,0.538
HAMHC1,0.243,0.282,0.322,0.367,0.418,0.484,0.540,0.623,0.711,0.804,0.956,1.046,1.142,1.244,1.374,1.513,1.673,1.847,2.036,2.241,2.462,2.729,3.022,3.388,3.793,4.125,4.476,4.839,5.225,5.620,6.026,6.469
HARK_1;HUTT_1;RRIG,0.280,0.326,0.373,0.425,0.484,0.560,0.624,0.721,0.822,0.929,1.106,1.209,1.320,1.438,1.588,1.750,1.935,2.136,2.355,2.591,2.846,3.155,3.494,3.917,4.385,4.770,5.175,5.595,6.041,6.498,6.967,7.480
HARM_6,0.061,0.070,0.080,0.092,0.104,0.121,0.135,0.155,0.177,0.200,0.238,0.261,0.285,0.310,0.343,0.377,0.417,0.461,0.508,0.559,0.614,0.680,0.753,0.845,0.946,1.029,1.116,1.206,1.303,1.401,1.503,1.613
HAWI,0.012,0.013,0.015,0.017,0.020,0.023,0.025,0.029,0.033,0.038,0.045,0.049,0.053,0.058,0.064,0.071,0.078,0.087,0.095,0.105,0.115,0.128,0.142,0.159,0.178,0.193,0.210,0.227,0.245,0.263,0.282,0.303
HAWP_6,0.083,0.096,0.110,0.125,0.142,0.165,0.184,0.212,0.242,0.273,0.325,0.356,0.388,0.423,0.467,0.515,0.569,0.628,0.693,0.762,0.838,0.928,1.028,1.153,1.290,1.403,1.523,1.646,1.777,1.912,2.050,2.201
HELE,0.013,0.015,0.017,0.019,0.022,0.025,0.028,0.033,0.037,0.042,0.050,0.055,0.060,0.065,0.072,0.079,0.088,0.097,0.107,0.118,0.129,0.143,0.159,0.178,0.199,0.216,0.235,0.254,0.274,0.295,0.316,0.339
HEYS_1;HEYS1;ORMO,0.061,0.071,0.081,0.092,0.106,0.122,0.136,0.157,0.180,0.201,0.240,0.263,0.288,0.313,0.346,0.381,0.421,0.464,0.513,0.564,0.620,0.686,0.760,0.853,0.955,1.039,1.126,1.217,1.315,1.414,1.516,1.627
HUER,0.003,0.003,0.003,0.004,0.004,0.005,0.005,0.006,0.007,0.008,0.010,0.011,0.012,0.013,0.014,0.015,0.017,0.019,0.021,0.023,0.025,0.028,0.031,0.034,0.038,0.042,0.045,0.049,0.053,0.057,0.061,0.065
HURS_1,0.187,0.217,0.248,0.283,0.322,0.373,0.416,0.479,0.547,0.618,0.735,0.804,0.878,0.957,1.057,1.164,1.287,1.421,1.566,1.723,1.893,2.099,2.324,2.605,2.917,3.173,3.442,3.721,4.018,4.322,4.635,4.975
IMPK_1,0.006,0.007,0.008,0.009,0.010,0.012,0.013,0.015,0.017,0.019,0.023,0.025,0.028,0.030,0.033,0.037,0.041,0.045,0.049,0.054,0.060,0.066,0.073,0.082,0.092,0.100,0.108,0.117,0.126,0.136,0.146,0.157
INDQ1,0.257,0.299,0.341,0.389,0.443,0.513,0.572,0.660,0.753,0.851,1.012,1.107,1.209,1.317,1.455,1.602,1.772,1.956,2.156,2.373,2.607,2.889,3.200,3.587,4.016,4.368,4.739,5.123,5.532,5.951,6.381,6.850
INKE,0.031,0.035,0.040,0.046,0.052,0.061,0.068,0.078,0.089,0.101,0.120,0.131,0.143,0.156,0.172,0.190,0.210,0.232,0.256,0.281,0.309,0.342,0.379,0.425,0.476,0.518,0.562,0.607,0.656,0.705,0.756,0.812
INNE_P,0.043,0.048,0.055,0.063,0.072,0.083,0.093,0.107,0.122,0.138,0.164,0.180,0.196,0.214,0.236,0.260,0.287,0.317,0.350,0.385,0.423,0.469,0.519,0.582,0.651,0.708,0.769,0.831,0.897,0.965,1.035,1.111
IROA1,0.357,0.414,0.473,0.540,0.614,0.711,0.794,0.916,1.045,1.181,1.404,1.536,1.677,1.827,2.018,2.222,2.458,2.713,2.991,3.291,3.616,4.008,4.439,4.976,5.571,6.059,6.574,7.107,7.674,8.255,8.851,9.502
IRONB1,0.125,0.145,0.166,0.189,0.216,0.250,0.279,0.321,0.367,0.414,0.493,0.539,0.589,0.641,0.708,0.780,0.863,0.952,1.050,1.155,1.269,1.407,1.558,1.746,1.955,2.127,2.307,2.494,2.693,2.897,3.107,3.335
IVER_1;IVER_6,0.325,0.378,0.431,0.492,0.560,0.649,0.724,0.835,0.953,1.077,1.281,1.401,1.530,1.666,1.840,2.027,2.241,2.474,2.728,3.002,3.297,3.655,4.048,4.538,5.081,5.526,5.995,6.481,6.999,7.529,8.072,8.665
JOHN,0.024,0.028,0.032,0.036,0.041,0.048,0.053,0.061,0.070,0.079,0.094,0.103,0.112,0.122,0.135,0.149,0.164,0.181,0.200,0.220,0.242,0.268,0.297,0.333,0.372,0.405,0.439,0.475,0.513,0.552,0.592,0.635
JORD_3,0.034,0.039,0.045,0.051,0.058,0.067,0.075,0.086,0.098,0.111,0.132,0.145,0.158,0.172,0.190,0.209,0.231,0.255,0.281,0.310,0.340,0.377,0.418,0.468,0.524,0.570,0.619,0.669,0.722,0.777,0.833,0.894
KAIM,0.052,0.059,0.067,0.077,0.088,0.101,0.113,0.131,0.149,0.168,0.200,0.219,0.239,0.261,0.288,0.317,0.351,0.387,0.427,0.469,0.516,0.572,0.633,0.710,0.795,0.864,0.938,1.013,1.094,1.177,1.262,1.355
KEAD_1,0.165,0.191,0.219,0.249,0.284,0.329,0.367,0.423,0.483,0.545,0.648,0.709,0.774,0.844,0.932,1.026,1.135,1.253,1.381,1.520,1.670,1.851,2.050,2.298,2.573,2.798,3.036,3.282,3.544,3.812,4.088,4.388
KEAR_1;KEAR_3,0.410,0.477,0.544,0.620,0.706,0.818,0.913,1.053,1.201,1.357,1.614,1.765,1.927,2.100,2.319,2.554,2.825,3.117,3.438,3.782,4.156,4.606,5.101,5.719,6.404,6.963,7.556,8.168,8.820,9.487,10.172,10.921
KEMS_1,0.176,0.205,0.234,0.267,0.303,0.351,0.392,0.452,0.516,0.583,0.693,0.759,0.828,0.902,0.997,1.098,1.214,1.340,1.477,1.625,1.786,1.979,2.192,2.457,2.751,2.992,3.247,3.510,3.790,4.077,4.371,4.693
KIBY_1,0.139,0.161,0.184,0.210,0.239,0.276,0.308,0.356,0.406,0.458,0.545,0.597,0.651,0.710,0.784,0.863,0.954,1.053,1.161,1.278,1.404,1.556,1.724,1.932,2.163,2.353,2.553,2.760,2.980,3.206,3.437,3.690
KIER,0.042,0.048,0.055,0.063,0.071,0.083,0.092,0.106,0.121,0.137,0.163,0.178,0.195,0.212,0.234,0.258,0.285,0.315,0.347,0.382,0.419,0.465,0.515,0.577,0.646,0.703,0.763,0.824,0.890,0.958,1.027,1.102
KIIN_P,0.001,0.001,0.002,0.002,0.002,0.002,0.003,0.003,0.003,0.004,0.005,0.005,0.005,0.006,0.007,0.007,0.008,0.009,0.010,0.011,0.012,0.013,0.014,0.016,0.018,0.020,0.021,0.023,0.025,0.027,0.029,0.031
KILB,0.019,0.021,0.024,0.028,0.031,0.037,0.041,0.047,0.054,0.061,0.072,0.079,0.086,0.094,0.104,0.115,0.126,0.139,0.153,0.169,0.186,0.206,0.228,0.255,0.286,0.312,0.338,0.365,0.394,0.424,0.455,0.488
KILS,0.021,0.024,0.028,0.031,0.036,0.041,0.046,0.053,0.061,0.069,0.082,0.089,0.098,0.106,0.117,0.129,0.143,0.158,0.174,0.192,0.210,0.233,0.258,0.290,0.324,0.353,0.383,0.414,0.447,0.481,0.515,0.553
KILT,0.028,0.031,0.035,0.040,0.046,0.053,0.059,0.068,0.077,0.087,0.104,0.114,0.124,0.135,0.149,0.165,0.182,0.201,0.222,0.244,0.268,0.297,0.329,0.369,0.413,0.449,0.487,0.526,0.568,0.611,0.656,0.704
KILW,0.031,0.036,0.041,0.047,0.053,0.061,0.069,0.079,0.090,0.102,0.121,0.133,0.145,0.158,0.174,0.192,0.212,0.234,0.258,0.284,0.312,0.346,0.383,0.430,0.481,0.523,0.568,0.614,0.663,0.713,0.764,0.821
KINL_P,0.001,0.001,0.001,0.002,0.002,0.002,0.002,0.003,0.003,0.003,0.004,0.004,0.005,0.005,0.006,0.006,0.007,0.008,0.008,0.009,0.010,0.011,0.012,0.014,0.016,0.017,0.018,0.020,0.021,0.023,0.025,0.027
KINO_1,0.167,0.194,0.222,0.253,0.288,0.334,0.372,0.429,0.490,0.554,0.658,0.720,0.786,0.857,0.946,1.042,1.152,1.272,1.402,1.543,1.695,1.879,2.081,2.333,2.612,2.841,3.083,3.332,3.598,3.871,4.150,4.455
KIRKB1,0.113,0.131,0.150,0.171,0.195,0.226,0.252,0.290,0.331,0.374,0.445,0.487,0.532,0.579,0.640,0.705,0.779,0.860,0.949,1.044,1.147,1.271,1.408,1.578,1.767,1.922,2.085,2.254,2.434,2.618,2.807,3.013
KITW_1,0.269,0.313,0.358,0.408,0.464,0.537,0.600,0.692,0.790,0.892,1.061,1.161,1.267,1.381,1.525,1.679,1.857,2.050,2.260,2.487,2.732,3.028,3.354,3.759,4.209,4.578,4.967,5.369,5.798,6.237,6.688,7.179
KNAR,0.084,0.097,0.111,0.127,0.144,0.167,0.187,0.215,0.246,0.278,0.330,0.361,0.394,0.430,0.474,0.523,0.578,0.638,0.703,0.774,0.850,0.942,1.044,1.170,1.310,1.425,1.546,1.671,1.804,1.941,2.081,2.234
LACK_6,0.178,0.206,0.236,0.269,0.306,0.355,0.396,0.456,0.521,0.589,0.700,0.766,0.836,0.911,1.006,1.108,1.225,1.352,1.491,1.640,1.802,1.998,2.212,2.480,2.777,3.020,3.277,3.542,3.825,4.115,4.412,4.736
LAIR_P,0.001,0.001,0.001,0.001,0.001,0.001,0.001,0.001,0.001,0.002,0.002,0.002,0.002,0.003,0.003,0.003,0.003,0.004,0.004,0.005,0.005,0.006,0.006,0.007,0.008,0.008,0.009,0.010,0.011,0.012,0.012,0.013
LALE1SG003,0.153,0.178,0.203,0.232,0.264,0.305,0.341,0.393,0.448,0.507,0.602,0.659,0.719,0.784,0.866,0.954,1.055,1.164,1.283,1.412,1.551,1.720,1.904,2.135,2.390,2.600,2.821,3.049,3.292,3.542,3.798,4.077
LAND1,0.173,0.200,0.229,0.261,0.297,0.344,0.384,0.443,0.505,0.571,0.679,0.743,0.811,0.884,0.976,1.075,1.189,1.312,1.447,1.592,1.749,1.939,2.147,2.407,2.695,2.931,3.180,3.438,3.712,3.993,4.282,4.596
LEGA_1,0.176,0.205,0.234,0.266,0.303,0.351,0.392,0.452,0.516,0.583,0.693,0.758,0.828,0.902,0.996,1.097,1.214,1.339,1.477,1.625,1.785,1.979,2.192,2.457,2.751,2.992,3.246,3.509,3.789,4.076,4.370,4.691
LEVE,0.022,0.025,0.028,0.032,0.037,0.043,0.048,0.055,0.063,0.071,0.084,0.092,0.101,0.110,0.121,0.133,0.148,0.163,0.180,0.198,0.217,0.241,0.267,0.299,0.335,0.364,0.395,0.427,0.461,0.496,0.532,0.571
LING,0.023,0.026,0.029,0.034,0.038,0.044,0.049,0.057,0.065,0.074,0.087,0.096,0.104,0.114,0.126,0.138,0.153,0.169,0.186,0.205,0.225,0.250,0.276,0.310,0.347,0.377,0.410,0.443,0.478,0.514,0.551,0.592
LINM,0.030,0.035,0.040,0.045,0.051,0.059,0.066,0.077,0.087,0.099,0.117,0.128,0.140,0.153,0.169,0.186,0.205,0.227,0.250,0.275,0.302,0.335,0.371,0.416,0.466,0.507,0.550,0.594,0.642,0.690,0.740,0.794
LISD_1,0.203,0.236,0.269,0.307,0.349,0.405,0.451,0.521,0.594,0.671,0.798,0.874,0.954,1.039,1.147,1.264,1.398,1.543,1.701,1.872,2.056,2.279,2.524,2.829,3.168,3.445,3.738,4.041,4.364,4.694,5.033,5.403
LITT_C,0.065,0.075,0.086,0.098,0.111,0.129,0.144,0.166,0.190,0.214,0.255,0.279,0.304,0.332,0.366,0.403,0.446,0.492,0.543,0.597,0.656,0.727,0.806,0.903,1.011,1.100,1.193,1.290,1.393,1.498,1.606,1.724
LITT_J,0.005,0.006,0.007,0.008,0.009,0.011,0.012,0.014,0.016,0.018,0.021,0.023,0.025,0.028,0.030,0.033,0.037,0.041,0.045,0.050,0.054,0.060,0.067,0.075,0.084,0.091,0.099,0.107,0.116,0.124,0.133,0.143
LODR_6,0.155,0.180,0.205,0.175,0.200,0.231,0.258,0.298,0.340,0.384,0.457,0.499,0.545,0.594,0.656,0.723,0.799,0.882,0.973,1.070,1.176,1.304,1.444,1.619,1.812,1.970,2.138,2.312,2.496,2.684,2.878,3.090
LOUD_H,0.034,0.040,0.046,0.052,0.059,0.069,0.076,0.088,0.101,0.114,0.135,0.148,0.162,0.176,0.194,0.214,0.237,0.261,0.288,0.317,0.348,0.386,0.428,0.479,0.537,0.584,0.633,0.685,0.739,0.795,0.853,0.915
LOVE_1,0.341,0.396,0.452,0.516,0.587,0.680,0.758,0.875,0.998,1.128,1.341,1.467,1.602,1.745,1.928,2.123,2.348,2.592,2.857,3.144,3.454,3.829,4.240,4.753,5.322,5.788,6.280,6.789,7.331,7.886,8.455,9.077
LUNA_P,0.014,0.016,0.018,0.020,0.023,0.027,0.030,0.034,0.039,0.044,0.053,0.058,0.063,0.069,0.076,0.084,0.092,0.102,0.112,0.124,0.136,0.151,0.167,0.187,0.209,0.228,0.247,0.267,0.288,0.310,0.333,0.357
LYND_P,0.016,0.018,0.021,0.023,0.027,0.031,0.034,0.040,0.045,0.051,0.061,0.067,0.073,0.079,0.088,0.097,0.107,0.118,0.130,0.143,0.157,0.174,0.193,0.216,0.242,0.263,0.286,0.309,0.333,0.359,0.385,0.413
MACC_3,0.056,0.065,0.075,0.085,0.097,0.112,0.125,0.145,0.165,0.187,0.222,0.243,0.265,0.289,0.319,0.351,0.388,0.429,0.473,0.520,0.571,0.633,0.701,0.786,0.880,0.958,1.039,1.123,1.213,1.305,1.399,1.502
MACD_P,0.009,0.010,0.011,0.013,0.015,0.017,0.019,0.022,0.025,0.029,0.034,0.037,0.041,0.044,0.049,0.054,0.060,0.066,0.072,0.080,0.088,0.097,0.107,0.120,0.135,0.147,0.159,0.172,0.186,0.200,0.214,0.230
MAGA_6,0.029,0.033,0.038,0.043,0.049,0.057,0.064,0.073,0.084,0.095,0.113,0.123,0.135,0.147,0.162,0.178,0.197,0.218,0.240,0.264,0.290,0.322,0.356,0.399,0.447,0.486,0.528,0.570,0.616,0.663,0.710,0.763
MANN_1,0.343,0.398,0.454,0.518,0.590,0.683,0.762,0.879,1.004,1.134,1.349,1.475,1.611,1.755,1.938,2.135,2.361,2.606,2.873,3.161,3.473,3.849,4.263,4.779,5.351,5.819,6.314,6.826,7.370,7.928,8.501,9.126
MAYB,0.006,0.007,0.008,0.009,0.010,0.012,0.013,0.015,0.017,0.020,0.023,0.025,0.028,0.030,0.033,0.037,0.041,0.045,0.050,0.054,0.060,0.066,0.073,0.082,0.092,0.100,0.109,0.118,0.127,0.137,0.147,0.157
MELK_1,0.239,0.277,0.317,0.361,0.411,0.476,0.531,0.613,0.699,0.790,0.940,1.028,1.122,1.223,1.351,1.488,1.645,1.816,2.002,2.203,2.420,2.683,2.971,3.331,3.729,4.056,4.400,4.757,5.137,5.525,5.925,6.360
MILC_P,0.028,0.032,0.036,0.041,0.047,0.055,0.061,0.070,0.080,0.091,0.108,0.118,0.129,0.140,0.155,0.171,0.189,0.208,0.230,0.253,0.278,0.308,0.341,0.382,0.428,0.465,0.505,0.546,0.589,0.634,0.680,0.730
MILH_1,0.088,0.103,0.117,0.134,0.152,0.176,0.197,0.227,0.259,0.293,0.348,0.381,0.416,0.453,0.501,0.551,0.610,0.673,0.742,0.816,0.897,0.994,1.101,1.234,1.382,1.503,1.631,1.763,1.904,2.048,2.196,2.357
MITY_1,0.172,0.200,0.229,0.261,0.297,0.344,0.383,0.442,0.505,0.570,0.678,0.742,0.810,0.882,0.974,1.073,1.187,1.310,1.444,1.589,1.746,1.935,2.143,2.403,2.690,2.926,3.175,3.432,3.706,3.986,4.274,4.588
MYBS_P,0.005,0.005,0.006,0.007,0.008,0.009,0.010,0.012,0.013,0.015,0.018,0.019,0.021,0.023,0.026,0.028,0.031,0.034,0.038,0.042,0.046,0.051,0.056,0.063,0.071,0.077,0.083,0.090,0.097,0.105,0.112,0.120
NAIR_P,0.014,0.015,0.018,0.020,0.023,0.026,0.030,0.034,0.039,0.044,0.052,0.057,0.062,0.068,0.075,0.083,0.092,0.101,0.111,0.123,0.135,0.149,0.165,0.185,0.207,0.226,0.245,0.265,0.286,0.307,0.330,0.354
NEAR,0.047,0.053,0.060,0.069,0.078,0.091,0.101,0.117,0.134,0.151,0.179,0.196,0.214,0.233,0.258,0.284,0.314,0.347,0.382,0.420,0.462,0.512,0.567,0.636,0.712,0.774,0.840,0.908,0.980,1.055,1.131,1.214
NECE_1,0.158,0.183,0.209,0.239,0.272,0.315,0.351,0.405,0.463,0.523,0.621,0.680,0.742,0.809,0.893,0.984,1.088,1.201,1.324,1.457,1.600,1.774,1.965,2.202,2.466,2.682,2.910,3.145,3.397,3.654,3.918,4.206
NEEP_3,0.046,0.053,0.061,0.069,0.079,0.091,0.102,0.117,0.134,0.151,0.180,0.197,0.215,0.234,0.258,0.284,0.315,0.347,0.383,0.421,0.463,0.513,0.568,0.637,0.713,0.775,0.841,0.909,0.982,1.056,1.133,1.216
NETS,0.003,0.004,0.004,0.005,0.006,0.006,0.007,0.008,0.009,0.011,0.013,0.014,0.015,0.017,0.018,0.020,0.022,0.025,0.027,0.030,0.033,0.036,0.040,0.045,0.050,0.055,0.059,0.064,0.069,0.075,0.080,0.086
NEWX_6,0.171,0.199,0.227,0.259,0.295,0.342,0.381,0.440,0.502,0.567,0.674,0.738,0.805,0.877,0.969,1.067,1.180,1.303,1.436,1.581,1.736,1.925,2.132,2.390,2.676,2.910,3.157,3.413,3.685,3.964,4.251,4.563
NFLE,0.233,0.270,0.309,0.352,0.401,0.464,0.518,0.597,0.681,0.770,0.916,1.002,1.093,1.191,1.316,1.449,1.603,1.769,1.950,2.146,2.358,2.613,2.894,3.245,3.633,3.951,4.287,4.634,5.004,5.383,5.772,6.196
NHYD_6,0.073,0.085,0.097,0.111,0.126,0.146,0.163,0.188,0.214,0.242,0.288,0.315,0.344,0.375,0.414,0.456,0.504,0.556,0.613,0.675,0.741,0.822,0.910,1.020,1.142,1.242,1.348,1.457,1.574,1.693,1.815,1.948
NINF_1,0.233,0.271,0.309,0.353,0.401,0.465,0.518,0.598,0.683,0.771,0.917,1.003,1.095,1.194,1.318,1.452,1.605,1.772,1.954,2.150,2.362,2.618,2.899,3.250,3.639,3.958,4.294,4.642,5.013,5.392,5.782,6.206
NORL_3,0.035,0.041,0.047,0.054,0.061,0.071,0.079,0.091,0.104,0.117,0.139,0.153,0.167,0.181,0.200,0.221,0.244,0.269,0.297,0.327,0.359,0.398,0.441,0.494,0.553,0.602,0.653,0.706,0.762,0.820,0.879,0.944
NORM_1;SALL1,0.360,0.419,0.479,0.546,0.622,0.719,0.803,0.926,1.057,1.194,1.421,1.554,1.696,1.848,2.041,2.248,2.486,2.744,3.026,3.329,3.657,4.054,4.489,5.033,5.635,6.129,6.649,7.188,7.762,8.349,8.952,9.611
NORT_1,0.256,0.297,0.339,0.387,0.441,0.510,0.569,0.657,0.749,0.847,1.007,1.102,1.203,1.310,1.447,1.594,1.762,1.945,2.145,2.360,2.593,2.874,3.183,3.568,3.995,4.345,4.714,5.096,5.503,5.920,6.347,6.814
NURS_1,0.148,0.172,0.196,0.224,0.255,0.295,0.329,0.380,0.433,0.490,0.582,0.637,0.695,0.758,0.837,0.922,1.019,1.125,1.240,1.365,1.499,1.662,1.841,2.063,2.310,2.513,2.726,2.947,3.182,3.423,3.671,3.940
OCKH_1,0.058,0.067,0.076,0.087,0.099,0.115,0.128,0.148,0.169,0.190,0.226,0.248,0.270,0.295,0.325,0.358,0.396,0.437,0.482,0.531,0.583,0.646,0.716,0.802,0.898,0.977,1.060,1.146,1.238,1.331,1.427,1.532
OFFE_3,0.034,0.040,0.046,0.052,0.059,0.069,0.077,0.088,0.101,0.114,0.135,0.148,0.162,0.176,0.195,0.214,0.237,0.262,0.288,0.317,0.349,0.386,0.428,0.480,0.537,0.584,0.634,0.685,0.740,0.796,0.853,0.916
OLDB_1,0.062,0.072,0.083,0.094,0.107,0.124,0.139,0.160,0.182,0.206,0.245,0.268,0.293,0.319,0.352,0.388,0.429,0.474,0.522,0.575,0.631,0.700,0.775,0.869,0.973,1.058,1.148,1.241,1.340,1.441,1.546,1.659
OSBA_1,0.170,0.198,0.226,0.258,0.293,0.340,0.379,0.437,0.499,0.564,0.671,0.734,0.801,0.873,0.964,1.062,1.174,1.296,1.429,1.572,1.727,1.915,2.120,2.377,2.662,2.895,3.141,3.395,3.666,3.944,4.228,4.539
PADIB1,0.114,0.133,0.151,0.173,0.197,0.228,0.254,0.293,0.334,0.378,0.449,0.491,0.536,0.584,0.646,0.711,0.786,0.868,0.957,1.053,1.157,1.282,1.420,1.592,1.782,1.938,2.103,2.273,2.455,2.641,2.831,3.039
PAIS,0.010,0.011,0.013,0.014,0.017,0.019,0.021,0.025,0.028,0.032,0.038,0.041,0.045,0.049,0.054,0.060,0.066,0.073,0.080,0.088,0.097,0.108,0.119,0.134,0.150,0.163,0.177,0.191,0.206,0.222,0.238,0.255
PART,0.022,0.025,0.028,0.032,0.037,0.043,0.047,0.055,0.062,0.071,0.084,0.092,0.100,0.109,0.121,0.133,0.147,0.162,0.179,0.197,0.216,0.240,0.265,0.297,0.333,0.362,0.393,0.425,0.459,0.493,0.529,0.568
PEHG_P,0.002,0.002,0.002,0.002,0.003,0.003,0.003,0.004,0.004,0.005,0.006,0.006,0.007,0.008,0.008,0.009,0.010,0.011,0.012,0.014,0.015,0.017,0.018,0.021,0.023,0.025,0.027,0.030,0.032,0.034,0.037,0.040
PEHS_P;STRI_P,0.012,0.013,0.015,0.017,0.020,0.023,0.025,0.029,0.033,0.038,0.045,0.048,0.053,0.058,0.064,0.071,0.078,0.086,0.095,0.105,0.114,0.128,0.141,0.158,0.177,0.192,0.209,0.226,0.244,0.262,0.281,0.302
PELH_1,0.139,0.161,0.184,0.210,0.239,0.276,0.308,0.356,0.406,0.459,0.546,0.597,0.652,0.710,0.784,0.864,0.955,1.054,1.162,1.279,1.405,1.557,1.725,1.933,2.165,2.354,2.554,2.761,2.982,3.207,3.439,3.692
PEMB_1,0.074,0.086,0.098,0.112,0.127,0.148,0.165,0.190,0.217,0.245,0.291,0.319,0.348,0.379,0.418,0.461,0.510,0.563,0.620,0.682,0.750,0.831,0.920,1.032,1.155,1.256,1.363,1.474,1.591,1.712,1.835,1.970
PENE_1,0.123,0.143,0.163,0.186,0.211,0.245,0.273,0.315,0.360,0.406,0.483,0.529,0.577,0.629,0.694,0.765,0.846,0.933,1.029,1.132,1.244,1.379,1.527,1.712,1.917,2.085,2.262,2.445,2.640,2.840,3.045,3.269
PENN_1,0.207,0.241,0.275,0.314,0.357,0.414,0.461,0.532,0.608,0.687,0.816,0.893,0.975,1.062,1.173,1.292,1.429,1.577,1.739,1.914,2.102,2.330,2.581,2.893,3.239,3.523,3.823,4.132,4.462,4.800,5.147,5.525
PENT_1,0.067,0.078,0.089,0.102,0.116,0.134,0.150,0.173,0.197,0.223,0.265,0.290,0.316,0.345,0.381,0.419,0.464,0.512,0.564,0.621,0.682,0.756,0.837,0.938,1.051,1.143,1.240,1.340,1.447,1.557,1.669,1.792
PENW_1;STAH_1;WABO,0.263,0.304,0.348,0.398,0.451,0.524,0.584,0.674,0.769,0.869,1.032,1.130,1.234,1.344,1.485,1.635,1.808,1.996,2.200,2.421,2.660,2.948,3.266,3.661,4.098,4.457,4.837,5.228,5.646,6.072,6.512,6.990
PERS_P,0.021,0.024,0.027,0.031,0.036,0.041,0.046,0.053,0.061,0.069,0.082,0.089,0.097,0.106,0.117,0.129,0.143,0.158,0.174,0.191,0.210,0.233,0.258,0.289,0.324,0.352,0.382,0.413,0.446,0.480,0.514,0.552
PITS_3,0.020,0.023,0.027,0.030,0.034,0.040,0.044,0.051,0.059,0.066,0.079,0.086,0.094,0.102,0.113,0.125,0.138,0.152,0.168,0.184,0.203,0.225,0.249,0.279,0.312,0.340,0.368,0.398,0.430,0.463,0.496,0.533
POOB,0.044,0.050,0.057,0.065,0.074,0.086,0.096,0.111,0.126,0.142,0.169,0.185,0.202,0.221,0.244,0.268,0.297,0.327,0.361,0.397,0.436,0.484,0.536,0.600,0.672,0.731,0.793,0.858,0.926,0.996,1.068,1.147
POPP_3,0.023,0.026,0.030,0.034,0.039,0.045,0.050,0.058,0.066,0.075,0.089,0.097,0.106,0.115,0.127,0.140,0.155,0.171,0.189,0.208,0.228,0.253,0.280,0.314,0.352,0.382,0.415,0.449,0.484,0.521,0.559,0.600
PORA_P,0.007,0.008,0.009,0.011,0.012,0.014,0.016,0.018,0.021,0.024,0.028,0.031,0.033,0.036,0.040,0.044,0.049,0.054,0.060,0.066,0.072,0.080,0.089,0.099,0.111,0.121,0.131,0.142,0.153,0.165,0.176,0.189
PORD,0.016,0.018,0.021,0.024,0.027,0.031,0.035,0.040,0.046,0.052,0.062,0.068,0.074,0.080,0.089,0.098,0.108,0.119,0.132,0.145,0.159,0.176,0.195,0.219,0.245,0.267,0.289,0.313,0.338,0.363,0.389,0.418
PYLE_1,0.054,0.062,0.071,0.081,0.093,0.107,0.120,0.138,0.158,0.178,0.212,0.232,0.253,0.275,0.304,0.335,0.371,0.409,0.451,0.496,0.545,0.604,0.669,0.750,0.840,0.914,0.991,1.071,1.157,1.245,1.335,1.433
QUOI_P,0.000,0.000,0.000,0.000,0.000,0.000,0.000,0.000,0.000,0.000,0.000,0.000,0.000,0.000,0.000,0.000,0.000,0.000,0.000,0.000,0.000,0.000,0.000,0.000,0.000,0.000,0.000,0.001,0.001,0.001,0.001,0.001
RAIN_1,0.265,0.308,0.352,0.401,0.457,0.529,0.590,0.680,0.777,0.877,1.043,1.142,1.246,1.358,1.500,1.652,1.827,2.016,2.223,2.446,2.687,2.979,3.299,3.698,4.140,4.503,4.886,5.281,5.703,6.135,6.578,7.061
RANN_P,0.001,0.001,0.001,0.001,0.001,0.001,0.001,0.001,0.002,0.002,0.002,0.002,0.003,0.003,0.003,0.003,0.004,0.004,0.004,0.005,0.005,0.006,0.007,0.007,0.008,0.009,0.010,0.011,0.012,0.012,0.013,0.014
RASS_1,0.146,0.170,0.194,0.221,0.251,0.291,0.325,0.375,0.428,0.483,0.575,0.629,0.686,0.748,0.826,0.910,1.006,1.110,1.224,1.347,1.480,1.640,1.816,2.036,2.280,2.480,2.690,2.908,3.140,3.378,3.622,3.888
RATS_1,0.233,0.270,0.309,0.352,0.401,0.464,0.518,0.598,0.682,0.771,0.916,1.003,1.094,1.193,1.317,1.451,1.604,1.771,1.952,2.148,2.360,2.616,2.897,3.247,3.636,3.955,4.291,4.638,5.009,5.388,5.777,6.201
RAYL_1,0.275,0.320,0.365,0.416,0.474,0.549,0.612,0.706,0.806,0.911,1.083,1.185,1.294,1.410,1.557,1.714,1.896,2.093,2.307,2.539,2.789,3.092,3.424,3.838,4.298,4.674,5.071,5.482,5.920,6.368,6.828,7.330
REBR_3,0.070,0.081,0.092,0.105,0.120,0.139,0.155,0.179,0.204,0.231,0.274,0.300,0.328,0.357,0.394,0.434,0.480,0.530,0.584,0.643,0.706,0.783,0.867,0.972,1.088,1.183,1.284,1.388,1.499,1.612,1.729,1.856
REDH,0.019,0.020,0.023,0.026,0.030,0.035,0.039,0.045,0.051,0.058,0.069,0.075,0.082,0.089,0.099,0.109,0.120,0.133,0.146,0.161,0.177,0.196,0.217,0.243,0.272,0.296,0.322,0.348,0.375,0.404,0.433,0.465
REDM_P,0.018,0.020,0.023,0.027,0.030,0.035,0.039,0.045,0.052,0.058,0.069,0.076,0.083,0.090,0.100,0.110,0.121,0.134,0.148,0.163,0.179,0.198,0.219,0.246,0.275,0.299,0.325,0.351,0.379,0.408,0.437,0.469
ROCH_1,0.117,0.136,0.155,0.177,0.202,0.234,0.261,0.301,0.343,0.388,0.461,0.505,0.551,0.600,0.663,0.730,0.807,0.891,0.983,1.081,1.188,1.317,1.458,1.635,1.830,1.991,2.160,2.335,2.521,2.712,2.908,3.121
RUGEB1,0.141,0.164,0.187,0.213,0.243,0.281,0.314,0.362,0.413,0.466,0.555,0.607,0.662,0.722,0.797,0.878,0.971,1.072,1.182,1.300,1.428,1.583,1.754,1.966,2.201,2.394,2.597,2.808,3.032,3.261,3.497,3.754
RYEH_1,0.225,0.262,0.299,0.341,0.388,0.450,0.502,0.579,0.661,0.746,0.888,0.971,1.060,1.155,1.276,1.405,1.554,1.715,1.891,2.081,2.286,2.534,2.806,3.146,3.522,3.831,4.156,4.493,4.852,5.219,5.596,6.007
SACO,0.031,0.036,0.041,0.047,0.053,0.061,0.069,0.080,0.091,0.102,0.122,0.133,0.145,0.158,0.175,0.192,0.213,0.234,0.258,0.284,0.313,0.347,0.383,0.430,0.481,0.524,0.569,0.614,0.663,0.714,0.766,0.821
SALH_1,0.084,0.098,0.112,0.128,0.145,0.168,0.188,0.217,0.247,0.279,0.332,0.363,0.397,0.432,0.477,0.526,0.581,0.642,0.708,0.779,0.855,0.948,1.050,1.177,1.318,1.433,1.555,1.681,1.815,1.953,2.094,2.248
SALT_1,0.061,0.071,0.081,0.093,0.105,0.122,0.136,0.157,0.179,0.203,0.241,0.264,0.288,0.314,0.346,0.381,0.422,0.466,0.513,0.565,0.620,0.688,0.762,0.854,0.956,1.040,1.128,1.219,1.317,1.417,1.519,1.630
SANX,0.015,0.017,0.020,0.022,0.026,0.030,0.033,0.038,0.043,0.049,0.058,0.064,0.070,0.076,0.084,0.093,0.102,0.113,0.124,0.137,0.150,0.167,0.185,0.207,0.232,0.252,0.274,0.296,0.319,0.344,0.368,0.395
SBAR,0.119,0.138,0.158,0.180,0.205,0.237,0.265,0.305,0.348,0.394,0.468,0.512,0.559,0.609,0.673,0.741,0.820,0.905,0.997,1.097,1.206,1.336,1.480,1.659,1.858,2.020,2.192,2.370,2.559,2.752,2.951,3.168
SEAB1,0.181,0.210,0.240,0.274,0.312,0.361,0.403,0.465,0.530,0.599,0.713,0.780,0.851,0.927,1.024,1.128,1.248,1.377,1.518,1.671,1.835,2.034,2.253,2.526,2.828,3.075,3.337,3.607,3.895,4.190,4.493,4.823
SELL_1,0.098,0.114,0.130,0.149,0.169,0.196,0.218,0.252,0.288,0.325,0.387,0.423,0.462,0.503,0.556,0.612,0.677,0.747,0.823,0.906,0.995,1.103,1.222,1.370,1.534,1.668,1.810,1.956,2.113,2.273,2.437,2.616
SFEG_P,0.002,0.002,0.003,0.003,0.003,0.004,0.005,0.005,0.006,0.007,0.008,0.009,0.010,0.010,0.011,0.013,0.014,0.015,0.017,0.019,0.021,0.023,0.025,0.028,0.032,0.034,0.037,0.040,0.044,0.047,0.050,0.054
SFIL_P,0.001,0.001,0.001,0.001,0.002,0.002,0.002,0.002,0.003,0.003,0.004,0.004,0.004,0.005,0.005,0.006,0.006,0.007,0.008,0.009,0.009,0.010,0.012,0.013,0.014,0.016,0.017,0.018,0.020,0.021,0.023,0.025
SHEC_3,0.019,0.022,0.025,0.029,0.033,0.038,0.043,0.049,0.056,0.063,0.075,0.082,0.090,0.098,0.108,0.119,0.132,0.146,0.161,0.177,0.194,0.215,0.238,0.267,0.299,0.325,0.353,0.382,0.412,0.443,0.475,0.510
SHIN_P,0.001,0.001,0.001,0.001,0.001,0.001,0.001,0.002,0.002,0.002,0.002,0.003,0.003,0.003,0.003,0.004,0.004,0.005,0.005,0.006,0.006,0.007,0.007,0.008,0.009,0.010,0.011,0.012,0.013,0.014,0.015,0.016
SHRU,0.025,0.028,0.032,0.036,0.041,0.048,0.053,0.061,0.070,0.079,0.094,0.103,0.112,0.122,0.135,0.149,0.165,0.182,0.200,0.220,0.242,0.268,0.297,0.333,0.373,0.406,0.440,0.476,0.514,0.553,0.593,0.637
SHRW_1,0.067,0.077,0.088,0.101,0.115,0.133,0.148,0.171,0.195,0.221,0.262,0.287,0.313,0.341,0.377,0.415,0.459,0.507,0.559,0.615,0.676,0.749,0.829,0.930,1.041,1.132,1.229,1.328,1.434,1.543,1.654,1.776
SIGH,0.043,0.049,0.057,0.064,0.073,0.085,0.095,0.109,0.125,0.141,0.168,0.183,0.200,0.218,0.241,0.265,0.294,0.324,0.357,0.393,0.432,0.479,0.530,0.594,0.665,0.724,0.785,0.849,0.917,0.986,1.057,1.135
SJOW_1,0.161,0.186,0.213,0.243,0.276,0.320,0.357,0.412,0.470,0.531,0.632,0.691,0.755,0.822,0.908,1.000,1.106,1.221,1.346,1.481,1.627,1.804,1.997,2.239,2.507,2.727,2.959,3.198,3.453,3.715,3.983,4.276
SKLGB1,0.361,0.420,0.479,0.547,0.622,0.721,0.804,0.928,1.059,1.196,1.423,1.556,1.699,1.851,2.045,2.252,2.490,2.749,3.030,3.335,3.663,4.061,4.497,5.041,5.645,6.139,6.661,7.200,7.775,8.363,8.968,9.627
SLOY_P,0.001,0.001,0.002,0.002,0.002,0.002,0.003,0.003,0.003,0.004,0.005,0.005,0.005,0.006,0.007,0.007,0.008,0.009,0.010,0.011,0.012,0.013,0.014,0.016,0.018,0.020,0.021,0.023,0.025,0.027,0.029,0.031
SMAN_1,0.178,0.207,0.236,0.269,0.307,0.355,0.396,0.457,0.522,0.589,0.701,0.767,0.837,0.912,1.007,1.109,1.227,1.354,1.493,1.643,1.805,2.001,2.216,2.484,2.781,3.024,3.282,3.547,3.831,4.120,4.418,4.743
SPAV,0.012,0.014,0.016,0.018,0.021,0.024,0.027,0.031,0.035,0.039,0.047,0.051,0.056,0.061,0.068,0.074,0.082,0.091,0.100,0.110,0.121,0.134,0.148,0.166,0.186,0.203,0.220,0.238,0.257,0.276,0.296,0.318
SPEN_1,0.152,0.176,0.201,0.229,0.261,0.302,0.337,0.389,0.444,0.502,0.597,0.653,0.713,0.777,0.858,0.945,1.045,1.153,1.271,1.399,1.537,1.703,1.886,2.115,2.368,2.575,2.794,3.020,3.262,3.508,3.762,4.038
SSHI_3,0.050,0.058,0.066,0.075,0.085,0.099,0.110,0.127,0.145,0.164,0.195,0.213,0.233,0.254,0.280,0.309,0.341,0.377,0.416,0.457,0.502,0.557,0.617,0.691,0.774,0.842,0.913,0.987,1.066,1.147,1.230,1.320
STAL_1,0.259,0.301,0.344,0.392,0.446,0.517,0.576,0.665,0.759,0.858,1.020,1.116,1.218,1.327,1.466,1.614,1.785,1.971,2.173,2.391,2.626,2.911,3.224,3.614,4.047,4.401,4.775,5.162,5.574,5.996,6.429,6.902
STAY_1,0.082,0.096,0.109,0.124,0.142,0.164,0.183,0.211,0.241,0.272,0.324,0.354,0.387,0.421,0.465,0.513,0.567,0.626,0.690,0.759,0.834,0.924,1.024,1.147,1.285,1.397,1.516,1.639,1.770,1.904,2.041,2.191
STEN_1,0.090,0.104,0.119,0.136,0.154,0.179,0.199,0.230,0.262,0.297,0.353,0.386,0.421,0.459,0.507,0.558,0.617,0.681,0.751,0.827,0.908,1.007,1.115,1.250,1.399,1.522,1.651,1.785,1.927,2.073,2.223,2.386
STES_1,0.145,0.169,0.193,0.220,0.251,0.290,0.324,0.373,0.426,0.482,0.573,0.627,0.684,0.745,0.823,0.906,1.002,1.106,1.220,1.342,1.475,1.635,1.810,2.029,2.272,2.471,2.681,2.898,3.130,3.367,3.610,3.875
STHA,0.024,0.028,0.032,0.036,0.041,0.048,0.053,0.061,0.070,0.079,0.094,0.103,0.112,0.122,0.135,0.149,0.164,0.182,0.200,0.220,0.242,0.268,0.297,0.333,0.373,0.405,0.440,0.475,0.513,0.552,0.592,0.636
STIR,0.021,0.024,0.027,0.031,0.035,0.040,0.045,0.052,0.059,0.067,0.080,0.087,0.095,0.104,0.115,0.126,0.140,0.154,0.170,0.187,0.206,0.228,0.253,0.283,0.317,0.345,0.374,0.404,0.437,0.470,0.504,0.541
STLE,0.018,0.021,0.023,0.027,0.030,0.035,0.039,0.045,0.052,0.059,0.070,0.076,0.083,0.091,0.100,0.110,0.122,0.135,0.148,0.163,0.180,0.199,0.220,0.247,0.277,0.301,0.326,0.353,0.381,0.410,0.439,0.472
SUND_1,0.339,0.394,0.450,0.513,0.584,0.676,0.755,0.871,0.993,1.122,1.335,1.460,1.594,1.737,1.919,2.113,2.337,2.579,2.844,3.129,3.438,3.810,4.220,4.730,5.297,5.760,6.250,6.756,7.296,7.848,8.415,9.033
SWAN_1,0.362,0.420,0.480,0.547,0.623,0.722,0.805,0.929,1.060,1.198,1.424,1.558,1.701,1.853,2.047,2.254,2.493,2.752,3.034,3.339,3.668,4.066,4.503,5.047,5.651,6.146,6.669,7.209,7.784,8.373,8.979,9.638
TARL_P,0.009,0.010,0.011,0.013,0.015,0.017,0.019,0.022,0.025,0.028,0.033,0.037,0.040,0.043,0.048,0.053,0.058,0.065,0.071,0.078,0.086,0.095,0.106,0.118,0.133,0.144,0.156,0.169,0.183,0.196,0.211,0.226
TAUN1,0.054,0.063,0.072,0.082,0.093,0.108,0.120,0.139,0.158,0.179,0.213,0.233,0.254,0.277,0.306,0.337,0.373,0.411,0.454,0.499,0.548,0.608,0.673,0.755,0.845,0.919,0.997,1.078,1.164,1.252,1.342,1.441
TAYN_P,0.012,0.014,0.016,0.018,0.021,0.024,0.027,0.031,0.036,0.040,0.048,0.053,0.057,0.063,0.069,0.076,0.084,0.093,0.102,0.113,0.124,0.137,0.152,0.170,0.191,0.207,0.225,0.243,0.263,0.283,0.303,0.325
TELR,0.019,0.021,0.024,0.027,0.031,0.036,0.040,0.046,0.053,0.060,0.071,0.077,0.085,0.092,0.102,0.112,0.124,0.137,0.151,0.166,0.182,0.202,0.224,0.251,0.281,0.305,0.331,0.358,0.387,0.416,0.446,0.479
TEMP_3,0.024,0.028,0.032,0.037,0.042,0.048,0.054,0.062,0.071,0.080,0.095,0.104,0.114,0.124,0.137,0.151,0.167,0.184,0.203,0.223,0.245,0.272,0.301,0.338,0.378,0.411,0.446,0.482,0.521,0.560,0.601,0.645
THOM_6,0.138,0.160,0.183,0.209,0.238,0.275,0.307,0.354,0.405,0.457,0.544,0.595,0.649,0.707,0.781,0.860,0.951,1.050,1.158,1.274,1.400,1.552,1.718,1.926,2.157,2.346,2.545,2.751,2.971,3.196,3.427,3.678
THSO_P,0.020,0.023,0.026,0.030,0.034,0.039,0.044,0.050,0.058,0.065,0.077,0.085,0.092,0.101,0.111,0.122,0.135,0.149,0.165,0.181,0.199,0.221,0.244,0.274,0.307,0.334,0.362,0.391,0.423,0.455,0.487,0.523
THUR_6,0.114,0.132,0.151,0.172,0.196,0.227,0.253,0.292,0.333,0.377,0.448,0.490,0.535,0.583,0.644,0.709,0.784,0.866,0.954,1.050,1.154,1.279,1.416,1.588,1.778,1.933,2.098,2.268,2.449,2.634,2.824,3.032
TILBB_1,0.108,0.126,0.144,0.164,0.187,0.216,0.241,0.278,0.317,0.359,0.427,0.467,0.509,0.555,0.613,0.675,0.747,0.824,0.909,1.000,1.098,1.217,1.348,1.511,1.692,1.841,1.997,2.159,2.331,2.508,2.689,2.886
TONG;CAFA;EAST;GLLE;KEOO,0.008,0.009,0.011,0.012,0.014,0.016,0.018,0.021,0.024,0.027,0.032,0.035,0.038,0.041,0.046,0.050,0.056,0.061,0.068,0.075,0.082,0.091,0.101,0.113,0.126,0.137,0.149,0.161,0.174,0.187,0.201,0.215
TOTT_1,0.189,0.220,0.251,0.286,0.326,0.378,0.421,0.486,0.555,0.627,0.745,0.815,0.890,0.970,1.071,1.179,1.304,1.440,1.587,1.747,1.919,2.127,2.356,2.641,2.957,3.215,3.489,3.771,4.072,4.381,4.697,5.042
TRAW_1,0.054,0.063,0.072,0.082,0.094,0.109,0.121,0.140,0.160,0.180,0.214,0.235,0.256,0.279,0.308,0.339,0.375,0.414,0.457,0.503,0.552,0.612,0.678,0.760,0.851,0.925,1.004,1.085,1.172,1.260,1.352,1.451
TUMB_P,0.005,0.006,0.007,0.008,0.009,0.010,0.012,0.013,0.015,0.017,0.021,0.023,0.025,0.027,0.030,0.033,0.036,0.040,0.044,0.048,0.053,0.059,0.065,0.073,0.082,0.089,0.097,0.105,0.113,0.122,0.130,0.140
TYNE_1;TYNE_2,0.119,0.139,0.159,0.181,0.207,0.238,0.267,0.307,0.350,0.396,0.471,0.515,0.563,0.613,0.677,0.746,0.825,0.910,1.004,1.105,1.213,1.345,1.490,1.670,1.870,2.034,2.206,2.386,2.575,2.771,2.970,3.190
UPPB_1;UPPB_3,0.130,0.151,0.172,0.197,0.225,0.260,0.289,0.334,0.381,0.431,0.513,0.561,0.612,0.668,0.737,0.811,0.898,0.991,1.092,1.201,1.320,1.463,1.621,1.817,2.035,2.212,2.400,2.595,2.802,3.014,3.232,3.469
USKM_1;ALST_3,0.164,0.191,0.218,0.249,0.283,0.328,0.367,0.423,0.483,0.545,0.648,0.709,0.774,0.843,0.931,1.026,1.135,1.252,1.381,1.520,1.669,1.850,2.049,2.296,2.571,2.796,3.035,3.280,3.542,3.810,4.086,4.386
WALH_1,0.265,0.308,0.352,0.401,0.456,0.529,0.590,0.680,0.776,0.877,1.043,1.141,1.246,1.358,1.499,1.651,1.826,2.016,2.222,2.446,2.687,2.978,3.298,3.697,4.140,4.502,4.885,5.281,5.702,6.134,6.577,7.060
WALP_1,0.304,0.353,0.403,0.460,0.523,0.606,0.676,0.780,0.890,1.006,1.196,1.308,1.428,1.556,1.719,1.893,2.093,2.310,2.547,2.803,3.079,3.413,3.780,4.238,4.745,5.160,5.599,6.053,6.536,7.030,7.538,8.092
WALP_B,0.065,0.076,0.087,0.099,0.113,0.131,0.146,0.168,0.192,0.217,0.258,0.282,0.308,0.335,0.370,0.408,0.451,0.498,0.549,0.604,0.664,0.736,0.815,0.913,1.023,1.112,1.207,1.305,1.409,1.515,1.625,1.744
WARL_1,0.125,0.145,0.166,0.189,0.215,0.249,0.278,0.321,0.366,0.414,0.492,0.539,0.588,0.641,0.707,0.779,0.862,0.951,1.049,1.154,1.268,1.405,1.556,1.744,1.953,2.124,2.305,2.491,2.690,2.894,3.103,3.331
WASF_1;KIBY_G,0.114,0.132,0.151,0.172,0.195,0.226,0.253,0.292,0.333,0.376,0.447,0.489,0.534,0.582,0.643,0.707,0.782,0.863,0.952,1.047,1.150,1.275,1.413,1.584,1.773,1.929,2.092,2.262,2.442,2.627,2.817,3.024
WATFS_1,0.181,0.210,0.240,0.274,0.312,0.361,0.403,0.465,0.530,0.599,0.713,0.780,0.851,0.928,1.024,1.128,1.248,1.377,1.518,1.671,1.836,2.035,2.253,2.526,2.828,3.076,3.337,3.608,3.896,4.191,4.493,4.824
WBOL_6,0.146,0.170,0.194,0.221,0.251,0.291,0.325,0.375,0.428,0.483,0.575,0.629,0.686,0.748,0.826,0.909,1.006,1.110,1.224,1.347,1.480,1.640,1.816,2.036,2.280,2.480,2.690,2.908,3.140,3.378,3.622,3.888
WBUR_1,0.109,0.126,0.144,0.165,0.188,0.217,0.242,0.280,0.319,0.360,0.429,0.469,0.512,0.558,0.616,0.679,0.750,0.828,0.913,1.005,1.104,1.224,1.355,1.519,1.701,1.850,2.007,2.170,2.343,2.520,2.702,2.901
WFIE,0.020,0.023,0.026,0.030,0.034,0.040,0.044,0.051,0.058,0.066,0.079,0.086,0.094,0.102,0.113,0.124,0.138,0.152,0.167,0.184,0.202,0.224,0.248,0.278,0.312,0.339,0.368,0.398,0.429,0.462,0.495,0.532
WGEO,0.008,0.010,0.011,0.013,0.014,0.017,0.019,0.021,0.024,0.028,0.033,0.036,0.039,0.043,0.047,0.052,0.057,0.063,0.070,0.077,0.084,0.094,0.104,0.116,0.130,0.142,0.154,0.166,0.179,0.193,0.207,0.222
WHAM_1;ISLI_1,0.277,0.322,0.368,0.479,0.544,0.630,0.703,0.811,0.926,1.047,1.244,1.361,1.487,1.620,1.789,1.970,2.179,2.405,2.651,2.918,3.205,3.553,3.934,4.410,4.938,5.371,5.828,6.300,6.802,7.317,7.846,8.422
WHGA_1,0.172,0.200,0.228,0.260,0.296,0.343,0.382,0.441,0.504,0.569,0.677,0.740,0.808,0.880,0.972,1.071,1.184,1.307,1.441,1.586,1.742,1.931,2.139,2.398,2.685,2.920,3.168,3.424,3.698,3.978,4.265,4.579
WHHO,0.033,0.037,0.042,0.048,0.055,0.064,0.071,0.082,0.093,0.106,0.126,0.137,0.150,0.163,0.181,0.199,0.220,0.243,0.268,0.294,0.323,0.359,0.397,0.445,0.498,0.542,0.588,0.636,0.687,0.739,0.792,0.850
WIBA_3,0.006,0.007,0.008,0.009,0.011,0.012,0.014,0.016,0.018,0.020,0.024,0.026,0.029,0.031,0.035,0.038,0.042,0.046,0.051,0.056,0.062,0.069,0.076,0.085,0.095,0.104,0.112,0.122,0.131,0.141,0.151,0.162
WIEN_1,0.075,0.087,0.099,0.113,0.129,0.149,0.166,0.192,0.219,0.247,0.294,0.322,0.351,0.383,0.423,0.466,0.515,0.569,0.627,0.690,0.758,0.840,0.930,1.043,1.168,1.270,1.378,1.489,1.608,1.730,1.855,1.991
WILL_1,0.304,0.353,0.404,0.461,0.524,0.607,0.677,0.781,0.892,1.007,1.198,1.311,1.431,1.559,1.722,1.896,2.097,2.315,2.552,2.808,3.085,3.420,3.788,4.246,4.754,5.170,5.610,6.064,6.548,7.044,7.553,8.108
WIMBS1;WIMBN1,0.322,0.373,0.426,0.486,0.554,0.641,0.715,0.825,0.941,1.064,1.265,1.384,1.511,1.647,1.819,2.003,2.215,2.445,2.695,2.966,3.259,3.612,4.001,4.484,5.021,5.461,5.925,6.405,6.916,7.440,7.977,8.564
WIOW_P,0.012,0.014,0.016,0.018,0.020,0.024,0.026,0.030,0.035,0.039,0.047,0.051,0.056,0.061,0.067,0.074,0.082,0.090,0.099,0.109,0.120,0.133,0.147,0.165,0.185,0.201,0.218,0.236,0.255,0.274,0.294,0.316
WISD_6;WISD_1;ACTL_C,0.163,0.189,0.218,0.247,0.282,0.325,0.364,0.420,0.479,0.542,0.643,0.704,0.768,0.837,0.925,1.018,1.126,1.243,1.370,1.508,1.657,1.836,2.034,2.279,2.552,2.776,3.012,3.256,3.516,3.781,4.055,4.353
WISH;RAVE,0.040,0.046,0.052,0.060,0.067,0.078,0.088,0.101,0.116,0.131,0.155,0.169,0.185,0.201,0.223,0.245,0.271,0.300,0.330,0.363,0.399,0.442,0.490,0.549,0.614,0.669,0.726,0.784,0.847,0.911,0.977,1.049
WMEL_1,0.261,0.303,0.347,0.395,0.450,0.521,0.581,0.671,0.765,0.865,1.028,1.125,1.228,1.338,1.478,1.628,1.800,1.987,2.190,2.410,2.648,2.935,3.251,3.644,4.080,4.437,4.814,5.204,5.620,6.045,6.482,6.958
WOHI_P,0.019,0.022,0.025,0.029,0.033,0.038,0.042,0.049,0.056,0.063,0.075,0.082,0.089,0.097,0.107,0.118,0.131,0.144,0.159,0.175,0.192,0.213,0.236,0.265,0.296,0.322,0.350,0.378,0.408,0.439,0.471,0.505
WTHU31,0.038,0.044,0.050,0.057,0.065,0.075,0.084,0.097,0.110,0.125,0.148,0.162,0.177,0.193,0.213,0.235,0.260,0.287,0.316,0.348,0.382,0.423,0.469,0.526,0.589,0.640,0.694,0.751,0.811,0.872,0.935,1.004
WWEY_1,0.217,0.252,0.288,0.328,0.373,0.432,0.482,0.557,0.635,0.718,0.854,0.934,1.019,1.111,1.227,1.351,1.494,1.649,1.818,2.001,2.198,2.436,2.698,3.025,3.387,3.683,3.997,4.320,4.665,5.018,5.381,5.776
WYLF_1,0.029,0.033,0.038,0.044,0.050,0.057,0.064,0.074,0.084,0.095,0.113,0.124,0.135,0.147,0.163,0.179,0.198,0.219,0.241,0.265,0.292,0.323,0.358,0.401,0.449,0.489,0.530,0.573,0.619,0.666,0.714,0.766
WYMOM_1,0.142,0.165,0.189,0.215,0.245,0.284,0.317,0.365,0.417,0.471,0.560,0.613,0.669,0.729,0.805,0.886,0.980,1.082,1.193,1.313,1.442,1.598,1.770,1.984,2.222,2.416,2.622,2.834,3.061,3.292,3.530,3.789
