GSP,2021,2022,2023,2024,2025,2026,2027,2028,2029,2030,2031,2032,2033,2034,2035,2036,2037,2038,2039,2040,2041,2042,2043,2044,2045,2046,2047,2048,2049,2050
ABHA1,4142.8,4205.8,4268.7,4331.7,4394.6,4457.5,4520.5,4583.4,4646.3,4709.2,4772.2,4835.1,4898.0,4961.0,5023.9,5086.6,5149.4,5212.3,5275.2,5338.2,5401.2,5464.4,5527.3,5590.3,5653.2,5716.1,5779.0,5842.0,5904.9,5967.8
ABNE_P,398.0,404.0,410.1,416.1,422.2,428.2,434.3,440.3,446.4,452.4,458.5,464.5,470.5,476.6,482.6,488.6,494.7,500.7,506.8,512.8,518.9,524.9,531.0,537.0,543.1,549.1,555.1,561.2,567.3,573.3
ABTH_1,3086.7,3133.6,3180.5,3227.4,3274.3,3321.1,3368.0,3414.9,3461.8,3508.7,3555.6,3602.5,3649.4,3696.2,3743.1,3789.9,3836.6,3883.5,3930.4,3977.3,4024.3,4071.3,4118.2,4165.1,4212.0,4258.9,4305.8,4352.7,4399.5,4446.4
ACTL_2;CBNK_H;GREE_H;PERI_H,1977.7,2008.0,2038.1000000000001,2067.9,2098.1000000000004,2128.2,2158.0,2188.3,2218.2,2248.2,2278.3999999999996,2308.4,2338.5,2368.3999999999996,2398.3999999999996,2428.5,2458.4000000000005,2488.6000000000004,2518.5,2548.5,2578.7,2608.7999999999997,2638.7999999999997,2668.9,2699.0,2729.0000000000005,2759.0000000000005,2789.2999999999997,2819.2,2849.2
ACTL_C;WISD_1;WISD_6,6068.4,6160.8,6252.9,6345.1,6437.3,6529.5,6621.7,6713.8,6805.9,6898.299999999999,6990.4,7082.6,7174.8,7266.9,7359.1,7451.099999999999,7543.0,7635.1,7727.200000000001,7819.4,7912.0,8004.400000000001,8096.5,8188.799999999999,8280.8,8373.1,8465.2,8557.5,8649.7,8741.9
ALNE_P,335.2,340.3,345.4,350.5,355.6,360.7,365.8,370.9,376.0,381.1,386.1,391.2,396.4,401.4,406.5,411.6,416.7,421.8,426.9,431.9,437.1,442.2,447.3,452.4,457.4,462.5,467.6,472.8,477.8,482.9
ALST_3;USKM_1,3901.0,3960.2999999999997,4019.6,4078.7999999999997,4138.1,4197.400000000001,4256.6,4315.9,4375.2,4434.4,4493.7,4552.900000000001,4612.2,4671.400000000001,4730.7,4789.7,4848.8,4908.1,4967.400000000001,5026.599999999999,5086.0,5145.5,5204.7,5264.0,5323.299999999999,5382.599999999999,5441.8,5501.0,5560.2,5619.599999999999
ALVE1,3829.0,3887.3,3945.4,4003.6,4061.8,4119.9,4178.1,4236.3,4294.4,4352.6,4410.7,4468.9,4527.1,4585.2,4643.4,4701.4,4759.4,4817.5,4875.7,4933.9,4992.2,5050.5,5108.7,5166.9,5225.0,5283.2,5341.4,5399.5,5457.7,5515.8
AMEM_1,1093.3,1110.0,1126.6,1143.2,1159.8,1176.4,1193.0,1209.6,1226.2,1242.8,1259.4,1276.0,1292.6,1309.3,1325.9,1342.4,1359.0,1375.6,1392.2,1408.8,1425.4,1442.1,1458.7,1475.3,1491.9,1508.5,1525.1,1541.8,1558.4,1575.0
ARBR_P,364.0,369.5,375.0,380.5,386.1,391.6,397.1,402.6,408.2,413.7,419.2,424.8,430.3,435.8,441.4,446.8,452.4,457.9,463.4,468.9,474.5,480.0,485.6,491.1,496.6,502.1,507.7,513.2,518.7,524.3
ARDK_P;CLAC_P,40.7,41.3,41.9,42.5,43.2,43.8,44.4,45.0,45.7,46.3,46.9,47.5,48.1,48.8,49.3,49.9,50.6,51.2,51.8,52.5,53.1,53.7,54.3,54.9,55.6,56.2,56.8,57.4,58.0,58.6
AXMI1,2768.7,2810.7,2852.8,2894.9,2936.9,2979.0,3021.0,3063.1,3105.2,3147.2,3189.3,3231.3,3273.4,3315.4,3357.5,3399.4,3441.4,3483.4,3525.5,3567.5,3609.7,3651.9,3694.0,3736.0,3778.0,3820.1,3862.2,3904.2,3946.3,3988.3
AYRR,525.5,533.5,541.5,549.4,557.4,565.4,573.4,581.4,589.4,597.3,605.3,613.3,621.3,629.3,637.3,645.2,653.2,661.1,669.1,677.1,685.1,693.1,701.1,709.1,717.1,725.1,733.0,741.0,749.0,757.0
BAGA,398.7,404.8,410.9,416.9,423.0,429.0,435.1,441.2,447.2,453.2,459.3,465.4,471.4,477.5,483.5,489.5,495.6,501.6,507.7,513.8,519.8,525.9,532.0,538.0,544.1,550.2,556.2,562.2,568.3,574.3
BAIN,178.0,180.6,183.4,186.0,188.7,191.5,194.1,196.8,199.6,202.2,205.0,207.7,210.4,213.1,215.7,218.5,221.2,223.9,226.6,229.3,232.0,234.7,237.4,240.1,242.8,245.5,248.2,250.9,253.6,256.3
BARKC1;BARKW3,5698.0,5784.700000000001,5871.299999999999,5957.8,6044.4,6131.0,6217.5,6304.1,6390.6,6477.2,6563.7,6650.299999999999,6736.9,6823.400000000001,6909.9,6996.200000000001,7082.5,7169.1,7255.6,7342.2,7429.0,7515.799999999999,7602.4,7688.900000000001,7775.5,7862.0,7948.7,8035.1,8121.7,8208.3
BEAU_P;ORRI_P,313.3,318.1,322.8,327.6,332.4,337.1,341.9,346.7,351.4,356.2,361.0,365.7,370.5,375.3,380.0,384.7,389.5,394.3,399.0,403.8,408.5,413.3,418.1,422.8,427.6,432.4,437.1,441.9,446.7,451.4
BEDDT1,1835.6,1863.5,1891.4,1919.2,1947.1,1975.0,2002.9,2030.8,2058.7,2086.6,2114.4,2142.4,2170.2,2198.1,2226.0,2253.8,2281.6,2309.4,2337.3,2365.2,2393.2,2421.2,2449.0,2476.9,2504.8,2532.7,2560.6,2588.5,2616.4,2644.2
BEDD_1,6751.6,6854.3,6956.9,7059.5,7162.0,7264.5,7367.1,7469.7,7572.2,7674.8,7777.3,7879.9,7982.5,8085.0,8187.6,8289.8,8392.1,8494.7,8597.2,8699.7,8802.6,8905.5,9008.0,9110.6,9213.1,9315.7,9418.3,9520.8,9623.4,9726.0
BERB_P;CAIF_P;DALL_P;GLEF_P;KEIT_P,510.4,518.1,525.9,533.6,541.4,549.1,556.9,564.6,572.4,580.2,587.9,595.7,603.4,611.2,618.9,626.7,634.4,642.1,649.9,657.6,665.4,673.2,680.9,688.7,696.5,704.2,712.0,719.7,727.4,735.2
BERW,507.0,514.7,522.4,530.1,537.8,545.5,553.2,560.9,568.6,576.3,584.0,591.7,599.4,607.1,614.9,622.5,630.2,637.9,645.6,653.3,661.0,668.8,676.4,684.2,691.9,699.5,707.3,714.9,722.7,730.4
BESW_1,5563.2,5647.8,5732.3,5816.8,5901.3,5985.8,6070.3,6154.8,6239.3,6323.8,6408.4,6492.9,6577.4,6661.9,6746.4,6830.7,6914.9,6999.4,7083.9,7168.4,7253.2,7337.9,7422.4,7507.0,7591.5,7676.0,7760.4,7845.0,7929.5,8014.0
BICF_1,2341.5,2377.2,2412.8,2448.3,2483.8,2519.5,2555.0,2590.6,2626.1,2661.7,2697.3,2732.8,2768.4,2804.0,2839.5,2875.0,2910.5,2946.0,2981.6,3017.2,3052.8,3088.5,3124.1,3159.7,3195.2,3230.8,3266.4,3301.9,3337.5,3373.1
BIRK_1,3512.0,3565.4,3618.8,3672.1,3725.5,3778.8,3832.2,3885.5,3938.8,3992.2,4045.5,4098.9,4152.2,4205.6,4259.0,4312.1,4365.4,4418.7,4472.0,4525.4,4578.9,4632.4,4685.7,4739.1,4792.4,4845.8,4899.1,4952.5,5005.9,5059.2
BISW_1,8252.0,8377.6,8502.9,8628.2,8753.6,8878.9,9004.3,9129.7,9255.0,9380.4,9505.7,9631.1,9756.4,9881.8,10007.1,10132.1,10257.1,10382.4,10507.8,10633.1,10758.8,10884.5,11009.9,11135.3,11260.6,11386.0,11511.3,11636.7,11762.0,11887.4
BLYTB1,7708.3,7825.5,7942.6,8059.7,8176.8,8293.8,8411.0,8528.1,8645.2,8762.2,8879.3,8996.4,9113.5,9230.6,9347.7,9464.5,9581.2,9698.3,9815.3,9932.4,10049.9,10167.3,10284.4,10401.5,10518.6,10635.7,10752.8,10869.9,10987.0,11104.0
BLYTH132,1012.0,1027.4,1042.7,1058.1,1073.5,1088.8,1104.2,1119.6,1135.0,1150.3,1165.7,1181.0,1196.4,1211.8,1227.2,1242.5,1257.8,1273.2,1288.6,1303.9,1319.3,1334.7,1350.1,1365.5,1380.9,1396.3,1411.6,1427.0,1442.4,1457.8
BOAG_P,274.8,279.0,283.1,287.3,291.5,295.7,299.8,304.0,308.2,312.4,316.6,320.7,324.9,329.1,333.2,337.4,341.6,345.7,349.9,354.1,358.3,362.5,366.6,370.8,375.0,379.1,383.3,387.5,391.7,395.9
BOLN_1,14166.1,14381.6,14596.7,14811.9,15027.1,15242.3,15457.5,15672.6,15887.8,16103.0,16318.2,16533.4,16748.6,16963.8,17179.0,17393.5,17608.1,17823.2,18038.4,18253.6,18469.4,18685.2,18900.5,19115.7,19330.8,19546.0,19761.2,19976.4,20191.6,20406.7
BONN,599.3,608.4,617.5,626.6,635.7,644.8,653.9,663.0,672.1,681.2,690.3,699.4,708.5,717.6,726.7,735.8,744.9,754.0,763.1,772.2,781.3,790.5,799.5,808.7,817.7,826.9,836.0,845.1,854.2,863.3
BOTW_1,2463.0,2500.5,2537.9,2575.3,2612.8,2650.2,2687.6,2725.0,2762.4,2799.8,2837.2,2874.6,2912.1,2949.5,2986.9,3024.2,3061.5,3098.9,3136.3,3173.7,3211.3,3248.7,3286.2,3323.6,3361.0,3398.4,3435.8,3473.3,3510.7,3548.1
BRAC_P,299.1,303.6,308.1,312.7,317.2,321.8,326.3,330.9,335.4,339.9,344.5,349.0,353.5,358.1,362.7,367.2,371.7,376.3,380.8,385.3,389.9,394.4,399.0,403.5,408.1,412.6,417.1,421.7,426.3,430.8
BRAI_1,3608.5,3663.3,3718.2,3773.0,3827.8,3882.6,3937.4,3992.2,4047.1,4101.9,4156.7,4211.5,4266.3,4321.2,4376.0,4430.6,4485.2,4540.1,4594.8,4649.7,4704.6,4759.6,4814.5,4869.3,4924.1,4978.9,5033.7,5088.5,5143.4,5198.2
BRAP,340.6,345.8,350.9,356.1,361.3,366.5,371.6,376.8,381.9,387.1,392.3,397.5,402.7,407.8,413.0,418.2,423.4,428.5,433.7,438.8,444.0,449.2,454.4,459.6,464.8,469.9,475.1,480.3,485.4,490.6
BRAW_1,6936.2,7041.7,7147.0,7252.4,7357.8,7463.1,7568.5,7673.8,7779.2,7884.6,7989.9,8095.3,8200.6,8306.0,8411.4,8516.5,8621.5,8726.8,8832.2,8937.5,9043.2,9148.9,9254.3,9359.7,9465.0,9570.4,9675.8,9781.1,9886.4,9991.8
BRED_1,4725.6,4797.4,4869.3,4941.0,5012.8,5084.6,5156.4,5228.2,5299.9,5371.7,5443.5,5515.3,5587.1,5658.9,5730.6,5802.2,5873.8,5945.6,6017.3,6089.1,6161.1,6233.1,6304.9,6376.7,6448.5,6520.2,6592.1,6663.9,6735.6,6807.4
BRFO_1;CLT03,13879.3,14090.4,14301.099999999999,14512.1,14722.9,14933.7,15144.5,15355.3,15566.1,15777.0,15987.800000000001,16198.699999999999,16409.5,16620.3,16831.100000000002,17041.3,17251.6,17462.3,17673.1,17883.9,18095.4,18306.800000000003,18517.8,18728.600000000002,18939.399999999998,19150.2,19361.0,19572.0,19782.8,19993.5
BRID_P,304.3,308.9,313.5,318.1,322.8,327.4,332.0,336.6,341.2,345.9,350.5,355.1,359.7,364.3,369.0,373.6,378.2,382.8,387.4,392.0,396.7,401.3,405.9,410.6,415.2,419.8,424.4,429.1,433.6,438.3
BRIM_1,5098.8,5176.3,5253.8,5331.3,5408.7,5486.2,5563.6,5641.0,5718.5,5795.9,5873.4,5950.9,6028.3,6105.8,6183.3,6260.5,6337.7,6415.1,6492.5,6570.0,6647.7,6725.4,6802.9,6880.3,6957.7,7035.2,7112.7,7190.1,7267.6,7345.0
BRLE_1;FLEE_1,11336.6,11509.1,11681.3,11853.5,12025.6,12197.9,12370.1,12542.3,12714.5,12886.7,13058.9,13231.1,13403.3,13575.5,13747.7,13919.5,14091.1,14263.3,14435.5,14607.7,14780.4,14953.1,15125.4,15297.6,15469.8,15642.0,15814.2,15986.4,16158.6,16330.9
BROA_P,176.6,179.2,182.0,184.6,187.3,190.0,192.7,195.4,198.0,200.7,203.4,206.1,208.8,211.5,214.1,216.8,219.5,222.1,224.8,227.5,230.2,232.9,235.6,238.3,241.0,243.6,246.3,249.0,251.7,254.4
BROR_P,88.2,89.6,90.9,92.3,93.6,94.9,96.3,97.6,99.0,100.3,101.6,103.0,104.3,105.7,107.0,108.3,109.6,111.0,112.3,113.7,115.0,116.4,117.7,119.0,120.4,121.7,123.1,124.4,125.8,127.1
BROX,546.0,554.3,562.6,570.9,579.2,587.5,595.7,604.0,612.4,620.6,628.9,637.2,645.5,653.8,662.1,670.3,678.6,686.9,695.2,703.5,711.8,720.1,728.5,736.7,745.1,753.3,761.6,769.9,778.2,786.5
BRWA1,3253.0,3302.4,3351.9,3401.3,3450.7,3500.1,3549.6,3598.9,3648.4,3697.8,3747.2,3796.6,3846.0,3895.4,3944.9,3994.1,4043.4,4092.8,4142.2,4191.6,4241.2,4290.7,4340.1,4389.6,4439.0,4488.4,4537.8,4587.2,4636.7,4686.0
BUMU_P,470.8,478.0,485.2,492.3,499.4,506.6,513.7,520.9,528.0,535.2,542.4,549.5,556.7,563.8,570.9,578.1,585.2,592.4,599.6,606.7,613.8,621.1,628.2,635.4,642.5,649.6,656.8,663.9,671.1,678.3
BURM_1,5265.3,5345.4,5425.4,5505.4,5585.4,5665.4,5745.3,5825.3,5905.3,5985.3,6065.3,6145.3,6225.2,6305.2,6385.2,6465.0,6544.7,6624.7,6704.6,6784.6,6864.8,6945.0,7025.1,7105.0,7185.0,7265.0,7345.0,7425.0,7505.0,7584.9
BUSH_1,2609.2,2648.8,2688.5,2728.1,2767.7,2807.4,2847.0,2886.7,2926.3,2965.9,3005.5,3045.1,3084.8,3124.4,3164.1,3203.6,3243.1,3282.7,3322.3,3362.0,3401.8,3441.5,3481.1,3520.8,3560.4,3600.1,3639.7,3679.3,3718.9,3758.6
BUST_1,3683.9,3739.8,3795.8,3851.8,3907.7,3963.7,4019.6,4075.6,4131.6,4187.5,4243.5,4299.5,4355.4,4411.4,4467.3,4523.1,4578.9,4634.9,4690.8,4746.8,4802.9,4859.0,4915.0,4971.0,5026.9,5082.9,5138.9,5194.8,5250.7,5306.7
CAAD_P,219.2,222.6,225.9,229.2,232.5,235.9,239.2,242.5,245.9,249.2,252.5,255.9,259.2,262.5,265.9,269.1,272.5,275.8,279.1,282.4,285.8,289.1,292.5,295.8,299.1,302.5,305.8,309.1,312.5,315.8
CAFA;EAST;GLLE;KEOO;TONG,354.2,359.5,364.9,370.3,375.7,381.1,386.4,391.8,397.2,402.6,408.0,413.3,418.7,424.1,429.5,434.8,440.2,445.6,450.9,456.3,461.7,467.1,472.5,477.9,483.3,488.6,494.0,499.4,504.8,510.2
CAMB_01,588.3,597.3,606.2,615.2,624.1,633.0,642.0,650.9,659.8,668.8,677.7,686.6,695.6,704.5,713.5,722.4,731.3,740.2,749.1,758.1,767.1,776.0,784.9,793.9,802.8,811.8,820.7,829.7,838.6,847.5
CANTN1;RICH_J;RICH1,3564.1,3618.3,3672.5,3726.6,3780.7,3834.9,3889.0,3943.2,3997.3,4051.5,4105.6,4159.7,4213.9,4268.0,4322.2,4376.2,4430.1,4484.3,4538.4,4592.5,4646.8,4701.1,4755.3,4809.4,4863.5,4917.7,4971.9,5026.0,5080.1,5134.2
CAPEA1,5818.4,5906.9,5995.3,6083.7,6172.1,6260.5,6348.9,6437.2,6525.6,6614.0,6702.4,6790.8,6879.2,6967.5,7055.9,7144.1,7232.2,7320.6,7408.9,7497.3,7585.9,7674.6,7763.0,7851.4,7939.8,8028.2,8116.5,8204.9,8293.3,8381.7
CARE_1,2333.2,2368.7,2404.2,2439.6,2475.1,2510.5,2545.9,2581.4,2616.8,2652.3,2687.7,2723.1,2758.6,2794.0,2829.5,2864.8,2900.1,2935.6,2971.0,3006.5,3042.0,3077.5,3113.0,3148.4,3183.9,3219.3,3254.8,3290.2,3325.7,3361.1
CARR_1,5087.7,5165.1,5242.3,5319.7,5396.9,5474.2,5551.5,5628.8,5706.1,5783.3,5860.6,5937.9,6015.2,6092.5,6169.8,6246.8,6323.9,6401.1,6478.4,6555.7,6633.2,6710.7,6788.0,6865.3,6942.6,7019.9,7097.2,7174.5,7251.8,7329.0
CASS_P,18.4,18.7,19.0,19.2,19.5,19.8,20.1,20.4,20.6,20.9,21.2,21.5,21.7,22.0,22.3,22.6,22.9,23.2,23.4,23.7,24.0,24.3,24.5,24.9,25.1,25.4,25.7,25.9,26.2,26.5
CATY,212.3,215.5,218.7,221.9,225.2,228.4,231.6,234.8,238.1,241.3,244.5,247.7,251.0,254.2,257.4,260.7,263.8,267.1,270.3,273.5,276.7,280.0,283.2,286.5,289.7,292.9,296.1,299.3,302.6,305.8
CEAN_P,15.0,15.3,15.5,15.7,15.9,16.2,16.4,16.6,16.9,17.1,17.3,17.5,17.8,18.0,18.2,18.5,18.7,18.9,19.2,19.4,19.6,19.8,20.1,20.3,20.5,20.8,21.0,21.2,21.5,21.7
CELL_1,9466.1,9610.1,9753.9,9897.7,10041.5,10185.3,10329.0,10472.9,10616.7,10760.5,10904.3,11048.1,11191.8,11335.6,11479.4,11622.8,11766.2,11909.9,12053.7,12197.5,12341.7,12486.0,12629.8,12773.6,12917.3,13061.1,13204.9,13348.8,13492.5,13636.3
CHAP,527.5,535.5,315.2,319.9,324.5,329.2,333.8,338.5,343.1,347.8,352.4,357.1,361.7,366.4,371.0,375.7,380.3,384.9,389.6,394.2,398.9,403.5,408.2,412.8,417.5,422.1,426.8,431.4,436.1,440.7
CHAR_P,178.0,180.7,183.4,186.1,188.8,191.5,194.2,196.9,199.6,202.3,205.0,207.7,210.4,213.1,215.8,218.5,221.2,223.9,226.6,229.3,232.0,234.7,237.4,240.1,242.9,245.6,248.3,250.9,253.6,256.3
CHAS,854.7,867.7,880.6,893.6,906.6,919.6,932.6,945.6,958.6,971.5,984.5,997.5,1010.5,1023.5,1036.4,1049.4,1062.3,1075.3,1088.3,1101.3,1114.3,1127.3,1140.3,1153.3,1166.3,1179.3,1192.2,1205.2,1218.2,1231.2
CHIC_1,1661.4,1686.7,1711.9,1737.1,1762.4,1787.6,1812.9,1838.1,1863.3,1888.6,1913.8,1939.0,1964.3,1989.5,2014.7,2039.9,2065.1,2090.3,2115.6,2140.8,2166.1,2191.4,2216.7,2241.9,2267.2,2292.4,2317.6,2342.8,2368.1,2393.3
CHSI_1,3387.6,3439.1,3490.6,3542.0,3593.5,3645.0,3696.4,3747.9,3799.3,3850.8,3902.2,3953.7,4005.1,4056.6,4108.1,4159.4,4210.7,4262.1,4313.6,4365.0,4416.6,4468.2,4519.7,4571.2,4622.7,4674.1,4725.6,4777.0,4828.5,4880.0
CHTE_1,8361.3,8488.5,8615.6,8742.6,8869.6,8996.6,9123.6,9250.6,9377.6,9504.6,9631.7,9758.7,9885.7,10012.7,10139.7,10266.3,10393.0,10520.0,10646.9,10774.0,10901.3,11028.7,11155.8,11282.8,11409.8,11536.8,11663.8,11790.9,11917.9,12044.9
CITR_1,15503.2,15739.0,15974.5,16210.0,16445.5,16681.0,16916.5,17152.0,17387.5,17623.0,17858.5,18094.0,18329.5,18565.0,18800.5,19035.3,19270.1,19505.5,19741.0,19976.5,20212.7,20448.9,20684.4,20920.0,21155.5,21391.0,21626.5,21862.0,22097.4,22332.9
CLAY_P,381.9,387.7,393.5,399.3,405.1,411.0,416.7,422.5,428.3,434.1,439.9,445.7,451.5,457.3,463.2,468.9,474.7,480.5,486.3,492.1,497.9,503.7,509.6,515.4,521.2,527.0,532.7,538.5,544.4,550.2
COAT,632.0,641.6,651.2,660.8,670.4,680.0,689.6,699.2,708.8,718.4,728.0,737.6,747.2,756.8,766.4,776.0,785.6,795.2,804.8,814.3,824.0,833.6,843.2,852.8,862.5,872.0,881.6,891.2,900.8,910.4
COCK,491.4,498.9,506.4,513.8,521.3,528.8,536.2,543.7,551.1,558.6,566.1,573.5,581.0,588.4,595.9,603.4,610.8,618.3,625.8,633.2,640.7,648.2,655.7,663.1,670.6,678.1,685.5,693.0,700.4,707.9
CONQA1;SASA,4688.1,4759.5,4830.7,4901.9,4973.2,5044.3,5115.5,5186.700000000001,5258.0,5329.2,5400.5,5471.599999999999,5542.8,5614.1,5685.3,5756.200000000001,5827.3,5898.5,5969.7,6040.9,6112.4,6183.8,6255.0,6326.2,6397.400000000001,6468.599999999999,6539.9,6611.1,6682.299999999999,6753.4
COUA_P,239.3,243.0,246.6,250.2,253.9,257.5,261.1,264.7,268.4,272.0,275.6,279.3,282.9,286.6,290.2,293.8,297.5,301.1,304.7,308.3,312.0,315.6,319.2,322.9,326.5,330.2,333.8,337.4,341.1,344.7
COVE_1,7480.9,7594.7,7708.3,7822.0,7935.5,8049.2,8162.8,8276.5,8390.1,8503.7,8617.4,8731.0,8844.7,8958.3,9072.0,9185.2,9298.6,9412.2,9525.8,9639.4,9753.4,9867.4,9981.0,10094.7,10208.3,10321.9,10435.6,10549.2,10662.9,10776.5
COWL_1;ECLA_H,9001.9,9138.8,9275.5,9412.3,9549.0,9685.8,9822.5,9959.2,10096.0,10232.7,10369.4,10506.2,10642.9,10779.7,10916.4,11052.8,11189.1,11325.8,11462.6,11599.3,11736.4,11873.5,12010.4,12147.1,12283.8,12420.6,12557.3,12694.1,12830.8,12967.6
COYL,518.2,526.1,534.0,541.9,549.7,557.6,565.5,573.4,581.2,589.1,596.9,604.8,612.7,620.6,628.5,636.3,644.2,652.0,659.9,667.8,675.7,683.6,691.4,699.3,707.2,715.0,722.9,730.8,738.6,746.5
CRAI_P,219.9,223.2,226.5,229.9,233.2,236.5,239.9,243.2,246.6,249.9,253.2,256.6,259.9,263.3,266.6,269.9,273.3,276.6,279.9,283.3,286.6,290.0,293.3,296.7,300.0,303.3,306.7,310.0,313.4,316.7
CREB_1,8434.4,8562.7,8690.8,8818.9,8947.1,9075.2,9203.3,9331.4,9459.6,9587.7,9715.8,9843.9,9972.0,10100.2,10228.3,10356.0,10483.8,10611.8,10740.0,10868.1,10996.6,11125.1,11253.2,11381.4,11509.5,11637.6,11765.8,11893.9,12022.0,12150.1
CUMB,488.9,496.3,503.8,511.2,518.6,526.0,533.5,540.9,548.3,555.7,563.2,570.6,578.0,585.4,592.8,600.3,607.7,615.1,622.5,629.9,637.4,644.8,652.3,659.7,667.2,674.6,682.0,689.4,696.9,704.3
CUPA,585.4,594.3,603.2,612.1,621.0,629.9,638.7,647.6,656.5,665.4,674.3,683.2,692.1,701.0,709.9,718.7,727.6,736.5,745.4,754.3,763.2,772.1,781.0,789.9,798.8,807.7,816.6,825.5,834.4,843.3
CURR,94.8,96.3,97.7,99.2,100.6,102.1,103.5,104.9,106.4,107.8,109.2,110.7,112.1,113.6,115.0,116.4,117.9,119.3,120.8,122.2,123.7,125.1,126.6,128.0,129.4,130.9,132.3,133.7,135.1,136.6
Clydeâ€™s Mill,735.7,747.0,758.1,769.3,780.4,791.7,802.8,814.0,825.2,836.3,847.5,858.7,869.9,881.1,892.2,903.4,914.5,925.7,936.8,948.0,959.3,970.4,981.6,992.8,1004.0,1015.2,1026.4,1037.5,1048.7,1059.9
DALM3,373.7,379.4,385.1,390.7,396.4,402.1,407.8,413.4,419.1,424.8,430.4,436.2,441.8,447.5,453.2,458.8,464.5,470.1,475.8,481.5,487.2,492.9,498.6,504.3,509.9,515.6,521.3,526.9,532.6,538.3
DEVM,330.1,335.1,340.1,345.2,350.2,355.2,360.2,365.2,370.2,375.2,380.3,385.3,390.3,395.3,400.3,405.3,410.3,415.4,420.3,425.4,430.4,435.5,440.4,445.5,450.5,455.5,460.5,465.5,470.6,475.5
DEVO,541.1,549.3,557.5,565.7,573.9,582.1,590.4,598.6,606.8,615.0,623.3,631.5,639.7,647.9,656.1,664.3,672.5,680.7,689.0,697.2,705.4,713.6,721.8,730.1,738.3,746.5,754.8,763.0,771.2,779.4
DEWP,729.8,740.9,752.0,763.1,774.2,785.3,796.3,807.4,818.5,829.6,840.7,851.8,862.9,874.0,885.1,896.1,907.2,918.2,929.3,940.4,951.5,962.6,973.7,984.8,995.9,1007.0,1018.1,1029.2,1040.3,1051.3
DOUN_P,131.8,133.8,135.8,137.8,139.8,141.8,143.8,145.8,147.8,149.8,151.8,153.8,155.9,157.8,159.8,161.8,163.8,165.8,167.8,169.8,171.9,173.9,175.8,177.9,179.9,181.8,183.9,185.8,187.9,189.9
DRAK_1,3096.8,3143.9,3190.9,3237.9,3285.0,3332.0,3379.1,3426.1,3473.1,3520.2,3567.2,3614.3,3661.3,3708.4,3755.4,3802.3,3849.2,3896.2,3943.3,3990.3,4037.5,4084.6,4131.7,4178.8,4225.8,4272.8,4319.9,4366.9,4413.9,4461.0
DRAX_1,2156.9,2189.7,2222.5,2255.3,2288.0,2320.8,2353.5,2386.3,2419.1,2451.9,2484.6,2517.4,2550.1,2582.9,2615.7,2648.3,2681.0,2713.8,2746.5,2779.3,2812.2,2845.0,2877.8,2910.6,2943.3,2976.1,3008.9,3041.6,3074.4,3107.2
DRCR,208.4,211.6,214.8,217.9,221.1,224.2,227.4,230.6,233.8,237.0,240.1,243.2,246.4,249.6,252.8,255.9,259.1,262.2,265.4,268.6,271.7,274.9,278.1,281.2,284.4,287.6,290.7,293.9,297.1,300.2
DRUM,465.0,472.1,479.1,486.2,493.2,500.3,507.4,514.5,521.5,528.6,535.6,542.7,549.7,556.8,563.9,570.9,577.9,585.0,592.1,599.1,606.2,613.3,620.4,627.4,634.5,641.5,648.6,655.7,662.8,669.8
DUBE_P,0.6,0.7,0.7,0.6,0.6,0.7,0.7,0.7,0.7,0.7,0.7,0.7,0.7,0.8,0.8,0.8,0.8,0.8,0.8,0.8,0.8,0.8,0.8,0.8,0.8,0.9,0.9,0.9,0.9,0.9
DUDH_P,508.4,516.2,523.9,531.6,539.4,547.1,554.8,562.5,570.3,578.0,585.7,593.5,601.1,608.9,616.6,624.3,632.0,639.7,647.4,655.2,662.9,670.7,678.4,686.1,693.9,701.6,709.3,717.0,724.8,732.5
DUGR_P,56.8,57.7,58.6,59.5,60.3,61.1,62.0,62.9,63.7,64.6,65.5,66.4,67.2,68.1,68.9,69.8,70.6,71.5,72.4,73.2,74.1,75.0,75.8,76.7,77.5,78.4,79.3,80.2,81.0,81.9
DUNB,0.0,0.0,0.0,0.0,0.0,0.0,0.0,0.0,0.0,0.0,0.0,0.0,0.0,0.0,0.0,0.0,0.0,0.0,0.0,0.0,0.0,0.0,0.0,0.0,0.0,0.0,0.0,0.0,0.0,0.0
DUNB_A,167.4,170.0,172.5,175.1,177.6,180.1,182.7,185.2,187.8,190.3,192.9,195.4,197.9,200.5,203.0,205.6,208.1,210.7,213.2,215.7,218.3,220.8,223.4,225.9,228.5,231.0,233.6,236.1,238.6,241.2
DUNF,303.9,308.5,313.1,317.7,322.3,326.9,331.5,336.2,340.8,345.4,350.1,354.6,359.2,363.9,368.5,373.1,377.7,382.3,386.9,391.6,396.2,400.8,405.4,410.0,414.7,419.2,423.9,428.5,433.1,437.7
DUNO_P,125.2,127.1,129.0,130.9,132.8,134.7,136.6,138.5,140.4,142.3,144.2,146.1,148.0,149.9,151.8,153.7,155.6,157.5,159.4,161.3,163.2,165.1,167.0,168.9,170.8,172.7,174.6,176.5,178.4,180.4
DYCE_P,326.9,331.9,336.9,341.8,346.8,351.8,356.7,361.7,366.7,371.6,376.6,381.6,386.5,391.5,396.4,401.4,406.4,411.3,416.3,421.3,426.3,431.2,436.2,441.1,446.1,451.1,456.1,461.0,466.0,470.9
Dunbar B,68.4,69.4,70.5,71.5,72.5,73.6,74.6,75.7,76.7,77.7,78.8,79.8,80.9,81.9,82.9,84.0,85.0,86.0,87.1,88.1,89.2,90.2,91.2,92.3,93.3,94.4,95.4,96.4,97.5,98.5
EALI_6,3533.1,3586.8,3640.5,3694.2,3747.9,3801.5,3855.2,3908.9,3962.6,4016.2,4069.9,4123.5,4177.2,4230.9,4284.6,4338.1,4391.6,4445.3,4498.9,4552.6,4606.4,4660.2,4713.9,4767.6,4821.3,4874.9,4928.6,4982.2,5035.9,5089.6
EASO_1,3440.8,3493.1,3545.4,3597.7,3649.9,3702.2,3754.5,3806.7,3859.0,3911.3,3963.6,4015.8,4068.1,4120.3,4172.6,4224.7,4276.8,4329.1,4381.4,4433.6,4486.1,4538.4,4590.7,4643.0,4695.3,4747.5,4799.8,4852.1,4904.4,4956.6
ECCL,239.4,243.0,246.6,250.3,253.9,257.6,261.2,264.9,268.5,272.1,275.7,279.4,283.0,286.6,290.3,293.9,297.5,301.2,304.8,308.5,312.1,315.8,319.4,323.0,326.6,330.3,333.9,337.6,341.2,344.8
EERH,754.2,765.7,777.1,788.6,800.0,811.4,822.9,834.3,845.8,857.3,868.8,880.2,891.7,903.1,914.5,926.0,937.4,948.9,960.3,971.8,983.3,994.8,1006.2,1017.6,1029.1,1040.6,1052.0,1063.5,1074.9,1086.4
EKIL,469.2,476.3,483.5,490.6,497.7,504.8,512.0,519.1,526.2,533.3,540.5,547.6,554.7,561.9,569.0,576.1,583.2,590.3,597.5,604.6,611.7,618.9,626.0,633.1,640.3,647.4,654.5,661.6,668.8,675.9
EKIS,251.7,255.5,259.3,263.1,267.0,270.8,274.6,278.4,282.3,286.1,289.9,293.7,297.6,301.4,305.2,309.0,312.8,316.7,320.5,324.3,328.1,332.0,335.8,339.6,343.4,347.3,351.1,354.9,358.7,362.5
ELDE,266.6,270.6,274.6,278.7,282.7,286.8,290.9,294.9,298.9,303.0,307.0,311.1,315.1,319.2,323.3,327.3,331.3,335.4,339.4,343.5,347.5,351.6,355.7,359.7,363.7,367.8,371.8,375.9,379.9,383.9
ELGI_P,503.0,510.7,518.3,526.0,533.6,541.2,548.8,556.5,564.2,571.8,579.4,587.1,594.7,602.4,610.0,617.6,625.3,632.9,640.5,648.2,655.8,663.5,671.1,678.8,686.4,694.0,701.7,709.4,717.0,724.6
ELLA_1,5248.8,5328.6,5408.3,5488.1,5567.8,5647.5,5727.2,5807.0,5886.7,5966.4,6046.2,6125.9,6205.6,6285.4,6365.1,6444.6,6524.1,6603.8,6683.5,6763.3,6843.2,6923.2,7003.0,7082.6,7162.4,7242.1,7321.8,7401.6,7481.3,7561.1
ELST_1,7720.8,7838.3,7955.5,8072.9,8190.1,8307.4,8424.7,8542.0,8659.3,8776.5,8893.8,9011.1,9128.4,9245.7,9362.9,9479.9,9596.8,9714.0,9831.3,9948.6,10066.3,10183.9,10301.2,10418.5,10535.8,10653.0,10770.4,10887.6,11004.9,11122.2
ENDE_1,8634.6,8765.9,8897.1,9028.3,9159.4,9290.6,9421.8,9552.9,9684.1,9815.2,9946.4,10077.6,10208.7,10339.9,10471.1,10601.8,10732.6,10863.7,10994.9,11126.0,11257.6,11389.1,11520.4,11651.5,11782.6,11913.8,12045.0,12176.1,12307.3,12438.4
ERSK,189.9,192.8,195.7,198.5,201.4,204.3,207.2,210.1,213.0,215.8,218.7,221.6,224.5,227.4,230.3,233.2,236.0,238.9,241.8,244.7,247.6,250.5,253.3,256.2,259.1,262.0,264.9,267.7,270.7,273.5
EXET1,5845.2,5934.1,6022.9,6111.6,6200.4,6289.2,6378.0,6466.8,6555.6,6644.4,6733.1,6822.0,6910.7,6999.6,7088.3,7176.8,7265.4,7354.2,7443.0,7531.7,7620.8,7709.8,7798.6,7887.4,7976.3,8065.0,8153.8,8242.6,8331.4,8420.2
East Claydon (_B),5865.6,5954.8,6043.9,6133.0,6222.1,6311.2,6400.3,6489.4,6578.5,6667.6,6756.7,6845.8,6934.9,7024.0,7113.1,7201.9,7290.8,7379.9,7468.9,7558.1,7647.4,7736.8,7825.9,7915.0,8004.1,8093.2,8182.3,8271.4,8360.5,8449.6
FASN_P,18.2,18.4,18.7,19.0,19.3,19.6,19.8,20.1,20.4,20.6,20.9,21.2,21.5,21.7,22.0,22.3,22.6,22.9,23.1,23.4,23.7,24.0,24.3,24.5,24.8,25.1,25.4,25.6,25.9,26.2
FAUG_P,70.0,71.1,72.2,73.3,74.3,75.4,76.5,77.5,78.6,79.6,80.7,81.8,82.8,83.9,85.0,86.0,87.1,88.2,89.2,90.3,91.3,92.4,93.5,94.6,95.6,96.7,97.8,98.8,99.9,100.9
FAWL_1,3275.6,3325.5,3375.2,3425.0,3474.7,3524.5,3574.2,3624.0,3673.8,3723.5,3773.3,3823.1,3872.8,3922.6,3972.3,4022.0,4071.6,4121.3,4171.0,4220.8,4270.7,4320.6,4370.4,4420.2,4469.9,4519.7,4569.4,4619.2,4668.9,4718.7
FECK_6,5739.0,5826.3,5913.5,6000.6,6087.8,6175.0,6262.2,6349.3,6436.5,6523.7,6610.9,6698.1,6785.2,6872.4,6959.6,7046.5,7133.4,7220.6,7307.8,7395.0,7482.4,7569.8,7657.0,7744.2,7831.3,7918.5,8005.7,8092.9,8180.0,8267.2
FERRA2,1270.6,1289.9,1309.2,1328.5,1347.8,1367.1,1386.4,1405.7,1425.0,1444.3,1463.6,1482.9,1502.2,1521.5,1540.8,1560.0,1579.3,1598.6,1617.9,1637.2,1656.5,1675.8,1695.2,1714.5,1733.8,1753.1,1772.4,1791.7,1811.0,1830.3
FETT_P;KINT_P,701.4,712.0,722.7,733.3,744.0,754.7,765.3,776.0,786.6,797.3,808.0,818.6,829.2,839.9,850.5,861.2,871.8,882.5,893.1,903.8,914.5,925.1,935.8,946.5,957.1,967.8,978.4,989.1,999.7,1010.3
FIDD_P,155.9,158.3,160.7,163.1,165.5,167.8,170.1,172.5,174.9,177.3,179.6,182.0,184.4,186.7,189.1,191.5,193.9,196.2,198.6,201.0,203.3,205.7,208.1,210.4,212.8,215.2,217.6,219.9,222.3,224.6
FIDF_1,6476.9,6575.4,6673.8,6772.2,6870.6,6969.0,7067.3,7165.8,7264.1,7362.5,7460.9,7559.3,7657.7,7756.0,7854.4,7952.6,8050.6,8149.0,8247.4,8345.7,8444.4,8543.1,8641.5,8739.9,8838.3,8936.7,9035.1,9133.5,9231.9,9330.3
FINN,324.2,329.1,334.0,338.9,343.8,348.8,353.7,358.6,363.5,368.5,373.4,378.3,383.3,388.2,393.1,398.0,402.9,407.8,412.8,417.7,422.6,427.5,432.5,437.4,442.3,447.3,452.2,457.1,462.0,467.0
FOUR_1,528.5,536.5,544.5,552.5,560.6,568.6,576.6,584.6,592.7,600.7,608.7,616.7,624.8,632.8,640.8,648.9,656.8,664.8,672.9,680.9,688.9,697.0,705.0,713.1,721.1,729.1,737.2,745.2,753.2,761.3
FRAS_P,215.5,218.8,222.1,225.3,228.6,231.9,235.2,238.4,241.7,245.0,248.3,251.5,254.8,258.1,261.3,264.6,267.9,271.2,274.4,277.7,281.0,284.3,287.5,290.8,294.1,297.4,300.6,303.9,307.2,310.5
FROD_1,3876.1,3935.1,3994.0,4052.8,4111.7,4170.6,4229.4,4288.4,4347.2,4406.1,4465.0,4523.9,4582.8,4641.6,4700.5,4759.2,4817.9,4876.8,4935.7,4994.5,5053.6,5112.6,5171.6,5230.4,5289.3,5348.2,5407.1,5465.9,5524.8,5583.7
FWIL_P,358.2,363.6,369.1,374.5,379.9,385.4,390.9,396.3,401.7,407.2,412.6,418.0,423.5,428.9,434.3,439.8,445.2,450.6,456.1,461.5,467.0,472.5,477.9,483.3,488.7,494.2,499.6,505.1,510.5,516.0
Ferrybridge B (_M),1431.9,1453.7,1475.5,1497.2,1518.9,1540.7,1562.4,1584.2,1606.0,1627.7,1649.5,1671.2,1693.0,1714.7,1736.5,1758.1,1779.8,1801.6,1823.3,1845.1,1866.9,1888.7,1910.5,1932.2,1954.0,1975.7,1997.5,2019.2,2041.0,2062.7
GALA,391.6,397.5,403.5,409.4,415.4,421.4,427.3,433.3,439.2,445.1,451.1,457.0,463.0,468.9,474.9,480.8,486.7,492.7,498.6,504.6,510.6,516.5,522.4,528.4,534.4,540.3,546.2,552.2,558.1,564.1
GIFF,480.6,487.9,495.3,502.6,509.8,517.2,524.4,531.7,539.0,546.3,553.6,560.9,568.3,575.6,582.9,590.2,597.4,604.7,612.0,619.3,626.6,634.0,641.2,648.6,655.9,663.2,670.5,677.8,685.1,692.3
GLLU,235.5,239.1,242.6,246.2,249.8,253.4,257.0,260.5,264.1,267.7,271.3,274.8,278.4,282.0,285.5,289.1,292.7,296.3,299.9,303.4,307.0,310.6,314.2,317.7,321.3,324.9,328.5,332.0,335.6,339.2
GLRO,285.1,289.4,293.7,298.0,302.4,306.7,311.0,315.4,319.7,324.0,328.4,332.7,337.0,341.4,345.7,350.0,354.3,358.6,363.0,367.3,371.7,376.0,380.3,384.6,389.0,393.3,397.6,402.0,406.3,410.6
GORG,262.7,266.7,270.7,274.6,278.6,282.6,286.6,290.6,294.6,298.6,302.6,306.6,310.6,314.5,318.5,322.5,326.5,330.4,334.5,338.5,342.4,346.4,350.5,354.4,358.4,362.4,366.4,370.4,374.4,378.4
GOVA,382.1,387.9,393.7,399.5,405.3,411.1,416.9,422.7,428.5,434.3,440.1,445.9,451.7,457.5,463.3,469.1,474.9,480.7,486.5,492.3,498.1,504.0,509.7,515.6,521.3,527.2,533.0,538.8,544.6,550.4
GREN_1,11070.0,11238.3,11406.5,11574.7,11742.8,11911.0,12079.1,12247.3,12415.5,12583.6,12751.8,12919.9,13088.1,13256.3,13424.4,13592.1,13759.8,13927.8,14096.0,14264.1,14432.8,14601.5,14769.6,14937.8,15106.0,15274.1,15442.3,15610.4,15778.6,15946.7
GRIW_1,3617.8,3672.9,3727.8,3782.8,3837.7,3892.7,3947.6,4002.6,4057.5,4112.5,4167.5,4222.4,4277.4,4332.3,4387.3,4442.1,4496.9,4551.8,4606.7,4661.7,4716.8,4772.0,4826.9,4881.9,4936.8,4991.8,5046.7,5101.7,5156.7,5211.6
GRUB_P,241.6,245.2,248.9,252.6,256.2,259.9,263.6,267.3,270.9,274.6,278.3,281.9,285.6,289.3,292.9,296.6,300.2,303.9,307.6,311.3,314.9,318.6,322.3,326.0,329.6,333.3,337.0,340.7,344.3,347.9
G_EXTRA_1,0.0,0.0,0.0,0.0,0.0,0.0,0.0,0.0,0.0,0.0,0.0,0.0,0.0,0.0,0.0,0.0,0.0,0.0,0.0,0.0,0.0,0.0,0.0,0.0,0.0,0.0,0.0,0.0,0.0,0.0
G_EXTRA_10,194.9,197.9,200.9,203.8,206.8,209.7,212.7,215.6,218.6,221.6,224.5,227.5,230.4,233.4,236.4,239.3,242.3,245.2,248.2,251.2,254.2,257.1,260.1,263.0,266.0,269.0,271.9,274.9,277.9,280.8
G_EXTRA_11,160.5,162.9,165.4,167.8,170.2,172.7,175.1,177.6,180.0,182.4,184.9,187.3,189.7,192.2,194.6,197.0,199.5,201.9,204.3,206.8,209.3,211.7,214.1,216.5,219.0,221.4,223.9,226.3,228.7,231.2
G_EXTRA_13,178.6,181.4,184.1,186.8,189.5,192.2,194.9,197.7,200.4,203.1,205.8,208.5,211.2,213.9,216.6,219.4,222.1,224.8,227.5,230.2,232.9,235.6,238.4,241.1,243.8,246.5,249.2,251.9,254.6,257.4
G_EXTRA_14,0.0,0.0,0.0,0.0,0.0,0.0,0.0,0.0,0.0,0.0,0.0,0.0,0.0,0.0,0.0,0.0,0.0,0.0,0.0,0.0,0.0,0.0,0.0,0.0,0.0,0.0,0.0,0.0,0.0,0.0
G_EXTRA_15,0.0,0.0,0.0,0.0,81.6,82.8,84.0,85.1,86.3,87.5,88.6,89.8,91.0,92.1,93.3,94.5,95.6,96.8,98.0,99.1,100.3,101.5,102.7,103.8,105.0,106.2,107.3,108.5,109.7,110.8
G_EXTRA_16,0.0,0.0,228.3,231.6,235.0,238.4,241.7,245.1,248.5,251.9,255.2,258.6,261.9,265.3,268.7,272.0,275.4,278.8,282.1,285.5,288.8,292.2,295.6,299.0,302.3,305.7,309.1,312.4,315.8,319.1
G_EXTRA_2,364.6,370.1,375.7,381.2,386.8,392.3,397.8,403.4,408.9,414.5,420.0,425.5,431.1,436.6,442.1,447.7,453.2,458.7,464.3,469.8,475.3,480.9,486.4,492.0,497.5,503.0,508.6,514.1,519.7,525.2
G_EXTRA_3,276.5,280.7,284.9,289.1,293.3,297.5,301.7,305.9,310.1,314.3,318.5,322.7,326.9,331.1,335.3,339.5,343.7,347.8,352.1,356.3,360.5,364.7,368.9,373.1,377.3,381.5,385.7,389.9,394.1,398.3
G_EXTRA_4,400.8,406.9,413.0,419.1,425.2,431.3,437.4,443.4,449.5,455.6,461.7,467.8,473.9,480.0,486.1,492.1,498.2,504.3,510.4,516.4,522.5,528.6,534.8,540.8,547.0,553.0,559.1,565.2,571.3,577.4
G_EXTRA_5,284.0,288.3,292.6,296.9,301.2,305.5,309.8,314.1,318.5,322.7,327.1,331.4,335.7,340.0,344.3,348.6,352.9,357.3,361.5,365.9,370.2,374.5,378.8,383.1,387.5,391.8,396.1,400.4,404.7,409.0
G_EXTRA_6,49.5,50.3,51.0,51.8,52.5,53.3,54.1,54.8,55.6,56.3,57.0,57.8,58.5,59.3,60.1,60.8,61.6,62.3,63.1,63.8,64.6,65.4,66.1,66.8,67.6,68.4,69.1,69.9,70.6,71.4
G_EXTRA_7,184.7,187.4,190.3,193.1,195.9,198.7,201.5,204.3,207.1,209.9,212.7,215.5,218.3,221.1,223.9,226.8,229.5,232.3,235.1,238.0,240.8,243.6,246.4,249.2,252.0,254.8,257.6,260.4,263.2,266.0
G_EXTRA_8,310.9,315.6,320.3,325.0,329.7,334.4,339.2,343.9,348.6,353.3,358.1,362.8,367.5,372.3,377.0,381.7,386.4,391.1,395.8,400.6,405.3,410.0,414.8,419.5,424.2,428.9,433.6,438.3,443.1,447.8
G_EXTRA_9,300.5,305.0,309.6,314.1,318.7,323.3,327.9,332.4,337.0,341.6,346.1,350.7,355.3,359.8,364.4,368.9,373.5,378.0,382.6,387.1,391.8,396.3,400.9,405.4,410.0,414.6,419.2,423.7,428.3,432.8
HACK_1;HACK_6,5424.3,5506.8,5589.2,5671.6,5754.0,5836.4,5918.8,6001.2,6083.6,6166.0,6248.4,6330.8,6413.2,6495.6,6578.0,6660.1,6742.299999999999,6824.6,6907.0,6989.4,7072.1,7154.700000000001,7237.1,7319.5,7401.9,7484.3,7566.700000000001,7649.1,7731.6,7813.9
HAGR,322.3,327.2,332.1,337.0,341.8,346.7,351.6,356.5,361.4,366.3,371.2,376.1,381.0,385.9,390.8,395.7,400.5,405.5,410.3,415.3,420.2,425.0,430.0,434.8,439.7,444.6,449.6,454.5,459.4,464.2
HAMHC1,6122.7,6215.8,6308.8,6401.8,6494.8,6587.8,6680.9,6773.9,6866.9,6959.9,7052.9,7145.9,7238.9,7331.9,7424.9,7517.6,7610.4,7703.3,7796.4,7889.3,7982.6,8075.9,8168.9,8262.0,8354.9,8447.9,8541.0,8634.0,8727.0,8820.0
HARG_P,308.4,313.1,317.8,322.5,327.1,331.9,336.5,341.2,345.9,350.6,355.2,359.9,364.6,369.3,374.0,378.7,383.3,388.0,392.7,397.4,402.1,406.8,411.5,416.2,420.8,425.5,430.2,434.9,439.6,444.3
HARK_1;HUTT_1;RRIG,11242.1,11413.100000000002,11583.900000000001,11754.599999999999,11925.4,12096.199999999999,12267.0,12437.8,12608.5,12779.300000000001,12950.1,13120.8,13291.7,13462.399999999998,13633.199999999999,13803.4,13973.7,14144.4,14315.199999999999,14485.9,14657.3,14828.400000000001,14999.400000000001,15170.099999999999,15340.9,15511.699999999999,15682.400000000001,15853.3,16024.0,16194.699999999999
HARM_6,1397.4,1418.7,1439.9,1461.2,1482.4,1503.6,1524.8,1546.1,1567.3,1588.5,1609.7,1631.0,1652.2,1673.4,1694.7,1715.8,1737.0,1758.2,1779.4,1800.7,1822.0,1843.3,1864.5,1885.7,1907.0,1928.2,1949.4,1970.6,1991.8,2013.1
HAWI,237.5,241.1,244.8,248.4,252.0,255.6,259.2,262.8,266.4,270.0,273.6,277.2,280.8,284.5,288.0,291.6,295.3,298.8,302.5,306.1,309.7,313.3,316.9,320.5,324.2,327.7,331.4,334.9,338.5,342.2
HAWP_6,1158.2,1175.8,1193.4,1211.0,1228.6,1246.2,1263.8,1281.4,1299.0,1316.6,1334.2,1351.8,1369.4,1387.0,1404.6,1422.1,1439.6,1457.2,1474.8,1492.4,1510.0,1527.7,1545.3,1562.9,1580.5,1598.1,1615.7,1633.3,1650.8,1668.5
HELE,182.6,185.4,188.1,190.9,193.7,196.5,199.2,202.0,204.8,207.6,210.3,213.1,215.9,218.6,221.4,224.2,226.9,229.7,232.5,235.3,238.1,240.8,243.6,246.4,249.2,251.9,254.7,257.4,260.3,263.0
HEYS_1;HEYS1;ORMO,1914.5,1943.5,1972.6999999999998,2001.7,2030.7,2060.0,2089.0,2118.1,2147.2000000000003,2176.3,2205.2999999999997,2234.3,2263.5,2292.6,2321.6,2350.7000000000003,2379.6,2408.7000000000003,2437.8,2466.9,2496.1,2525.2000000000003,2554.2999999999997,2583.2999999999997,2612.5,2641.5,2670.8,2699.8,2728.7999999999997,2757.8999999999996
HUER,37.9,38.4,39.0,39.6,40.1,40.7,41.3,41.9,42.5,43.0,43.6,44.2,44.8,45.3,45.9,46.5,47.0,47.6,48.2,48.8,49.3,49.9,50.5,51.0,51.6,52.2,52.8,53.4,53.9,54.5
HURS_1,4273.6,4338.6,4403.5,4468.5,4533.4,4598.3,4663.2,4728.1,4793.1,4858.0,4922.9,4987.8,5052.7,5117.6,5182.6,5247.3,5312.0,5376.9,5441.8,5506.8,5571.9,5636.9,5701.9,5766.8,5831.7,5896.6,5961.5,6026.5,6091.4,6156.3
IMPK_1,259.0,262.9,266.9,270.8,274.7,278.6,282.6,286.5,290.5,294.4,298.4,302.3,306.2,310.1,314.1,318.0,321.9,325.9,329.8,333.7,337.7,341.6,345.5,349.5,353.4,357.3,361.3,365.2,369.1,373.1
INDQ1,6763.4,6866.3,6969.0,7071.8,7174.5,7277.3,7380.0,7482.7,7585.5,7688.2,7790.9,7893.7,7996.4,8099.1,8201.9,8304.3,8406.7,8509.5,8612.2,8715.0,8818.0,8921.0,9023.8,9126.5,9229.3,9332.0,9434.7,9537.5,9640.2,9743.0
INKE,317.1,322.0,326.8,331.6,336.4,341.2,346.0,350.9,355.7,360.5,365.3,370.1,375.0,379.7,384.6,389.4,394.2,399.0,403.8,408.6,413.4,418.3,423.1,427.9,432.8,437.5,442.4,447.2,452.0,456.8
INNE_P,570.1,578.8,587.4,596.1,604.8,613.4,622.1,630.7,639.4,648.1,656.7,665.4,674.0,682.7,691.3,700.0,708.6,717.3,725.9,734.6,743.3,751.9,760.6,769.3,777.9,786.6,795.2,803.9,812.6,821.3
IROA1,9933.5,10084.7,10235.5,10386.5,10537.3,10688.2,10839.1,10990.0,11140.9,11291.8,11442.7,11593.6,11744.5,11895.4,12046.3,12196.7,12347.2,12498.0,12648.9,12799.8,12951.1,13102.5,13253.4,13404.3,13555.2,13706.1,13857.0,14007.9,14158.8,14309.7
IRONB1,3534.6,3588.3,3642.0,3695.7,3749.4,3803.1,3856.8,3910.5,3964.2,4017.9,4071.5,4125.3,4178.9,4232.6,4286.3,4339.9,4393.4,4447.0,4500.8,4554.5,4608.3,4662.1,4715.8,4769.5,4823.2,4876.9,4930.6,4984.3,5038.0,5091.7
ISLI_1;WHAM_1,8386.8,10176.7,10329.0,10481.2,10633.5,10785.8,10938.0,11090.3,11242.599999999999,11394.8,11547.1,11699.400000000001,11851.6,12003.9,12156.2,12308.0,12459.8,12612.1,12764.3,12916.599999999999,13069.4,13222.0,13374.3,13526.599999999999,13678.9,13831.1,13983.400000000001,14135.7,14287.9,14440.2
IVER_1;IVER_6,7302.0,7412.900000000001,7523.9,7634.7,7745.700000000001,7856.6,7967.5,8078.5,8189.4,8300.3,8411.3,8522.1,8633.1,8744.0,8854.9,8965.5,9076.1,9186.9,9297.9,9408.8,9520.0,9631.3,9742.3,9853.2,9964.0,10075.0,10185.9,10296.8,10407.7,10518.7
JOHN,398.6,404.7,410.8,416.8,422.9,428.9,435.0,441.0,447.1,453.2,459.2,465.3,471.3,477.4,483.4,489.4,495.5,501.5,507.6,513.6,519.7,525.8,531.8,537.9,544.0,550.0,556.1,562.1,568.2,574.2
JORD_3,578.3,587.1,595.9,604.7,613.4,622.2,631.0,639.8,648.6,657.4,666.1,674.9,683.7,692.5,701.2,710.0,718.8,727.6,736.4,745.1,754.0,762.8,771.5,780.3,789.1,797.9,806.7,815.5,824.2,833.0
KAIM,883.9,897.4,910.8,924.2,937.7,951.1,964.5,977.9,991.3,1004.8,1018.2,1031.7,1045.1,1058.5,1071.9,1085.3,1098.7,1112.1,1125.6,1139.0,1152.5,1165.9,1179.3,1192.8,1206.2,1219.6,1233.0,1246.5,1259.9,1273.3
KEAD_1,5002.9,5078.9,5155.0,5231.0,5306.9,5383.0,5458.9,5534.9,5610.9,5686.9,5762.9,5838.9,5914.9,5990.9,6066.9,6142.7,6218.4,6294.4,6370.4,6446.4,6522.6,6598.8,6674.8,6750.9,6826.8,6902.9,6978.9,7054.8,7130.8,7206.9
KEAR_1;KEAR_3,9517.300000000001,9662.199999999999,9806.699999999999,9951.3,10095.8,10240.5,10385.0,10529.6,10674.2,10818.7,10963.300000000001,11107.800000000001,11252.5,11397.0,11541.5,11685.699999999999,11829.8,11974.4,12118.900000000001,12263.5,12408.5,12553.5,12698.099999999999,12842.7,12987.3,13131.8,13276.5,13421.0,13565.6,13710.2
KEMS_1,2132.2,2164.6,2197.1,2229.4,2261.8,2294.2,2326.6,2359.0,2391.4,2423.8,2456.2,2488.5,2521.0,2553.3,2585.7,2618.0,2650.3,2682.7,2715.0,2747.5,2779.9,2812.5,2844.8,2877.2,2909.6,2942.0,2974.4,3006.8,3039.2,3071.5
KIBY_1,3718.1,3774.7,3831.2,3887.7,3944.1,4000.6,4057.1,4113.5,4170.0,4226.5,4283.0,4339.5,4396.0,4452.4,4508.9,4565.3,4621.5,4678.0,4734.5,4791.0,4847.6,4904.3,4960.8,5017.3,5073.8,5130.2,5186.7,5243.2,5299.7,5356.2
KIBY_G;WASF_1,3142.8999999999996,3190.7,3238.3999999999996,3286.1000000000004,3333.8999999999996,3381.7,3429.3999999999996,3477.1000000000004,3524.8999999999996,3572.7000000000003,3620.4,3668.1,3715.8,3763.5,3811.4,3858.9,3906.5,3954.3,4002.0,4049.8,4097.7,4145.5,4193.3,4241.0,4288.7,4336.5,4384.3,4432.0,4479.7,4527.4
KIER,460.4,467.4,474.4,481.4,488.4,495.4,502.3,509.3,516.3,523.3,530.3,537.3,544.3,551.3,558.3,565.3,572.3,579.2,586.2,593.2,600.2,607.3,614.2,621.2,628.3,635.3,642.2,649.2,656.2,663.2
KIIN_P,48.6,49.4,50.1,50.9,51.6,52.4,53.0,53.8,54.6,55.3,56.0,56.7,57.5,58.2,59.0,59.7,60.5,61.2,61.9,62.7,63.4,64.2,64.9,65.6,66.4,67.1,67.9,68.6,69.3,70.1
KILS,383.5,389.3,395.1,401.0,406.8,412.6,418.5,424.3,430.1,435.9,441.7,447.6,453.4,459.2,465.0,470.9,476.7,482.5,488.3,494.2,500.0,505.9,511.6,517.5,523.3,529.1,535.0,540.8,546.6,552.4
KILT,685.9,696.3,706.8,717.2,727.6,738.0,748.4,758.8,769.2,779.6,790.1,800.5,810.9,821.3,831.8,842.2,852.5,863.0,873.4,883.8,894.3,904.7,915.1,925.5,935.9,946.4,956.8,967.2,977.6,988.0
KILW,354.1,359.5,364.9,370.3,375.6,381.0,386.4,391.8,397.1,402.5,407.9,413.3,418.7,424.1,429.4,434.8,440.2,445.6,450.9,456.3,461.7,467.1,472.4,477.8,483.2,488.6,494.0,499.4,504.7,510.1
KINL_P,80.2,81.5,82.7,83.9,85.1,86.3,87.6,88.8,90.0,91.2,92.4,93.6,94.8,96.1,97.3,98.5,99.7,100.9,102.2,103.4,104.6,105.8,107.1,108.3,109.5,110.7,111.9,113.1,114.4,115.6
KINO_1,3044.4,3090.7,3136.9,3183.1,3229.4,3275.6,3321.9,3368.1,3414.4,3460.6,3506.9,3553.1,3599.4,3645.6,3691.8,3738.0,3784.1,3830.3,3876.5,3922.8,3969.2,4015.5,4061.8,4108.0,4154.3,4200.5,4246.8,4293.0,4339.3,4385.5
KIRKB1,4144.2,4207.2,4270.2,4333.1,4396.1,4459.0,4521.9,4584.9,4647.9,4710.8,4773.7,4836.7,4899.7,4962.6,5025.5,5088.3,5151.1,5214.1,5277.0,5339.9,5403.1,5466.2,5529.2,5592.1,5655.1,5718.0,5781.0,5843.9,5906.9,5969.9
KITW_1,4469.5,4537.5,4605.4,4673.3,4741.2,4809.1,4877.0,4944.8,5012.7,5080.6,5148.6,5216.4,5284.3,5352.2,5420.1,5487.8,5555.5,5623.4,5691.3,5759.1,5827.3,5895.3,5963.2,6031.1,6099.0,6166.9,6234.8,6302.7,6370.6,6438.5
KNAR,2947.4,2992.3,3037.1,3081.8,3126.6,3171.4,3216.2,3260.9,3305.7,3350.5,3395.3,3440.0,3484.8,3529.6,3574.3,3618.9,3663.6,3708.4,3753.1,3797.9,3842.8,3887.7,3932.5,3977.3,4022.0,4066.9,4111.6,4156.4,4201.1,4245.9
LACK_6,2616.9,2656.8,2696.6,2736.3,2776.0,2815.8,2855.6,2895.3,2935.0,2974.8,3014.5,3054.3,3094.0,3133.8,3173.6,3213.2,3252.8,3292.5,3332.3,3372.1,3411.9,3451.8,3491.6,3531.3,3571.1,3610.8,3650.6,3690.4,3730.1,3769.8
LAIR_P,48.0,48.8,49.5,50.3,51.0,51.7,52.4,53.2,53.9,54.6,55.3,56.1,56.8,57.6,58.3,59.0,59.7,60.4,61.2,61.9,62.7,63.4,64.1,64.9,65.6,66.3,67.0,67.8,68.5,69.2
LALE1SG003,3984.1,4044.8,4105.2,4165.8,4226.3,4286.8,4347.4,4407.8,4468.4,4528.9,4589.4,4649.9,4710.5,4770.9,4831.5,4891.9,4952.2,5012.7,5073.2,5133.7,5194.4,5255.1,5315.6,5376.2,5436.7,5497.2,5557.7,5618.3,5678.8,5739.3
LAND1,3113.8,3161.2,3208.5,3255.8,3303.1,3350.4,3397.7,3445.0,3492.3,3539.6,3586.9,3634.2,3681.5,3728.8,3776.1,3823.3,3870.5,3917.7,3965.0,4012.3,4059.7,4107.2,4154.5,4201.8,4249.1,4296.4,4343.7,4391.0,4438.3,4485.6
LEGA_1,5562.4,5647.0,5731.5,5816.0,5900.5,5985.0,6069.5,6154.0,6238.5,6323.0,6407.4,6491.9,6576.4,6660.9,6745.4,6829.7,6913.9,6998.4,7082.9,7167.4,7252.1,7336.9,7421.3,7505.9,7590.4,7674.9,7759.3,7843.9,7928.3,8012.8
LEVE,355.0,360.4,365.8,371.2,376.6,382.0,387.4,392.8,398.2,403.6,409.0,414.4,419.8,425.2,430.5,435.9,441.3,446.7,452.1,457.4,462.9,468.3,473.7,479.1,484.4,489.9,495.3,500.7,506.0,511.4
LING,514.2,522.1,529.9,537.7,545.5,553.3,561.1,568.9,576.8,584.6,592.4,600.2,608.0,615.8,623.6,631.4,639.2,647.0,654.8,662.6,670.5,678.3,686.1,693.9,701.7,709.6,717.3,725.2,733.0,740.8
LINM,591.8,600.9,609.8,618.8,546.2,554.0,561.9,569.7,577.5,585.3,593.2,601.0,608.8,616.6,624.4,632.3,640.1,647.9,655.7,663.5,671.3,679.2,687.0,694.8,702.6,710.5,718.3,726.1,734.0,741.8
LISD_1,5328.1,5409.1,5490.1,5571.0,5651.9,5732.9,5813.8,5894.7,5975.7,6056.6,6137.5,6218.4,6299.4,6380.3,6461.3,6542.0,6622.7,6703.6,6784.5,6865.4,6946.6,7027.8,7108.8,7189.7,7270.6,7351.6,7432.5,7513.5,7594.4,7675.3
LITT_C,2950.9,2995.8,3040.7,3085.5,3130.4,3175.1,3220.0,3264.8,3309.7,3354.4,3399.3,3444.1,3488.9,3533.8,3578.6,3623.3,3668.0,3712.8,3757.6,3802.4,3847.4,3892.4,3937.2,3982.0,4026.8,4071.7,4116.5,4161.3,4206.1,4251.0
LITT_J,187.9,190.8,193.6,196.5,199.3,202.2,205.0,207.9,210.8,213.6,216.5,219.3,222.2,225.0,227.9,230.7,233.6,236.4,239.3,242.1,245.0,247.9,250.7,253.6,256.4,259.3,262.1,265.0,267.8,270.7
LODR_6,6549.7,4987.0,5061.7,5136.2,5210.9,5285.5,5360.1,5434.7,5509.4,5584.0,5658.6,5733.2,5807.8,5882.5,5957.1,6031.5,6105.9,6180.4,6255.1,6329.7,6404.5,6479.4,6554.0,6628.6,6703.3,6777.9,6852.5,6927.1,7001.8,7076.3
LOUD_H,744.5,755.9,767.2,778.5,789.8,801.1,812.4,823.7,835.1,846.3,857.7,869.0,880.3,891.6,902.9,914.2,925.5,936.8,948.1,959.4,970.7,982.1,993.4,1004.7,1016.0,1027.3,1038.7,1049.9,1061.2,1072.6
LOVE_1,8927.9,9063.7,9199.3,9334.9,9470.5,9606.1,9741.7,9877.4,10013.0,10148.6,10284.2,10419.9,10555.5,10691.1,10826.7,10961.9,11097.1,11232.7,11368.3,11503.9,11639.9,11776.0,11911.6,12047.2,12182.9,12318.5,12454.1,12589.7,12725.3,12860.9
LUNA_P,359.8,365.3,370.7,376.2,381.7,387.2,392.6,398.1,403.6,409.0,414.5,420.0,425.4,430.9,436.3,441.8,447.2,452.7,458.2,463.6,469.1,474.6,480.1,485.5,491.0,496.5,501.9,507.4,512.8,518.3
LYND_P,234.3,237.9,241.4,245.0,248.6,252.1,255.7,259.2,262.8,266.4,269.9,273.5,277.0,280.6,284.2,287.7,291.3,294.8,298.4,301.9,305.5,309.1,312.6,316.2,319.8,323.3,326.9,330.4,334.0,337.6
MACC_3,1963.2,1993.1,2022.9,2052.8,2082.6,2112.4,2142.2,2172.0,2201.9,2231.7,2261.5,2291.4,2321.2,2351.0,2380.8,2410.5,2440.3,2470.1,2499.9,2529.7,2559.6,2589.6,2619.4,2649.2,2679.0,2708.9,2738.7,2768.5,2798.3,2828.1
MACD_P,332.3,337.3,342.4,347.4,352.5,357.5,362.6,367.6,372.7,377.7,382.8,387.8,392.9,397.9,403.0,408.0,413.0,418.1,423.1,428.2,433.3,438.3,443.4,448.4,453.4,458.5,463.5,468.6,473.6,478.7
MANN_1,10989.5,11156.7,11323.6,11490.6,11657.5,11824.5,11991.4,12158.3,12325.2,12492.2,12659.1,12826.0,12993.0,13159.9,13326.8,13493.3,13659.7,13826.6,13993.5,14160.5,14327.9,14495.3,14662.3,14829.2,14996.1,15163.1,15330.1,15497.0,15663.9,15830.9
MAYB,258.9,262.8,266.7,270.6,274.6,278.5,282.4,286.4,290.3,294.2,298.2,302.1,306.0,310.0,313.9,317.8,321.7,325.7,329.6,333.6,337.5,341.5,345.3,349.3,353.2,357.2,361.1,365.0,368.9,372.9
MELK_1,7871.1,7990.8,8110.3,8229.9,8349.5,8469.0,8588.6,8708.2,8827.7,8947.3,9066.9,9186.4,9306.0,9425.5,9545.1,9664.3,9783.6,9903.1,10022.6,10142.2,10262.1,10382.0,10501.6,10621.2,10740.8,10860.3,10979.9,11099.4,11219.0,11338.6
MILC_P,510.8,518.5,526.3,534.0,541.8,549.6,557.3,565.1,572.8,580.6,588.3,596.1,603.8,611.6,619.4,627.1,634.8,642.6,650.4,658.1,665.9,673.7,681.4,689.2,697.0,704.7,712.5,720.2,728.0,735.7
MILH_1,2493.9,2531.8,2569.7,2607.6,2645.5,2683.4,2721.2,2759.1,2797.0,2834.9,2872.8,2910.7,2948.5,2986.4,3024.3,3062.1,3099.9,3137.8,3175.6,3213.5,3251.5,3289.5,3327.4,3365.3,3403.2,3441.1,3478.9,3516.8,3554.7,3592.6
MITY_1,6073.0,6165.4,6257.6,6349.9,6442.1,6534.3,6626.6,6718.8,6811.1,6903.3,6995.6,7087.8,7180.1,7272.4,7364.6,7456.6,7548.6,7640.8,7733.1,7825.3,7917.8,8010.3,8102.6,8194.9,8287.1,8379.3,8471.6,8563.9,8656.1,8748.3
MYBS_P,130.3,132.3,134.3,136.3,138.2,140.2,142.2,144.2,146.1,148.1,150.1,152.1,154.1,156.1,158.0,160.0,162.0,163.9,165.9,167.9,169.9,171.9,173.9,175.8,177.9,179.8,181.8,183.8,185.8,187.7
Margam,1059.2,1075.3,1091.4,1107.5,1123.6,1139.6,1155.8,1171.8,1187.9,1204.0,1220.1,1236.2,1252.3,1268.3,1284.4,1300.5,1316.5,1332.6,1348.7,1364.8,1380.9,1397.1,1413.2,1429.2,1445.3,1461.5,1477.5,1493.6,1509.7,1525.8
NAIR_P,359.8,365.3,370.7,376.2,381.7,387.1,392.6,398.0,403.5,409.0,414.4,419.9,425.4,430.8,436.3,441.7,447.2,452.6,458.1,463.6,469.1,474.5,480.0,485.5,490.9,496.4,501.9,507.3,512.8,518.2
NEAR,753.8,765.3,776.7,788.2,799.6,811.1,822.5,834.0,845.4,856.9,868.3,879.8,891.2,902.7,914.2,925.6,936.9,948.4,959.9,971.3,982.8,994.3,1005.8,1017.2,1028.6,1040.1,1051.5,1063.0,1074.4,1085.9
NECE_1,6324.7,6420.8,6516.9,6613.0,6709.1,6805.2,6901.2,6997.3,7093.4,7189.4,7285.5,7381.6,7477.7,7573.7,7669.8,7765.6,7861.4,7957.4,8053.5,8149.6,8245.9,8342.3,8438.4,8534.5,8630.6,8726.6,8822.7,8918.8,9014.8,9110.9
NEEP_3,1235.6,1254.3,1273.1,1291.9,1310.6,1329.4,1348.2,1366.9,1385.7,1404.5,1423.3,1442.0,1460.8,1479.6,1498.4,1517.1,1535.8,1554.5,1573.3,1592.0,1610.9,1629.7,1648.5,1667.2,1686.0,1704.8,1723.6,1742.3,1761.1,1779.9
NETS,166.1,168.6,171.2,173.7,176.2,178.7,181.3,183.8,186.3,188.8,191.3,193.9,196.4,198.9,201.4,204.0,206.5,209.0,211.5,214.0,216.5,219.1,221.6,224.1,226.7,229.2,231.7,234.2,236.7,239.3
NEWX_6,7065.1,7172.6,7279.9,7387.3,7494.6,7601.9,7709.2,7816.6,7923.8,8031.2,8138.5,8245.8,8353.1,8460.5,8567.8,8674.8,8781.8,8889.1,8996.4,9103.7,9211.4,9319.0,9426.4,9533.7,9641.0,9748.3,9855.7,9963.0,10070.3,10177.6
NFLE,7227.0,7337.0,7446.7,7556.5,7666.3,7776.1,7885.8,7995.6,8105.4,8215.2,8325.0,8434.7,8544.6,8654.3,8764.1,8873.6,8983.0,9092.8,9202.6,9312.3,9422.4,9532.5,9642.4,9752.1,9861.9,9971.7,10081.5,10191.3,10301.0,10410.8
NHYD_6,2631.7,2671.7,2711.7,2751.7,2791.6,2831.6,2871.6,2911.6,2951.5,2991.5,3031.5,3071.5,3111.5,3151.4,3191.4,3231.3,3271.1,3311.1,3351.0,3391.0,3431.1,3471.2,3511.2,3551.2,3591.2,3631.1,3671.1,3711.1,3751.0,3791.0
NINF_1,6964.2,7070.2,7175.9,7281.8,7387.5,7493.3,7599.1,7704.9,7810.7,7916.5,8022.2,8128.1,8233.8,8339.6,8445.4,8550.9,8656.4,8762.1,8867.9,8973.7,9079.8,9185.9,9291.7,9397.6,9503.3,9609.1,9714.9,9820.7,9926.5,10032.3
NORL_3,808.5,820.8,833.1,845.4,857.7,869.9,882.2,894.5,906.7,919.0,931.3,943.6,955.9,968.2,980.5,992.7,1005.0,1017.3,1029.5,1041.8,1054.1,1066.4,1078.7,1091.0,1103.3,1115.5,1127.8,1140.1,1152.4,1164.7
NORM_1;SALL1,9898.0,10048.5,10198.9,10349.3,10499.6,10650.0,10800.3,10950.7,11101.0,11251.3,11401.8,11552.1,11702.4,11852.7,12003.099999999999,12153.0,12302.9,12453.2,12603.6,12754.0,12904.800000000001,13055.5,13205.900000000001,13356.3,13506.599999999999,13657.0,13807.3,13957.7,14108.099999999999,14258.4
NORT_1,8094.1,8217.2,8340.2,8463.2,8586.1,8709.1,8832.0,8955.0,9077.9,9200.8,9323.8,9446.8,9569.7,9692.6,9815.6,9938.2,10060.8,10183.7,10306.7,10429.6,10552.9,10676.3,10799.2,10922.2,11045.2,11168.1,11291.0,11414.0,11536.9,11659.9
NURS_1,5434.0,5516.6,5599.2,5681.7,5764.2,5846.8,5929.4,6011.9,6094.5,6177.0,6259.5,6342.1,6424.6,6507.2,6589.7,6672.0,6754.3,6836.9,6919.4,7001.9,7084.7,7167.5,7250.0,7332.6,7415.2,7497.7,7580.2,7662.8,7745.3,7827.9
OCKH_1,1573.2,1597.1,1621.0,1644.9,1668.8,1692.7,1716.6,1740.5,1764.4,1788.3,1812.2,1836.1,1860.0,1883.9,1907.8,1931.6,1955.4,1979.3,2003.2,2027.1,2051.1,2075.1,2099.0,2122.9,2146.8,2170.6,2194.5,2218.5,2242.3,2266.2
OFFE_3,791.1,803.2,815.2,827.2,839.2,851.2,863.3,875.3,887.3,899.3,911.4,923.4,935.4,947.4,959.4,971.4,983.3,995.4,1007.4,1019.4,1031.4,1043.5,1055.5,1067.6,1079.6,1091.6,1103.6,1115.6,1127.6,1139.7
OLDB_1,1528.2,1551.5,1574.7,1597.9,1621.1,1644.3,1667.6,1690.8,1714.0,1737.2,1760.4,1783.6,1806.8,1830.1,1853.3,1876.4,1899.6,1922.8,1946.0,1969.2,1992.5,2015.8,2039.0,2062.2,2085.4,2108.6,2131.8,2155.1,2178.3,2201.5
OSBA_1,5554.6,5639.1,5723.4,5807.8,5892.2,5976.6,6061.0,6145.4,6229.7,6314.1,6398.5,6482.8,6567.2,6651.6,6736.0,6820.1,6904.2,6988.6,7073.0,7157.3,7241.9,7326.6,7411.0,7495.3,7579.7,7664.1,7748.5,7832.9,7917.3,8001.6
PADIB1,4063.7,4125.5,4187.2,4249.0,4310.7,4372.4,4434.1,4495.8,4557.6,4619.3,4681.0,4742.8,4804.5,4866.2,4928.0,4989.5,5051.1,5112.7,5174.5,5236.2,5298.1,5360.0,5421.7,5483.5,5545.2,5606.9,5668.7,5730.4,5792.2,5853.9
PAIS,344.4,349.6,354.8,360.1,365.3,370.6,375.8,381.0,386.2,391.5,396.7,401.9,407.2,412.4,417.6,422.9,428.0,433.3,438.5,443.8,449.0,454.3,459.5,464.7,470.0,475.2,480.4,485.7,490.9,496.1
PART,416.0,422.4,428.7,434.9,441.3,447.6,453.9,460.2,466.5,472.9,479.2,485.5,491.9,498.2,504.5,510.8,517.1,523.4,529.7,536.1,542.4,548.7,555.0,561.4,567.7,574.0,580.3,586.6,592.9,599.3
PEHG_P,253.7,257.6,261.5,265.3,269.2,273.0,276.9,280.7,284.6,288.4,292.3,296.1,300.0,303.8,307.7,311.5,315.4,319.2,323.1,327.0,330.8,334.6,338.6,342.4,346.3,350.1,353.9,357.8,361.6,365.5
PEHS_P;STRI_P,302.4,307.0,311.7,316.20000000000005,320.8,325.4,330.0,334.6,339.3,343.79999999999995,348.4,353.0,357.6,362.20000000000005,366.8,371.40000000000003,376.0,380.5,385.1,389.8,394.4,399.0,403.5,408.09999999999997,412.7,417.3,422.0,426.5,431.1,435.6
PELH_1,4491.6,4559.9,4628.1,4696.3,4764.6,4832.8,4901.0,4969.3,5037.5,5105.7,5173.9,5242.1,5310.4,5378.6,5446.8,5514.9,5582.9,5651.1,5719.3,5787.6,5856.0,5924.5,5992.7,6060.9,6129.2,6197.4,6265.6,6333.8,6402.1,6470.3
PEMB_1,3650.6,3706.2,3761.6,3817.0,3872.5,3928.0,3983.4,4038.9,4094.3,4149.8,4205.3,4260.7,4316.1,4371.6,4427.1,4482.3,4537.7,4593.1,4648.6,4704.0,4759.6,4815.2,4870.7,4926.2,4981.6,5037.1,5092.5,5148.0,5203.4,5258.9
PENN_1,3688.3,3744.4,3800.5,3856.5,3912.5,3968.6,4024.6,4080.6,4136.6,4192.7,4248.7,4304.7,4360.8,4416.8,4472.8,4528.7,4584.5,4640.5,4696.5,4752.6,4808.8,4865.0,4921.0,4977.0,5033.1,5089.1,5145.1,5201.2,5257.2,5313.2
PENT_1,2170.9,2203.9,2236.9,2269.8,2302.8,2335.8,2368.8,2401.7,2434.7,2467.7,2500.7,2533.7,2566.6,2599.6,2632.5,2665.4,2698.3,2731.3,2764.3,2797.3,2830.3,2863.4,2896.4,2929.4,2962.3,2995.3,3028.3,3061.2,3094.2,3127.2
PENW_1;STAH_1;WABO,7589.2,7704.599999999999,7820.0,7935.3,8050.599999999999,8165.8,8281.2,8396.4,8511.800000000001,8626.9,8742.2,8857.6,8972.9,9088.2,9203.4,9318.400000000001,9433.2,9548.5,9663.9,9779.2,9894.699999999999,10010.300000000001,10125.599999999999,10240.999999999998,10356.3,10471.6,10586.7,10702.0,10817.4,10932.5
PERS_P,479.2,486.5,493.8,501.1,508.4,515.7,522.9,530.2,537.5,544.7,552.0,559.3,566.6,573.9,581.1,588.4,595.7,602.9,610.2,617.5,624.8,632.1,639.4,646.6,653.9,661.2,668.5,675.8,683.1,690.3
PITS_3,945.4,959.8,974.1,988.5,1002.8,1017.2,1031.6,1045.9,1060.3,1074.7,1089.0,1103.4,1117.7,1132.1,1146.5,1160.8,1175.1,1189.4,1203.8,1218.2,1232.6,1247.0,1261.4,1275.7,1290.1,1304.4,1318.8,1333.1,1347.5,1361.9
POOB,948.6,962.9,977.4,991.8,1006.2,1020.6,1035.0,1049.4,1063.8,1078.2,1092.6,1107.0,1121.4,1135.8,1150.3,1164.7,1179.0,1193.4,1207.8,1222.3,1236.7,1251.2,1265.5,1280.0,1294.4,1308.8,1323.2,1337.6,1352.0,1366.4
POPP_3,797.5,809.7,821.8,833.9,846.0,858.1,870.3,882.4,894.5,906.6,918.7,930.8,943.0,955.1,967.2,979.3,991.3,1003.5,1015.6,1027.7,1039.9,1052.0,1064.1,1076.2,1088.4,1100.5,1112.6,1124.7,1136.8,1148.9
PORA_P,296.6,301.1,305.7,310.1,314.7,319.2,323.7,328.2,332.7,337.2,341.7,346.2,350.7,355.2,359.7,364.2,368.7,373.2,377.7,382.2,386.8,391.2,395.7,400.2,404.8,409.3,413.8,418.3,422.8,427.3
PORD,381.5,387.4,393.2,399.0,404.8,410.6,416.3,422.1,427.9,433.7,439.5,445.3,451.1,456.9,462.7,468.5,474.3,480.1,485.9,491.6,497.5,503.3,509.1,514.9,520.7,526.5,532.3,538.1,543.9,549.6
PYLE_1,2284.8,2319.6,2354.3,2389.0,2423.7,2458.4,2493.2,2527.8,2562.6,2597.3,2632.0,2666.7,2701.4,2736.1,2770.8,2805.4,2840.0,2874.7,2909.4,2944.1,2979.0,3013.7,3048.5,3083.2,3117.9,3152.6,3187.3,3222.0,3256.7,3291.4
QUOI_P,3.0,3.0,3.0,3.1,3.2,3.2,3.2,3.3,3.4,3.4,3.4,3.5,3.5,3.5,3.6,3.6,3.7,3.7,3.8,3.9,3.9,3.9,4.0,4.0,4.1,4.1,4.1,4.2,4.3,4.3
RAIN_1,6118.4,6211.5,6304.4,6397.4,6490.3,6583.3,6676.2,6769.1,6862.1,6955.0,7048.0,7140.9,7233.8,7326.8,7419.7,7512.4,7605.1,7698.0,7790.9,7883.9,7977.1,8070.3,8163.3,8256.2,8349.2,8442.1,8535.0,8628.0,8720.9,8813.8
RANN_P,0.7,0.7,0.7,0.8,0.8,0.8,0.8,0.8,0.8,0.8,0.8,0.8,0.8,0.8,0.8,0.8,0.8,0.9,0.9,0.9,0.9,0.9,1.0,1.0,1.0,1.0,1.0,1.0,1.0,1.0
RASS_1,3570.5,3624.8,3679.0,3733.3,3787.5,3841.8,3896.0,3950.2,4004.5,4058.7,4113.0,4167.2,4221.4,4275.6,4329.9,4384.0,4438.0,4492.3,4546.5,4600.7,4655.2,4709.5,4763.8,4818.0,4872.3,4926.5,4980.7,5035.0,5089.2,5143.5
RATS_1,7945.5,8066.3,8187.0,8307.7,8428.4,8549.1,8669.8,8790.5,8911.2,9031.9,9152.6,9273.3,9394.0,9514.7,9635.4,9755.7,9876.1,9996.7,10117.4,10238.1,10359.1,10480.2,10600.9,10721.6,10842.3,10963.0,11083.7,11204.4,11325.1,11445.8
RAVE;WISH,710.2,721.1,731.8000000000001,742.5999999999999,753.4,764.1999999999999,775.0,785.7,796.7,807.4000000000001,818.1999999999999,828.9,839.6999999999999,850.6,861.3,872.1,882.9000000000001,893.6,904.4,915.1999999999999,926.0,936.8,947.6,958.4,969.2,980.0999999999999,990.8,1001.5,1012.4,1023.2
RAYL_1,8019.9,8141.9,8263.7,8385.5,8507.4,8629.2,8751.0,8872.9,8994.7,9116.5,9238.3,9360.2,9482.0,9603.8,9725.7,9847.1,9968.6,10090.4,10212.2,10334.0,10456.2,10578.4,10700.3,10822.1,10943.9,11065.7,11187.5,11309.4,11431.2,11553.0
REBR_3,1997.2,2027.6,2057.9,2088.3,2118.6,2148.9,2179.2,2209.6,2239.9,2270.3,2300.6,2331.0,2361.3,2391.6,2422.0,2452.2,2482.5,2512.8,2543.1,2573.5,2603.9,2634.3,2664.7,2695.0,2725.4,2755.7,2786.0,2816.4,2846.7,2877.0
REDH,438.1,444.8,451.5,458.1,464.8,471.4,478.1,484.8,491.4,498.1,504.7,511.4,518.0,524.7,531.3,538.0,544.6,551.2,557.9,564.6,571.2,577.9,584.6,591.2,597.9,604.6,611.2,617.8,624.5,631.1
REDM_P,499.8,507.4,515.0,522.6,530.2,537.8,545.4,553.0,560.6,568.2,575.8,583.4,591.0,598.6,606.2,613.7,621.3,628.9,636.5,644.1,651.7,659.3,666.9,674.5,682.1,689.7,697.3,704.9,712.5,720.1
ROCH_1,4278.4,4343.5,4408.5,4473.4,4538.5,4603.4,4668.4,4733.4,4798.4,4863.4,4928.4,4993.4,5058.4,5123.3,5188.3,5253.1,5318.0,5382.9,5447.9,5512.9,5578.0,5643.3,5708.3,5773.3,5838.3,5903.2,5968.3,6033.2,6098.2,6163.2
RUGEB1,3233.8,3283.0,3332.1,3381.2,3430.3,3479.4,3528.6,3577.7,3626.8,3676.0,3725.1,3774.2,3823.3,3872.4,3921.6,3970.6,4019.5,4068.6,4117.7,4166.9,4216.1,4265.4,4314.5,4363.7,4412.8,4461.9,4511.0,4560.1,4609.2,4658.4
RYEH_1,6238.1,6333.0,6427.7,6522.5,6617.2,6712.0,6806.7,6901.5,6996.3,7091.0,7185.8,7280.5,7375.3,7470.0,7564.8,7659.3,7753.7,7848.5,7943.2,8038.0,8133.0,8228.1,8322.8,8417.6,8512.4,8607.1,8701.9,8796.6,8891.4,8986.2
SALH_1,4354.0,4420.2,4486.3,4552.5,4618.6,4684.7,4750.9,4817.0,4883.2,4949.3,5015.4,5081.6,5147.8,5213.9,5280.0,5345.9,5411.9,5478.0,5544.2,5610.3,5676.6,5743.0,5809.1,5875.2,5941.4,6007.6,6073.7,6139.8,6206.0,6272.1
SALT_1,1297.5,1317.3,1337.0,1356.7,1376.4,1396.1,1415.8,1435.6,1455.2,1475.0,1494.7,1514.4,1534.1,1553.8,1573.5,1593.2,1612.8,1632.5,1652.2,1671.9,1691.7,1711.5,1731.2,1750.9,1770.6,1790.4,1810.0,1829.7,1849.5,1869.1
SANX,341.5,346.6,351.9,357.0,362.2,367.4,372.6,377.8,382.9,388.2,393.4,398.5,403.7,408.9,414.1,419.2,424.4,429.6,434.8,440.0,445.2,450.4,455.6,460.8,466.0,471.1,476.3,481.5,486.7,491.9
SBAR,2880.1,2923.9,2967.6,3011.4,3055.1,3098.8,3142.6,3186.4,3230.1,3273.9,3317.6,3361.3,3405.1,3448.9,3492.6,3536.2,3579.8,3623.6,3667.4,3711.1,3755.0,3798.8,3842.6,3886.4,3930.1,3973.8,4017.6,4061.4,4105.1,4148.8
SEAB1,5945.2,6035.7,6126.0,6216.3,6306.6,6396.9,6487.2,6577.5,6667.8,6758.1,6848.4,6938.8,7029.1,7119.4,7209.7,7299.7,7389.8,7480.1,7570.4,7660.7,7751.3,7841.8,7932.2,8022.5,8112.8,8203.1,8293.4,8383.7,8474.0,8564.3
SELL_1,1896.2,1925.1,1953.8,1982.6,2011.5,2040.2,2069.1,2097.9,2126.7,2155.5,2184.3,2213.1,2241.9,2270.7,2299.5,2328.2,2356.9,2385.7,2414.5,2443.3,2472.2,2501.1,2529.9,2558.7,2587.6,2616.3,2645.1,2673.9,2702.8,2731.6
SFEG_P,75.4,76.6,77.7,78.9,80.0,81.1,82.3,83.4,84.6,85.7,86.9,88.0,89.1,90.3,91.5,92.6,93.7,94.9,96.0,97.2,98.3,99.5,100.6,101.7,102.9,104.1,105.2,106.4,107.5,108.7
SFIL_P,22.8,23.2,23.5,23.9,24.2,24.5,24.9,25.2,25.6,25.9,26.3,26.7,27.0,27.3,27.7,28.0,28.4,28.7,29.1,29.4,29.7,30.1,30.4,30.8,31.1,31.5,31.8,32.2,32.5,32.8
SHEC_3,1742.9,1769.4,1795.9,1822.3,1848.8,1875.3,1901.8,1928.3,1954.7,1981.2,2007.7,2034.2,2060.6,2087.1,2113.6,2140.0,2166.4,2192.8,2219.3,2245.8,2272.3,2298.9,2325.4,2351.8,2378.3,2404.8,2431.3,2457.7,2484.2,2510.7
SHIN_P,22.4,22.7,23.1,23.4,23.8,24.1,24.5,24.8,25.1,25.5,25.8,26.2,26.5,26.8,27.1,27.5,27.8,28.2,28.5,28.9,29.2,29.5,29.9,30.2,30.6,30.9,31.3,31.6,31.9,32.3
SHRU,615.3,624.7,634.0,643.4,652.7,662.1,671.4,680.8,690.1,699.5,708.8,718.2,727.5,736.9,746.2,755.5,764.9,774.2,783.6,792.9,802.3,811.6,821.0,830.3,839.7,849.0,858.4,867.7,877.0,886.4
SHRW_1,1490.3,1513.0,1535.6,1558.2,1580.9,1603.5,1626.2,1648.8,1671.5,1694.1,1716.7,1739.4,1762.0,1784.6,1807.3,1829.8,1852.4,1875.0,1897.7,1920.3,1943.0,1965.7,1988.4,2011.0,2033.7,2056.3,2078.9,2101.6,2124.2,2146.8
SIGH,1005.6,1020.9,1036.1,1051.4,1066.7,1081.9,1097.3,1112.5,1127.8,1143.1,1158.3,1173.6,1188.9,1204.2,1219.5,1234.7,1249.9,1265.2,1280.4,1295.7,1311.1,1326.3,1341.6,1356.9,1372.2,1387.5,1402.7,1418.0,1433.3,1448.6
SJOW_1,14688.6,14912.0,15135.1,15358.3,15581.4,15804.5,16027.6,16250.8,16473.9,16697.0,16920.1,17143.3,17366.4,17589.5,17812.6,18035.1,18257.6,18480.7,18703.8,18926.9,19150.6,19374.5,19597.7,19820.8,20043.9,20267.0,20490.2,20713.3,20936.4,21159.5
SKLGB1,8718.4,8851.0,8983.4,9115.8,9248.3,9380.7,9513.1,9645.6,9778.0,9910.4,10042.9,10175.3,10307.8,10440.2,10572.7,10704.7,10836.7,10969.1,11101.5,11234.0,11366.8,11499.6,11632.1,11764.6,11897.0,12029.4,12161.8,12294.3,12426.7,12559.2
SLOY_P,20.4,20.8,21.1,21.4,21.7,22.0,22.3,22.6,22.9,23.3,23.6,23.9,24.2,24.5,24.8,25.1,25.4,25.7,26.0,26.4,26.7,27.0,27.3,27.6,27.9,28.2,28.6,28.9,29.2,29.5
SMAN_1,5716.0,5803.0,5889.8,5976.6,6063.5,6150.3,6237.1,6323.9,6410.8,6497.6,6584.5,6671.3,6758.1,6844.9,6931.8,7018.3,7104.9,7191.7,7278.5,7365.4,7452.4,7539.5,7626.4,7713.2,7800.0,7886.9,7973.7,8060.5,8147.4,8234.2
SPAV,366.0,371.6,377.1,382.7,388.3,393.8,399.4,404.9,410.5,416.1,421.6,427.2,432.7,438.3,443.9,449.4,454.9,460.5,466.1,471.6,477.2,482.8,488.3,493.9,499.5,505.0,510.6,516.1,521.7,527.3
SPEN_1,3585.3,3639.8,3694.2,3748.7,3803.2,3857.6,3912.1,3966.6,4021.0,4075.5,4129.9,4184.4,4238.8,4293.3,4347.8,4402.1,4456.4,4510.8,4565.3,4619.8,4674.4,4729.0,4783.4,4837.9,4892.4,4946.8,5001.3,5055.8,5110.2,5164.7
SSHI_3,1041.6,1057.4,1073.3,1089.1,1104.9,1120.7,1136.5,1152.3,1168.2,1184.0,1199.8,1215.7,1231.5,1247.3,1263.1,1278.9,1294.7,1310.5,1326.3,1342.1,1358.0,1373.9,1389.7,1405.5,1421.4,1437.2,1453.0,1468.8,1484.6,1500.4
STAL_1,5635.9,5721.6,5807.2,5892.9,5978.4,6064.1,6149.7,6235.3,6320.9,6406.5,6492.2,6577.7,6663.4,6749.0,6834.6,6919.9,7005.3,7090.9,7176.5,7262.1,7348.0,7433.8,7519.5,7605.1,7690.7,7776.3,7861.9,7947.6,8033.1,8118.8
STAY_1,4477.1,4545.1,4613.1,4681.2,4749.2,4817.2,4885.2,4953.2,5021.2,5089.2,5157.2,5225.2,5293.2,5361.2,5429.2,5497.0,5564.9,5632.9,5700.8,5768.9,5837.1,5905.3,5973.3,6041.3,6109.3,6177.3,6245.3,6313.3,6381.3,6449.4
STEN_1,4066.4,4128.3,4190.1,4251.9,4313.6,4375.4,4437.2,4498.9,4560.7,4622.5,4684.2,4746.0,4807.8,4869.6,4931.4,4992.9,5054.5,5116.3,5178.0,5239.8,5301.7,5363.7,5425.5,5487.3,5549.1,5610.8,5672.6,5734.4,5796.1,5857.9
STES_1,3402.7,3454.5,3506.1,3557.9,3609.5,3661.2,3712.9,3764.6,3816.3,3868.0,3919.6,3971.3,4023.1,4074.7,4126.4,4178.0,4229.5,4281.2,4332.9,4384.5,4436.4,4488.2,4539.9,4591.6,4643.3,4695.0,4746.7,4798.4,4850.1,4901.8
STHA,518.8,526.6,534.5,542.4,550.3,558.1,566.0,573.9,581.8,589.7,597.5,605.5,613.3,621.2,629.1,637.0,644.8,652.7,660.5,668.5,676.4,684.2,692.1,700.0,707.9,715.8,723.6,731.5,739.4,747.3
STIR,671.4,681.7,691.8,702.0,712.2,722.4,732.6,742.8,753.0,763.2,773.4,783.6,793.8,804.0,814.2,824.4,834.6,844.7,854.9,865.2,875.4,885.6,895.8,906.0,916.2,926.4,936.6,946.8,957.0,967.2
STLE,431.5,438.0,444.6,451.1,457.7,464.2,470.8,477.3,483.9,490.5,497.0,503.6,510.1,516.7,523.2,529.8,536.3,542.8,549.4,556.0,562.5,569.1,575.6,582.2,588.8,595.3,601.8,608.4,615.0,621.5
SUND_1,10441.2,10600.0,10758.6,10917.2,11075.8,11234.4,11393.0,11551.6,11710.2,11868.8,12027.4,12186.0,12344.6,12503.3,12661.8,12820.0,12978.1,13136.7,13295.3,13453.9,13612.9,13772.0,13930.7,14089.3,14247.9,14406.5,14565.1,14723.7,14882.3,15040.9
SWAN_1,10642.5,10804.3,10966.0,11127.7,11289.3,11451.0,11612.7,11774.4,11936.0,12097.7,12259.3,12421.0,12582.7,12744.3,12906.0,13067.1,13228.3,13390.0,13551.6,13713.3,13875.4,14037.5,14199.3,14360.9,14522.6,14684.3,14845.9,15007.6,15169.3,15330.9
TARL_P,172.3,175.0,177.6,180.2,182.9,185.5,188.1,190.7,193.3,195.9,198.6,201.2,203.8,206.4,209.0,211.6,214.3,216.8,219.5,222.1,224.7,227.3,229.9,232.6,235.2,237.8,240.4,243.0,245.7,248.3
TAUN1,2324.9,2360.3,2395.6,2430.9,2466.2,2501.6,2536.9,2572.2,2607.5,2642.8,2678.1,2713.5,2748.7,2784.1,2819.4,2854.6,2889.8,2925.1,2960.4,2995.8,3031.2,3066.6,3101.9,3137.3,3172.6,3207.9,3243.2,3278.5,3313.8,3349.2
TAYN_P,384.7,390.5,396.4,402.2,408.1,413.9,419.8,425.6,431.5,437.3,443.1,449.0,454.9,460.7,466.5,472.3,478.1,484.0,489.9,495.7,501.6,507.4,513.2,519.1,525.0,530.8,536.6,542.5,548.3,554.2
TELR,192.1,195.0,197.9,200.9,203.8,206.7,209.6,212.5,215.4,218.4,221.3,224.2,227.1,230.0,232.9,235.8,238.8,241.6,244.6,247.5,250.5,253.4,256.3,259.2,262.1,265.0,268.0,270.8,273.8,276.7
TEMP_3,155.9,158.2,160.6,163.0,165.3,167.7,170.1,172.5,174.9,177.2,179.6,182.0,184.3,186.7,189.1,191.4,193.8,196.1,198.5,200.9,203.3,205.6,208.0,210.4,212.7,215.1,217.5,219.8,222.2,224.6
THOM_6,2149.3,2182.0,2214.6,2247.3,2280.0,2312.6,2345.2,2377.9,2410.6,2443.2,2475.9,2508.5,2541.2,2573.8,2606.5,2639.0,2671.5,2704.2,2736.8,2769.5,2802.2,2835.0,2867.6,2900.3,2932.9,2965.6,2998.2,3030.9,3063.5,3096.2
THSO_P,345.8,351.1,356.3,361.5,366.8,372.1,377.3,382.6,387.8,393.1,398.3,403.6,408.8,414.1,419.3,424.6,429.8,435.0,440.3,445.5,450.8,456.1,461.4,466.6,471.8,477.1,482.4,487.6,492.9,498.1
THUR_6,3280.9,3330.9,3380.7,3430.5,3480.4,3530.2,3580.1,3629.9,3679.7,3729.6,3779.4,3829.2,3879.1,3928.9,3978.7,4028.5,4078.1,4128.0,4177.8,4227.7,4277.6,4327.6,4377.5,4427.3,4477.2,4527.0,4576.8,4626.7,4676.5,4726.3
TILBB_1,3284.0,3333.9,3383.8,3433.7,3483.6,3533.5,3583.4,3633.3,3683.1,3733.0,3782.9,3832.8,3882.7,3932.5,3982.4,4032.2,4081.9,4131.8,4181.7,4231.6,4281.6,4331.6,4381.5,4431.4,4481.3,4531.2,4581.1,4630.9,4680.8,4730.7
TOTT_1,5367.8,5449.5,5531.0,5612.6,5694.1,5775.6,5857.1,5938.7,6020.2,6101.8,6183.3,6264.8,6346.4,6427.9,6509.5,6590.8,6672.1,6753.6,6835.1,6916.7,6998.4,7080.2,7161.7,7243.3,7324.9,7406.4,7487.9,7569.5,7651.0,7732.6
TRAW_1,2027.3,2058.2,2089.0,2119.8,2150.6,2181.3,2212.1,2242.9,2273.8,2304.5,2335.3,2366.1,2396.9,2427.7,2458.5,2489.2,2520.0,2550.7,2581.5,2612.3,2643.2,2674.1,2704.9,2735.7,2766.5,2797.3,2828.1,2858.9,2889.6,2920.5
TUMB_P,141.3,143.4,145.6,147.7,149.9,152.0,154.2,156.3,158.5,160.6,162.8,164.9,167.0,169.2,171.3,173.5,175.6,177.8,179.9,182.1,184.2,186.4,188.5,190.7,192.8,195.0,197.1,199.2,201.4,203.5
TYNE_1;TYNE_2,3420.7,3472.7999999999997,3524.7,3576.7,3628.6000000000004,3680.6,3732.6000000000004,3784.5,3836.5,3888.4,3940.3,3992.3,4044.3999999999996,4096.3,4148.3,4200.0,4251.9,4303.8,4355.7,4407.700000000001,4459.799999999999,4511.9,4563.799999999999,4615.8,4667.799999999999,4719.8,4771.8,4823.700000000001,4875.7,4927.700000000001
UPPB_1;UPPB_3,3910.6,3970.0,4029.6,4088.8,4148.3,4207.7,4267.099999999999,4326.5,4385.9,4445.3,4504.7,4564.2,4623.6,4682.8,4742.4,4801.5,4860.8,4920.1,4979.5,5038.9,5098.5,5158.1,5217.6,5277.0,5336.4,5395.799999999999,5455.200000000001,5514.6,5574.0,5633.4
WALH_1,6151.4,6244.9,6338.3,6431.8,6525.2,6618.7,6712.1,6805.5,6899.0,6992.4,7085.9,7179.3,7272.7,7366.2,7459.6,7552.8,7646.0,7739.4,7832.8,7926.3,8020.0,8113.7,8207.2,8300.6,8394.1,8487.5,8580.9,8674.3,8767.8,8861.2
WALP_1,7932.5,8053.2,8173.7,8294.2,8414.7,8535.2,8655.7,8776.1,8896.6,9017.2,9137.7,9258.2,9378.6,9499.1,9619.7,9739.8,9859.9,9980.4,10100.9,10221.4,10342.2,10463.1,10583.6,10704.1,10824.6,10945.1,11065.6,11186.1,11306.6,11427.1
WALP_B,9435.3,9578.8,9722.1,9865.4,10008.7,10152.1,10295.4,10438.7,10582.0,10725.4,10868.7,11012.0,11155.3,11298.7,11442.0,11584.9,11727.8,11871.1,12014.4,12157.7,12301.4,12445.2,12588.6,12731.9,12875.2,13018.6,13161.9,13305.2,13448.5,13591.9
WARL_1,4104.1,4166.5,4228.8,4291.2,4353.5,4415.9,4478.2,4540.5,4602.9,4665.2,4727.6,4789.9,4852.3,4914.6,4976.9,5039.1,5101.3,5163.6,5225.9,5288.3,5350.8,5413.3,5475.7,5538.0,5600.4,5662.7,5725.0,5787.4,5849.7,5912.1
WATFS_1,3763.7,3820.9,3878.1,3935.3,3992.5,4049.6,4106.8,4164.0,4221.1,4278.3,4335.5,4392.7,4449.8,4507.0,4564.2,4621.2,4678.2,4735.3,4792.5,4849.7,4907.0,4964.4,5021.5,5078.7,5135.9,5193.1,5250.2,5307.4,5364.6,5421.7
WBOL_6,3436.4,3488.6,3540.8,3593.0,3645.2,3697.5,3749.7,3801.9,3854.1,3906.3,3958.5,4010.7,4062.8,4115.1,4167.2,4219.3,4271.3,4323.5,4375.7,4427.9,4480.3,4532.6,4584.8,4637.1,4689.3,4741.5,4793.7,4845.9,4898.1,4950.3
WBUR_1,3664.5,3720.3,3775.9,3831.6,3887.3,3942.9,3998.6,4054.3,4109.9,4165.6,4221.3,4276.9,4332.6,4388.2,4443.9,4499.4,4554.9,4610.6,4666.2,4721.9,4777.7,4833.5,4889.2,4944.9,5000.6,5056.2,5111.9,5167.5,5223.2,5278.9
WFIE,236.9,240.5,244.1,247.7,251.3,254.9,258.5,262.1,265.7,269.3,272.9,276.5,280.1,283.7,287.3,290.9,294.5,298.1,301.7,305.3,308.9,312.4,316.1,319.7,323.2,326.9,330.5,334.1,337.7,341.2
WGEO,670.9,681.1,691.2,701.4,711.6,721.8,732.0,742.2,752.4,762.6,772.8,782.9,793.1,803.4,813.6,823.7,833.9,844.1,854.2,864.4,874.6,884.8,895.1,905.2,915.5,925.6,935.8,946.0,956.2,966.4
WHGA_1,4389.3,4456.0,4522.7,4589.4,4656.1,4722.8,4789.4,4856.1,4922.8,4989.4,5056.1,5122.8,5189.4,5256.1,5322.8,5389.3,5455.7,5522.4,5589.1,5655.7,5722.6,5789.5,5856.2,5922.9,5989.5,6056.2,6122.9,6189.6,6256.2,6322.9
WHHO,428.1,434.6,441.1,447.5,454.1,460.6,467.1,473.6,480.1,486.6,493.1,499.6,506.1,512.6,519.1,525.6,532.0,538.5,545.0,551.6,558.0,564.6,571.1,577.6,584.1,590.6,597.1,603.6,610.1,616.6
WIBA_3,747.9,759.3,770.7,782.1,793.4,804.8,816.1,827.5,838.9,850.2,861.6,872.9,884.3,895.6,907.0,918.4,929.7,941.0,952.4,963.7,975.1,986.5,997.9,1009.3,1020.6,1032.0,1043.3,1054.7,1066.1,1077.4
WIEN_1,1769.3,1796.2,1823.1,1850.0,1876.8,1903.7,1930.6,1957.4,1984.3,2011.2,2038.1,2064.9,2091.8,2118.7,2145.5,2172.4,2199.2,2226.0,2252.9,2279.8,2306.7,2333.7,2360.6,2387.4,2414.3,2441.2,2468.1,2495.0,2521.8,2548.7
WILL_1,8481.2,8610.2,8739.0,8867.9,8996.7,9125.6,9254.4,9383.2,9512.1,9640.9,9769.7,9898.6,10027.4,10156.2,10285.1,10413.5,10542.0,10670.7,10799.6,10928.4,11057.6,11186.8,11315.7,11444.6,11573.4,11702.2,11831.0,11959.9,12088.7,12217.5
WIMBN1;WIMBS1,10716.8,10879.9,11042.8,11205.400000000001,11368.3,11531.0,11693.900000000001,11856.7,12019.5,12182.2,12345.099999999999,12507.8,12670.6,12833.5,12996.2,13158.5,13320.8,13483.6,13646.4,13809.1,13972.400000000001,14135.7,14298.599999999999,14461.4,14624.2,14786.9,14949.8,15112.5,15275.3,15438.0
WIOW_P,373.8,379.4,385.1,390.8,396.5,402.2,407.8,413.5,419.2,424.9,430.5,436.2,441.9,447.6,453.2,458.9,464.6,470.3,475.9,481.6,487.3,493.0,498.6,504.3,510.0,515.7,521.4,527.1,532.7,538.4
WMEL_1,9520.1,9664.9,9809.5,9954.2,10098.8,10243.4,10388.0,10532.6,10677.2,10821.8,10966.4,11111.0,11255.7,11400.3,11544.9,11689.1,11833.2,11977.8,12122.5,12267.0,12412.1,12557.1,12701.8,12846.4,12991.0,13135.7,13280.3,13424.8,13569.5,13714.1
WOHI_P,372.1,377.8,383.4,389.1,394.7,400.4,406.0,411.7,417.4,423.0,428.7,434.3,440.0,445.6,451.3,456.9,462.5,468.2,473.8,479.5,485.2,490.8,496.5,502.2,507.8,513.4,519.1,524.8,530.4,536.1
WTHU31,821.3,833.8,846.4,858.8,871.3,883.8,896.3,908.7,921.2,933.7,946.2,958.7,971.1,983.6,996.1,1008.5,1020.9,1033.4,1045.9,1058.4,1070.9,1083.4,1095.9,1108.3,1120.8,1133.3,1145.8,1158.3,1170.7,1183.2
WWEY_1,6346.0,6442.5,6538.9,6635.4,6731.7,6828.1,6924.6,7021.0,7117.4,7213.8,7310.2,7406.6,7503.0,7599.4,7695.8,7791.9,7888.0,7984.4,8080.7,8177.1,8273.8,8370.5,8466.9,8563.3,8659.7,8756.1,8852.5,8948.9,9045.3,9141.7
WYLF_1,931.2,945.4,959.5,973.7,987.8,1002.0,1016.1,1030.3,1044.4,1058.5,1072.7,1086.9,1101.0,1115.1,1129.3,1143.4,1157.5,1171.6,1185.8,1199.9,1214.1,1228.3,1242.4,1256.6,1270.8,1284.9,1299.0,1313.2,1327.3,1341.5
WYMOM_1,4175.1,4238.7,4302.1,4365.5,4428.9,4492.3,4555.7,4619.2,4682.6,4746.0,4809.4,4872.9,4936.3,4999.7,5063.1,5126.4,5189.6,5253.0,5316.4,5379.8,5443.4,5507.1,5570.5,5633.9,5697.3,5760.8,5824.2,5887.6,5951.0,6014.5
ECLA_1,0.0,0.0,0.0,0.0,0.0,0.0,0.0,0.0,0.0,0.0,0.0,0.0,0.0,0.0,0.0,0.0,0.0,0.0,0.0,0.0,0.0,0.0,0.0,0.0,0.0,0.0,0.0,0.0,0.0,0.0
GRMO,0.0,0.0,0.0,0.0,0.0,0.0,0.0,0.0,0.0,0.0,0.0,0.0,0.0,0.0,0.0,0.0,0.0,0.0,0.0,0.0,0.0,0.0,0.0,0.0,0.0,0.0,0.0,0.0,0.0,0.0
PENE_1,0.0,0.0,0.0,0.0,0.0,0.0,0.0,0.0,0.0,0.0,0.0,0.0,0.0,0.0,0.0,0.0,0.0,0.0,0.0,0.0,0.0,0.0,0.0,0.0,0.0,0.0,0.0,0.0,0.0,0.0
DUMF,0.0,0.0,0.0,0.0,0.0,0.0,0.0,0.0,0.0,0.0,0.0,0.0,0.0,0.0,0.0,0.0,0.0,0.0,0.0,0.0,0.0,0.0,0.0,0.0,0.0,0.0,0.0,0.0,0.0,0.0
GLNI,0.0,0.0,0.0,0.0,0.0,0.0,0.0,0.0,0.0,0.0,0.0,0.0,0.0,0.0,0.0,0.0,0.0,0.0,0.0,0.0,0.0,0.0,0.0,0.0,0.0,0.0,0.0,0.0,0.0,0.0
G_EXTRA_12,0.0,0.0,0.0,0.0,0.0,0.0,0.0,0.0,0.0,0.0,0.0,0.0,0.0,0.0,0.0,0.0,0.0,0.0,0.0,0.0,0.0,0.0,0.0,0.0,0.0,0.0,0.0,0.0,0.0,0.0
FERRB_M;FERRB1,0.0,0.0,0.0,0.0,0.0,0.0,0.0,0.0,0.0,0.0,0.0,0.0,0.0,0.0,0.0,0.0,0.0,0.0,0.0,0.0,0.0,0.0,0.0,0.0,0.0,0.0,0.0,0.0,0.0,0.0
SACO,0.0,0.0,0.0,0.0,0.0,0.0,0.0,0.0,0.0,0.0,0.0,0.0,0.0,0.0,0.0,0.0,0.0,0.0,0.0,0.0,0.0,0.0,0.0,0.0,0.0,0.0,0.0,0.0,0.0,0.0
ARMO_P,0.0,0.0,0.0,0.0,0.0,0.0,0.0,0.0,0.0,0.0,0.0,0.0,0.0,0.0,0.0,0.0,0.0,0.0,0.0,0.0,0.0,0.0,0.0,0.0,0.0,0.0,0.0,0.0,0.0,0.0
MAGA_6,0.0,0.0,0.0,0.0,0.0,0.0,0.0,0.0,0.0,0.0,0.0,0.0,0.0,0.0,0.0,0.0,0.0,0.0,0.0,0.0,0.0,0.0,0.0,0.0,0.0,0.0,0.0,0.0,0.0,0.0
KILB,0.0,0.0,0.0,0.0,0.0,0.0,0.0,0.0,0.0,0.0,0.0,0.0,0.0,0.0,0.0,0.0,0.0,0.0,0.0,0.0,0.0,0.0,0.0,0.0,0.0,0.0,0.0,0.0,0.0,0.0
CROO,0.0,0.0,0.0,0.0,0.0,0.0,0.0,0.0,0.0,0.0,0.0,0.0,0.0,0.0,0.0,0.0,0.0,0.0,0.0,0.0,0.0,0.0,0.0,0.0,0.0,0.0,0.0,0.0,0.0,0.0
CLYM,0.0,0.0,0.0,0.0,0.0,0.0,0.0,0.0,0.0,0.0,0.0,0.0,0.0,0.0,0.0,0.0,0.0,0.0,0.0,0.0,0.0,0.0,0.0,0.0,0.0,0.0,0.0,0.0,0.0,0.0
