Primary,2019,2020,2021,2022,2023,2024,2025,2026,2027,2028,2029,2030,2031,2032,2033,2034,2035,2036,2037,2038,2039,2040,2041,2042,2043,2044,2045,2046,2047,2048,2049,2050
ABHA1,66.881,66.153,65.496,64.604,63.957,63.178,62.385,61.557,60.722,59.882,59.032,58.423,58.302,58.239,58.237,58.305,58.438,58.664,58.991,59.395,59.894,60.566,61.554,62.709,64.002,65.489,67.055,68.542,70.204,72.039,74.141,75.841
ABNE_P,9.911,9.813,9.716,9.588,9.492,9.378,9.261,9.139,9.017,8.893,8.768,8.678,8.660,8.651,8.650,8.660,8.680,8.713,8.761,8.820,8.894,8.993,9.138,9.308,9.498,9.716,9.947,10.166,10.410,10.680,10.989,11.239
ABTH_1,80.575,79.698,78.906,77.832,77.052,76.113,75.159,74.161,73.154,72.143,71.119,70.385,70.240,70.163,70.161,70.243,70.403,70.675,71.069,71.557,72.158,72.967,74.157,75.549,77.107,78.898,80.784,82.577,84.578,86.790,89.322,91.370
ACTL_2;CBNK_H;GREE_H;PERI_H,35.671,35.281,34.932,34.457,34.111,33.696,33.273,32.831,32.386,31.939,31.485,31.159,31.095,31.062,31.061,31.097,31.168,31.287,31.463,31.678,31.944,32.303,32.831,33.446,34.136,34.928,35.764,36.556,37.443,38.421,39.543,40.450
ALNE_P,9.341,9.248,9.156,9.036,8.946,8.838,8.728,8.613,8.497,8.381,8.263,8.178,8.161,8.153,8.152,8.162,8.180,8.212,8.256,8.313,8.382,8.475,8.612,8.772,8.951,9.157,9.374,9.581,9.811,10.066,10.357,10.592
ALVE1,66.370,65.648,64.995,64.110,63.468,62.695,61.909,61.087,60.258,59.424,58.581,57.976,57.857,57.794,57.792,57.860,57.992,58.216,58.540,58.942,59.437,60.103,61.084,62.230,63.513,64.988,66.542,68.019,69.667,71.489,73.575,75.262
AMEM_1,19.294,19.084,18.894,18.637,18.450,18.226,17.997,17.758,17.517,17.275,17.030,16.854,16.819,16.801,16.800,16.820,16.858,16.923,17.018,17.134,17.278,17.472,17.757,18.090,18.463,18.892,19.344,19.773,20.252,20.782,21.388,21.879
ARBR_P,9.662,9.566,9.472,9.347,9.254,9.142,9.028,8.910,8.790,8.669,8.548,8.460,8.442,8.434,8.433,8.443,8.462,8.494,8.541,8.599,8.670,8.767,8.908,9.074,9.259,9.472,9.697,9.911,10.148,10.412,10.713,10.957
ARDK_P;CLAC_P,1.053,1.042,1.032,1.018,1.008,0.996,0.984,0.971,0.958,0.944,0.931,0.922,0.920,0.919,0.919,0.920,0.922,0.925,0.930,0.937,0.945,0.955,0.971,0.989,1.009,1.032,1.056,1.080,1.106,1.134,1.167,1.194
ARMO_P,8.609,8.523,8.439,8.328,8.245,8.145,8.044,7.938,7.832,7.724,7.616,7.537,7.522,7.514,7.514,7.522,7.539,7.568,7.610,7.661,7.725,7.811,7.937,8.084,8.250,8.440,8.640,8.830,9.042,9.277,9.545,9.762
AXMI1,49.148,48.613,48.130,47.474,46.999,46.426,45.844,45.236,44.621,44.005,43.380,42.932,42.844,42.797,42.796,42.846,42.944,43.109,43.350,43.647,44.014,44.507,45.233,46.082,47.032,48.125,49.275,50.369,51.589,52.938,54.483,55.732
AYRR,15.108,14.958,14.810,14.615,14.470,14.295,14.117,13.932,13.744,13.556,13.365,13.228,13.201,13.187,13.186,13.202,13.231,13.282,13.355,13.446,13.557,13.708,13.929,14.188,14.478,14.811,15.163,15.497,15.869,16.281,16.752,17.133
BAGA,13.682,13.546,13.412,13.235,13.104,12.945,12.784,12.616,12.447,12.276,12.103,11.979,11.954,11.942,11.941,11.955,11.982,12.028,12.094,12.176,12.277,12.414,12.614,12.849,13.111,13.413,13.731,14.034,14.370,14.744,15.170,15.515
BAIN,8.010,7.930,7.852,7.749,7.672,7.579,7.485,7.386,7.287,7.187,7.086,7.013,6.999,6.991,6.991,6.999,7.015,7.042,7.080,7.129,7.188,7.268,7.385,7.522,7.676,7.853,8.039,8.216,8.413,8.632,8.881,9.083
BARKC1;BARKW3,107.086,105.921,104.868,103.440,102.404,101.156,99.887,98.563,97.224,95.880,94.519,93.542,93.350,93.248,93.245,93.354,93.568,93.929,94.453,95.101,95.899,96.974,98.557,100.406,102.477,104.856,107.364,109.746,112.406,115.346,118.710,121.433
BEAU_P;ORRI_P,8.901,8.812,8.725,8.610,8.525,8.422,8.317,8.208,8.097,7.986,7.874,7.793,7.777,7.769,7.768,7.777,7.795,7.825,7.868,7.921,7.987,8.076,8.206,8.359,8.529,8.726,8.933,9.129,9.349,9.591,9.869,10.093
BEDDT1,34.192,33.820,33.484,33.028,32.697,32.299,31.894,31.471,31.043,30.614,30.180,29.868,29.806,29.774,29.773,29.808,29.876,29.991,30.159,30.365,30.620,30.964,31.469,32.059,32.721,33.480,34.281,35.042,35.891,36.829,37.904,38.773
BEDD_1,127.305,125.920,124.668,122.970,121.739,120.256,118.747,117.171,115.580,113.982,112.365,111.204,110.975,110.854,110.851,110.981,111.234,111.663,112.286,113.056,114.006,115.284,117.165,119.363,121.825,124.654,127.635,130.467,133.629,137.123,141.124,144.360
BERB_P;CAIF_P;DALL_P;GLEF_P;KEIT_P,17.591,17.417,17.245,17.017,16.848,16.645,16.438,16.222,16.004,15.784,15.562,15.402,15.370,15.355,15.354,15.372,15.406,15.465,15.550,15.656,15.785,15.961,16.219,16.520,16.858,17.246,17.655,18.044,18.477,18.957,19.505,19.949
BERW,10.209,10.108,10.008,9.876,9.778,9.660,9.540,9.414,9.288,9.160,9.031,8.939,8.920,8.911,8.911,8.921,8.941,8.975,9.024,9.086,9.161,9.263,9.413,9.588,9.783,10.009,10.246,10.472,10.723,11.002,11.320,11.577
BESW_1,102.952,101.832,100.820,99.447,98.451,97.252,96.032,94.757,93.471,92.178,90.870,89.932,89.746,89.649,89.646,89.751,89.956,90.303,90.807,91.429,92.197,93.231,94.752,96.530,98.521,100.809,103.219,105.510,108.067,110.893,114.128,116.745
BICF_1,60.912,60.250,59.651,58.838,58.249,57.540,56.818,56.064,55.303,54.538,53.764,53.209,53.099,53.041,53.040,53.102,53.223,53.428,53.726,54.095,54.549,55.161,56.061,57.113,58.291,59.644,61.071,62.426,63.938,65.610,67.525,69.073
BIRK_1,71.240,70.465,69.765,68.815,68.126,67.296,66.452,65.570,64.679,63.785,62.880,62.230,62.102,62.035,62.033,62.105,62.247,62.487,62.836,63.267,63.798,64.514,65.566,66.796,68.174,69.757,71.425,73.010,74.780,76.735,78.974,80.785
BISW_1,126.995,125.613,124.364,122.671,121.442,119.963,118.458,116.886,115.299,113.705,112.091,110.933,110.705,110.584,110.581,110.710,110.963,111.391,112.013,112.781,113.728,115.003,116.880,119.073,121.528,124.351,127.324,130.149,133.304,136.789,140.780,144.009
BLYTB1,48.022,47.499,47.027,46.387,45.922,45.363,44.794,44.199,43.599,42.996,42.386,41.948,41.862,41.816,41.815,41.864,41.960,42.121,42.356,42.647,43.005,43.487,44.197,45.026,45.955,47.022,48.146,49.215,50.407,51.725,53.234,54.455
BLYTH132,20.778,20.552,20.348,20.070,19.869,19.627,19.381,19.124,18.864,18.604,18.340,18.150,18.113,18.093,18.092,18.114,18.155,18.225,18.327,18.452,18.607,18.816,19.123,19.482,19.884,20.345,20.832,21.294,21.810,22.380,23.033,23.562
BOAG_P,6.940,6.871,6.803,6.713,6.647,6.566,6.485,6.399,6.313,6.227,6.139,6.076,6.064,6.057,6.057,6.064,6.078,6.101,6.134,6.176,6.227,6.297,6.398,6.517,6.650,6.803,6.965,7.118,7.289,7.478,7.695,7.870
BOLN_1,258.143,255.335,252.796,249.354,246.857,243.849,240.791,237.595,234.369,231.129,227.849,225.495,225.031,224.786,224.779,225.042,225.556,226.426,227.689,229.250,231.177,233.768,237.583,242.040,247.032,252.769,258.813,264.556,270.967,278.053,286.165,292.728
BONN,16.017,15.858,15.702,15.495,15.341,15.155,14.967,14.770,14.572,14.371,14.170,14.024,13.995,13.981,13.980,13.996,14.028,14.081,14.158,14.255,14.373,14.533,14.768,15.042,15.349,15.703,16.075,16.429,16.824,17.261,17.760,18.164
BOTW_1,44.553,44.069,43.630,43.036,42.605,42.086,41.558,41.007,40.450,39.891,39.325,38.918,38.838,38.796,38.795,38.840,38.929,39.079,39.297,39.567,39.899,40.346,41.005,41.774,42.635,43.626,44.669,45.660,46.767,47.989,49.390,50.522
BRAC_P,12.596,12.471,12.348,12.185,12.064,11.919,11.770,11.616,11.460,11.302,11.143,11.029,11.006,10.995,10.994,11.007,11.032,11.074,11.134,11.210,11.303,11.429,11.614,11.829,12.071,12.349,12.642,12.920,13.231,13.574,13.967,14.285
BRAI_1,76.690,75.855,75.101,74.079,73.337,72.443,71.535,70.585,69.627,68.664,67.690,66.991,66.853,66.780,66.778,66.856,67.009,67.267,67.642,68.106,68.678,69.448,70.582,71.906,73.389,75.093,76.889,78.595,80.500,82.605,85.015,86.964
BRAP,9.927,9.828,9.731,9.603,9.507,9.393,9.276,9.154,9.031,8.907,8.782,8.691,8.673,8.665,8.664,8.674,8.694,8.727,8.775,8.834,8.908,9.007,9.152,9.322,9.513,9.732,9.963,10.182,10.426,10.697,11.007,11.257
BRAW_1,123.325,121.984,120.771,119.126,117.933,116.497,115.036,113.509,111.968,110.419,108.853,107.728,107.506,107.389,107.386,107.512,107.757,108.173,108.776,109.522,110.442,111.681,113.503,115.632,118.017,120.758,123.646,126.389,129.452,132.837,136.713,139.848
BRED_1,75.078,74.261,73.523,72.522,71.795,70.921,70.031,69.102,68.164,67.221,66.267,65.583,65.448,65.376,65.374,65.451,65.600,65.853,66.221,66.675,67.235,67.989,69.098,70.395,71.846,73.515,75.273,76.943,78.808,80.869,83.228,85.136
BRFO_1;CLT03,210.976,208.682,206.606,203.793,201.753,199.294,196.794,194.183,191.547,188.898,186.217,184.294,183.914,183.714,183.709,183.923,184.343,185.054,186.087,187.363,188.937,191.055,194.173,197.816,201.895,206.584,211.524,216.218,221.457,227.249,233.878,239.241
BRID_P,7.812,7.735,7.658,7.557,7.482,7.392,7.300,7.204,7.107,7.010,6.911,6.840,6.826,6.819,6.819,6.827,6.842,6.868,6.906,6.953,7.010,7.088,7.203,7.337,7.487,7.659,7.841,8.013,8.206,8.419,8.662,8.859
BRIM_1,86.185,85.247,84.400,83.250,82.417,81.413,80.391,79.325,78.247,77.166,76.071,75.285,75.130,75.048,75.046,75.134,75.305,75.596,76.017,76.539,77.182,78.047,79.320,80.809,82.475,84.390,86.409,88.326,90.466,92.832,95.540,97.731
BROA_P,3.632,3.596,3.560,3.513,3.478,3.436,3.394,3.349,3.304,3.259,3.213,3.180,3.173,3.170,3.170,3.174,3.181,3.193,3.210,3.232,3.259,3.295,3.349,3.411,3.480,3.561,3.645,3.725,3.815,3.914,4.027,4.119
BROR_P,2.383,2.359,2.336,2.305,2.282,2.255,2.226,2.197,2.168,2.138,2.108,2.086,2.082,2.080,2.080,2.082,2.087,2.095,2.106,2.121,2.138,2.162,2.197,2.238,2.283,2.336,2.391,2.444,2.503,2.568,2.642,2.702
BROX,15.234,15.083,14.934,14.737,14.591,14.414,14.235,14.048,13.859,13.669,13.477,13.339,13.311,13.297,13.297,13.312,13.342,13.393,13.466,13.558,13.670,13.823,14.046,14.307,14.599,14.935,15.289,15.626,16.001,16.417,16.892,17.276
BRWA1,60.121,59.467,58.875,58.074,57.492,56.792,56.079,55.335,54.584,53.829,53.065,52.517,52.409,52.352,52.350,52.412,52.531,52.734,53.028,53.392,53.840,54.444,55.332,56.370,57.533,58.869,60.277,61.614,63.107,64.758,66.647,68.175
BUMU_P,14.121,13.981,13.843,13.660,13.524,13.361,13.195,13.022,12.847,12.670,12.492,12.364,12.338,12.325,12.325,12.339,12.367,12.414,12.482,12.567,12.671,12.812,13.019,13.261,13.532,13.844,14.172,14.484,14.832,15.217,15.657,16.014
BURM_1,139.477,137.959,136.588,134.728,133.379,131.754,130.101,128.375,126.632,124.881,123.109,121.837,121.586,121.454,121.450,121.592,121.870,122.340,123.022,123.866,124.907,126.307,128.368,130.776,133.473,136.573,139.839,142.942,146.406,150.234,154.617,158.163
BUSH_1,41.057,40.610,40.206,39.659,39.262,38.783,38.297,37.789,37.276,36.760,36.239,35.864,35.790,35.751,35.750,35.792,35.874,36.012,36.213,36.462,36.768,37.180,37.787,38.496,39.290,40.202,41.163,42.077,43.096,44.223,45.514,46.557
BUST_1,70.692,69.923,69.228,68.285,67.601,66.778,65.940,65.065,64.181,63.294,62.396,61.751,61.624,61.557,61.555,61.627,61.768,62.006,62.352,62.780,63.307,64.017,65.061,66.282,67.649,69.220,70.875,72.448,74.204,76.144,78.366,80.163
CAAD_P,6.505,6.441,6.377,6.293,6.230,6.155,6.079,5.999,5.918,5.837,5.755,5.696,5.684,5.678,5.678,5.684,5.697,5.719,5.750,5.789,5.837,5.902,5.998,6.109,6.234,6.377,6.529,6.673,6.833,7.010,7.213,7.377
CAMB_01,10.058,9.948,9.849,9.715,9.618,9.501,9.382,9.257,9.132,9.005,8.877,8.786,8.768,8.758,8.758,8.768,8.788,8.822,8.871,8.932,9.007,9.108,9.257,9.430,9.625,9.848,10.084,10.308,10.557,10.834,11.150,11.405
CANTN1;RICH1;RICH_J,117.480,116.202,115.047,113.480,112.344,110.975,109.584,108.129,106.661,105.186,103.693,102.622,102.411,102.300,102.297,102.417,102.650,103.046,103.621,104.331,105.208,106.387,108.124,110.152,112.424,115.035,117.785,120.398,123.316,126.541,130.233,133.220
CAPEA1,105.916,104.763,103.722,102.309,101.285,100.051,98.796,97.485,96.161,94.832,93.486,92.520,92.330,92.229,92.226,92.334,92.545,92.902,93.420,94.061,94.851,95.915,97.480,99.309,101.357,103.711,106.191,108.547,111.177,114.085,117.413,120.106
CARE_1,40.404,39.965,39.567,39.028,38.638,38.167,37.688,37.188,36.683,36.176,35.662,35.294,35.221,35.183,35.182,35.223,35.304,35.440,35.638,35.882,36.183,36.589,37.186,37.884,38.665,39.563,40.509,41.408,42.411,43.520,44.790,45.817
CARR_1,86.317,85.378,84.529,83.378,82.543,81.538,80.515,79.447,78.368,77.284,76.188,75.401,75.245,75.163,75.161,75.249,75.421,75.712,76.134,76.656,77.300,78.167,79.442,80.933,82.602,84.520,86.541,88.462,90.606,92.975,95.687,97.882
CASS_P,0.529,0.523,0.518,0.511,0.506,0.500,0.494,0.488,0.481,0.474,0.468,0.463,0.462,0.461,0.461,0.462,0.463,0.465,0.467,0.471,0.474,0.480,0.487,0.497,0.507,0.518,0.531,0.542,0.555,0.570,0.586,0.600
CATY,5.216,5.164,5.113,5.046,4.995,4.935,4.874,4.810,4.745,4.680,4.614,4.567,4.557,4.553,4.552,4.558,4.568,4.585,4.610,4.642,4.680,4.732,4.809,4.898,4.998,5.113,5.235,5.350,5.478,5.621,5.783,5.915
CEAN_P,0.465,0.461,0.456,0.450,0.445,0.440,0.435,0.429,0.423,0.417,0.411,0.407,0.406,0.406,0.406,0.406,0.407,0.409,0.411,0.414,0.417,0.422,0.429,0.437,0.446,0.456,0.467,0.477,0.489,0.501,0.516,0.527
CELL_1,195.534,193.407,191.484,188.877,186.986,184.707,182.391,179.970,177.526,175.072,172.588,170.805,170.453,170.267,170.262,170.462,170.851,171.510,172.467,173.649,175.108,177.071,179.961,183.337,187.118,191.464,196.042,200.392,205.248,210.616,216.760,221.731
CHAP,15.968,15.810,15.653,15.447,15.294,15.109,14.921,14.725,14.527,14.327,14.126,13.981,13.952,13.938,13.937,13.953,13.985,14.038,14.115,14.211,14.329,14.488,14.722,14.996,15.302,15.655,16.026,16.379,16.772,17.208,17.705,18.108
CHAR_P,5.059,5.009,4.959,4.894,4.845,4.787,4.727,4.665,4.602,4.539,4.475,4.430,4.420,4.416,4.416,4.421,4.431,4.448,4.472,4.502,4.540,4.590,4.664,4.751,4.848,4.960,5.077,5.189,5.314,5.452,5.610,5.737
CHAS,26.448,26.186,25.927,25.585,25.331,25.025,24.714,24.389,24.061,23.730,23.397,23.157,23.109,23.085,23.084,23.110,23.163,23.251,23.378,23.538,23.733,23.997,24.384,24.838,25.345,25.929,26.544,27.128,27.779,28.501,29.325,29.993
CHIC_1,34.234,33.862,33.525,33.069,32.738,32.339,31.933,31.509,31.081,30.652,30.217,29.905,29.843,29.811,29.810,29.845,29.913,30.028,30.196,30.403,30.658,31.002,31.508,32.099,32.761,33.522,34.323,35.085,35.935,36.875,37.951,38.821
CHSI_1,73.266,72.469,71.748,70.771,70.063,69.209,68.341,67.434,66.518,65.599,64.668,64.000,63.868,63.798,63.797,63.871,64.017,64.264,64.622,65.066,65.612,66.348,67.430,68.696,70.112,71.740,73.456,75.086,76.906,78.917,81.219,83.082
CHTE_1,161.742,159.982,158.392,156.235,154.670,152.786,150.870,148.868,146.846,144.816,142.761,141.286,140.995,140.842,140.837,141.002,141.324,141.869,142.661,143.639,144.846,146.470,148.860,151.653,154.780,158.374,162.162,165.760,169.777,174.217,179.299,183.411
CITR_1,282.357,279.285,276.508,272.743,270.012,266.722,263.377,259.882,256.353,252.808,249.221,246.647,246.139,245.871,245.863,246.151,246.713,247.665,249.047,250.754,252.861,255.696,259.868,264.744,270.203,276.478,283.090,289.371,296.384,304.134,313.007,320.186
CLAY_P,11.256,11.144,11.034,10.888,10.780,10.650,10.518,10.379,10.240,10.099,9.957,9.855,9.835,9.825,9.824,9.835,9.858,9.895,9.949,10.017,10.100,10.213,10.378,10.570,10.786,11.035,11.297,11.545,11.822,12.130,12.480,12.764
CLYM,21.684,21.469,21.257,20.976,20.768,20.517,20.262,19.996,19.727,19.456,19.182,18.985,18.946,18.927,18.926,18.948,18.990,19.063,19.167,19.298,19.458,19.674,19.992,20.363,20.780,21.258,21.762,22.242,22.775,23.367,24.043,24.590
COAT,17.656,17.481,17.308,17.080,16.910,16.706,16.498,16.281,16.062,15.841,15.619,15.459,15.427,15.411,15.410,15.428,15.463,15.522,15.607,15.713,15.843,16.020,16.278,16.581,16.920,17.309,17.720,18.110,18.545,19.026,19.577,20.022
COCK,13.065,12.936,12.808,12.639,12.513,12.362,12.209,12.048,11.886,11.723,11.558,11.440,11.416,11.404,11.404,11.417,11.442,11.486,11.549,11.628,11.724,11.855,12.046,12.270,12.521,12.809,13.113,13.401,13.723,14.080,14.487,14.816
CONQA1;SASA,86.730,85.786,84.933,83.777,82.938,81.928,80.900,79.827,78.742,77.654,76.552,75.761,75.605,75.523,75.520,75.608,75.781,76.073,76.499,77.023,77.670,78.541,79.822,81.320,82.996,84.924,86.955,88.884,91.039,93.419,96.144,98.349
COUA_P,7.908,7.830,7.752,7.650,7.574,7.483,7.390,7.292,7.194,7.096,6.996,6.924,6.910,6.903,6.902,6.910,6.926,6.952,6.990,7.038,7.096,7.175,7.291,7.427,7.578,7.753,7.937,8.112,8.306,8.522,8.769,8.968
COVE_1,142.567,141.016,139.614,137.713,136.334,134.673,132.984,131.219,129.437,127.648,125.836,124.537,124.280,124.145,124.141,124.286,124.570,125.051,125.748,126.610,127.674,129.106,131.212,133.674,136.431,139.599,142.937,146.109,149.650,153.563,158.043,161.668
COWL_1;ECLA_H,160.533,158.786,157.207,155.067,153.514,151.644,149.742,147.755,145.748,143.733,141.693,140.230,139.941,139.789,139.785,139.948,140.268,140.809,141.594,142.565,143.763,145.375,147.747,150.519,153.623,157.191,160.949,164.521,168.508,172.914,177.959,182.040
COYL,11.472,11.358,11.246,11.098,10.987,10.855,10.720,10.579,10.437,10.293,10.149,10.045,10.024,10.013,10.013,10.024,10.047,10.086,10.141,10.210,10.294,10.409,10.577,10.774,10.994,11.247,11.514,11.767,12.050,12.363,12.720,13.010
CRAI_P,5.821,5.763,5.706,5.631,5.575,5.508,5.439,5.368,5.296,5.223,5.150,5.097,5.086,5.081,5.081,5.087,5.098,5.118,5.146,5.181,5.224,5.282,5.367,5.467,5.578,5.707,5.842,5.971,6.114,6.273,6.455,6.601
CREB_1,143.299,141.740,140.331,138.420,137.034,135.365,133.667,131.893,130.102,128.303,126.482,125.176,124.918,124.782,124.778,124.924,125.210,125.693,126.394,127.261,128.330,129.769,131.886,134.360,137.131,140.316,143.671,146.859,150.418,154.352,158.855,162.498
CROO,10.345,10.242,10.141,10.008,9.908,9.788,9.667,9.540,9.411,9.282,9.152,9.058,9.039,9.030,9.030,9.040,9.060,9.095,9.145,9.207,9.283,9.387,9.538,9.715,9.914,10.142,10.382,10.611,10.866,11.148,11.471,11.732
CUMB,16.504,16.340,16.179,15.965,15.807,15.616,15.422,15.219,15.014,14.808,14.600,14.450,14.420,14.405,14.405,14.421,14.454,14.509,14.589,14.688,14.810,14.975,15.216,15.499,15.816,16.180,16.564,16.929,17.335,17.785,18.300,18.716
CUPA,16.001,15.842,15.686,15.479,15.325,15.140,14.952,14.755,14.557,14.357,14.155,14.010,13.981,13.966,13.966,13.982,14.013,14.067,14.144,14.240,14.358,14.518,14.753,15.027,15.334,15.687,16.059,16.413,16.807,17.243,17.742,18.146
CURR,2.805,2.778,2.750,2.714,2.687,2.654,2.621,2.587,2.552,2.517,2.482,2.456,2.451,2.449,2.449,2.451,2.457,2.466,2.480,2.497,2.517,2.545,2.587,2.635,2.688,2.750,2.816,2.878,2.947,3.023,3.111,3.181
DALM3,8.771,8.684,8.599,8.485,8.401,8.299,8.196,8.089,7.980,7.870,7.760,7.680,7.664,7.656,7.656,7.665,7.682,7.711,7.753,7.806,7.871,7.959,8.087,8.237,8.406,8.599,8.803,8.997,9.213,9.452,9.726,9.947
DEVM,9.234,9.142,9.052,8.933,8.844,8.737,8.628,8.515,8.401,8.285,8.169,8.085,8.068,8.060,8.059,8.069,8.087,8.118,8.162,8.218,8.286,8.378,8.513,8.672,8.849,9.053,9.267,9.471,9.699,9.951,10.239,10.471
DEVO,16.017,15.858,15.701,15.494,15.340,15.155,14.966,14.770,14.571,14.371,14.169,14.024,13.994,13.980,13.979,13.996,14.027,14.081,14.158,14.254,14.372,14.532,14.767,15.041,15.349,15.702,16.075,16.429,16.823,17.260,17.759,18.163
DEWP,22.171,21.951,21.734,21.447,21.234,20.978,20.717,20.445,20.170,19.893,19.613,19.412,19.372,19.352,19.351,19.373,19.417,19.491,19.598,19.731,19.895,20.116,20.441,20.821,21.246,21.736,22.251,22.741,23.287,23.892,24.583,25.142
DOUN_P,2.025,2.005,1.985,1.959,1.939,1.916,1.892,1.867,1.842,1.817,1.791,1.773,1.769,1.767,1.767,1.769,1.773,1.780,1.790,1.802,1.817,1.837,1.867,1.902,1.940,1.985,2.032,2.077,2.127,2.182,2.245,2.296
DRAK_1,66.646,65.921,65.265,64.376,63.732,62.955,62.166,61.341,60.508,59.671,58.824,58.217,58.097,58.034,58.032,58.100,58.232,58.457,58.783,59.186,59.684,60.353,61.337,62.488,63.777,65.258,66.819,68.301,69.956,71.786,73.880,75.574
DRAX_1,34.914,34.534,34.190,33.725,33.387,32.980,32.567,32.135,31.698,31.260,30.816,30.498,30.435,30.402,30.401,30.437,30.506,30.624,30.795,31.006,31.266,31.617,32.133,32.736,33.411,34.187,35.004,35.781,36.648,37.606,38.704,39.591
DRCR,5.538,5.483,5.429,5.357,5.304,5.240,5.175,5.107,5.038,4.969,4.899,4.849,4.839,4.834,4.834,4.839,4.850,4.869,4.895,4.929,4.969,5.025,5.106,5.201,5.307,5.429,5.558,5.681,5.817,5.968,6.141,6.280
DRUM,13.055,12.925,12.798,12.629,12.503,12.352,12.199,12.038,11.877,11.713,11.549,11.430,11.407,11.395,11.394,11.407,11.433,11.477,11.540,11.618,11.714,11.845,12.036,12.260,12.510,12.798,13.102,13.391,13.712,14.068,14.475,14.804
DUBE_P,0.001,0.001,0.001,0.001,0.001,0.001,0.001,0.001,0.001,0.001,0.001,0.001,0.001,0.001,0.001,0.001,0.001,0.001,0.001,0.001,0.001,0.001,0.001,0.001,0.001,0.001,0.001,0.001,0.001,0.001,0.001,0.001
DUDH_P,15.645,15.490,15.337,15.134,14.984,14.803,14.619,14.427,14.233,14.037,13.840,13.698,13.670,13.656,13.655,13.671,13.702,13.754,13.829,13.923,14.039,14.195,14.424,14.692,14.993,15.338,15.702,16.047,16.433,16.859,17.347,17.742
DUGR_P,1.531,1.516,1.501,1.481,1.466,1.449,1.431,1.412,1.393,1.374,1.354,1.340,1.338,1.336,1.336,1.338,1.341,1.346,1.353,1.362,1.374,1.389,1.411,1.438,1.467,1.501,1.536,1.570,1.608,1.650,1.697,1.736
DUMF,16.721,16.555,16.391,16.176,16.015,15.822,15.625,15.419,15.212,15.003,14.792,14.640,14.610,14.595,14.595,14.611,14.644,14.700,14.781,14.881,15.004,15.171,15.417,15.703,16.024,16.392,16.782,17.151,17.563,18.019,18.541,18.962
DUNB,6.881,6.813,6.746,6.657,6.591,6.511,6.430,6.345,6.260,6.174,6.087,6.025,6.012,6.006,6.006,6.013,6.026,6.050,6.083,6.124,6.175,6.244,6.344,6.462,6.594,6.746,6.906,7.058,7.228,7.415,7.630,7.803
DUNF,8.703,8.616,8.531,8.419,8.335,8.234,8.132,8.025,7.917,7.808,7.699,7.620,7.604,7.596,7.596,7.604,7.622,7.651,7.693,7.745,7.809,7.896,8.024,8.173,8.340,8.532,8.734,8.926,9.141,9.378,9.649,9.869
DUNO_P,3.929,3.890,3.852,3.801,3.763,3.718,3.671,3.623,3.574,3.525,3.476,3.440,3.433,3.429,3.429,3.433,3.441,3.454,3.473,3.497,3.526,3.565,3.623,3.690,3.765,3.852,3.943,4.030,4.127,4.234,4.357,4.456
DYCE_P,10.509,10.405,10.302,10.166,10.065,9.944,9.820,9.691,9.561,9.429,9.297,9.202,9.183,9.173,9.173,9.183,9.204,9.239,9.290,9.353,9.430,9.535,9.689,9.869,10.071,10.303,10.547,10.780,11.038,11.325,11.653,11.918
EALI_6,64.554,63.852,63.217,62.357,61.732,60.980,60.215,59.416,58.609,57.799,56.979,56.390,56.274,56.213,56.211,56.277,56.405,56.623,56.939,57.329,57.811,58.459,59.413,60.528,61.776,63.211,64.722,66.158,67.762,69.533,71.562,73.203
EASO_1,90.124,89.143,88.257,87.055,86.183,85.133,84.066,82.950,81.824,80.692,79.547,78.726,78.563,78.478,78.475,78.567,78.747,79.051,79.491,80.037,80.709,81.614,82.945,84.502,86.244,88.247,90.358,92.362,94.601,97.075,99.907,102.198
ECCL,7.415,7.342,7.269,7.173,7.102,7.016,6.929,6.838,6.746,6.653,6.560,6.493,6.479,6.473,6.472,6.480,6.494,6.519,6.555,6.599,6.654,6.728,6.837,6.964,7.106,7.270,7.442,7.606,7.789,7.991,8.222,8.409
ECLA_1,106.820,105.658,104.607,103.183,102.149,100.905,99.639,98.317,96.982,95.641,94.284,93.310,93.118,93.016,93.014,93.122,93.335,93.695,94.218,94.864,95.661,96.733,98.312,100.156,102.222,104.596,107.097,109.473,112.126,115.058,118.415,121.131
EERH,20.816,20.609,20.406,20.137,19.937,19.696,19.451,19.195,18.937,18.677,18.415,18.226,18.188,18.169,18.168,18.189,18.230,18.300,18.400,18.525,18.679,18.887,19.192,19.549,19.948,20.407,20.891,21.351,21.864,22.432,23.081,23.606
EKIL,12.588,12.464,12.340,12.178,12.057,11.911,11.763,11.608,11.452,11.295,11.136,11.022,10.999,10.988,10.987,11.000,11.025,11.067,11.127,11.203,11.296,11.422,11.606,11.822,12.064,12.341,12.634,12.912,13.222,13.566,13.958,14.276
EKIS,9.222,9.130,9.040,8.921,8.832,8.726,8.617,8.504,8.390,8.274,8.158,8.074,8.058,8.049,8.049,8.058,8.076,8.107,8.152,8.207,8.275,8.367,8.502,8.660,8.837,9.041,9.255,9.459,9.686,9.938,10.225,10.458
ELDE,8.252,8.170,8.089,7.982,7.903,7.808,7.711,7.609,7.507,7.404,7.300,7.225,7.210,7.202,7.202,7.210,7.227,7.254,7.294,7.344,7.404,7.487,7.608,7.749,7.908,8.090,8.282,8.464,8.667,8.892,9.149,9.358
ELGI_P,14.173,14.032,13.894,13.710,13.574,13.410,13.244,13.070,12.894,12.717,12.538,12.409,12.384,12.371,12.370,12.384,12.412,12.460,12.528,12.613,12.718,12.860,13.067,13.310,13.582,13.895,14.224,14.538,14.886,15.273,15.715,16.073
ELLA_1,95.962,94.918,93.974,92.695,91.766,90.648,89.512,88.324,87.124,85.920,84.700,83.826,83.653,83.562,83.559,83.657,83.848,84.172,84.641,85.221,85.938,86.901,88.319,89.976,91.831,93.964,96.211,98.346,100.729,103.363,106.379,108.818
ELST_1,119.271,117.974,116.801,115.210,114.057,112.667,111.254,109.778,108.287,106.790,105.274,104.187,103.972,103.859,103.856,103.978,104.215,104.617,105.201,105.922,106.812,108.009,109.772,111.831,114.138,116.788,119.581,122.234,125.197,128.471,132.219,135.251
ENDE_1,154.083,152.407,150.892,148.837,147.347,145.552,143.726,141.819,139.893,137.959,136.001,134.596,134.319,134.173,134.169,134.326,134.632,135.152,135.906,136.838,137.987,139.534,141.811,144.472,147.451,150.875,154.483,157.911,161.738,165.967,170.809,174.727
ERSK,5.570,5.514,5.460,5.388,5.334,5.270,5.204,5.136,5.067,4.997,4.927,4.877,4.867,4.861,4.861,4.867,4.878,4.897,4.923,4.957,4.998,5.054,5.135,5.231,5.337,5.460,5.590,5.713,5.850,6.002,6.176,6.316
EXET1,95.834,94.792,93.849,92.571,91.644,90.528,89.392,88.206,87.008,85.805,84.588,83.714,83.542,83.451,83.448,83.546,83.736,84.060,84.529,85.108,85.823,86.785,88.201,89.856,91.709,93.839,96.083,98.215,100.595,103.226,106.237,108.674
FASN_P,0.212,0.210,0.208,0.205,0.203,0.200,0.198,0.195,0.193,0.190,0.187,0.186,0.185,0.185,0.185,0.185,0.186,0.186,0.187,0.189,0.190,0.192,0.195,0.199,0.203,0.208,0.213,0.217,0.223,0.228,0.235,0.240
FAUG_P,1.528,1.513,1.498,1.478,1.463,1.446,1.428,1.409,1.390,1.371,1.352,1.338,1.335,1.334,1.333,1.335,1.338,1.343,1.350,1.360,1.371,1.386,1.409,1.435,1.464,1.498,1.533,1.567,1.605,1.646,1.694,1.733
FAWL_1,93.363,92.347,91.429,90.184,89.281,88.193,87.087,85.931,84.764,83.592,82.406,81.555,81.387,81.298,81.296,81.391,81.577,81.892,82.349,82.913,83.610,84.547,85.927,87.539,89.344,91.419,93.605,95.682,98.001,100.564,103.498,105.871
FECK_6,96.764,95.711,94.760,93.469,92.534,91.406,90.260,89.062,87.853,86.638,85.408,84.526,84.352,84.260,84.258,84.356,84.549,84.875,85.349,85.934,86.656,87.627,89.057,90.728,92.599,94.750,97.015,99.168,101.571,104.227,107.268,109.728
FERRA2,22.594,22.348,22.126,21.825,21.606,21.343,21.075,20.796,20.513,20.230,19.943,19.737,19.696,19.675,19.674,19.697,19.742,19.818,19.929,20.065,20.234,20.461,20.795,21.185,21.622,22.124,22.653,23.155,23.717,24.337,25.047,25.621
FERRB1;FERRB_M,78.278,77.426,76.656,75.612,74.855,73.943,73.016,72.047,71.069,70.086,69.091,68.378,68.237,68.163,68.161,68.240,68.396,68.660,69.043,69.516,70.100,70.886,72.043,73.395,74.908,76.648,78.481,80.222,82.166,84.315,86.775,88.765
FETT_P;KINT_P,21.492,21.279,21.069,20.791,20.584,20.335,20.083,19.819,19.552,19.283,19.013,18.818,18.779,18.759,18.758,18.780,18.822,18.894,18.998,19.127,19.286,19.500,19.815,20.183,20.596,21.070,21.570,22.045,22.574,23.160,23.830,24.373
FIDD_P,6.240,6.178,6.117,6.036,5.976,5.904,5.830,5.754,5.677,5.598,5.520,5.463,5.452,5.446,5.446,5.452,5.465,5.486,5.515,5.553,5.599,5.661,5.753,5.860,5.979,6.117,6.262,6.400,6.554,6.724,6.919,7.076
FIDF_1,106.556,105.397,104.349,102.928,101.897,100.656,99.394,98.075,96.743,95.405,94.051,93.080,92.888,92.787,92.784,92.893,93.105,93.464,93.985,94.630,95.425,96.495,98.069,99.909,101.970,104.338,106.833,109.203,111.850,114.775,118.123,120.832
FINN,9.998,9.899,9.801,9.672,9.576,9.460,9.342,9.220,9.096,8.971,8.845,8.754,8.736,8.727,8.726,8.736,8.756,8.790,8.838,8.898,8.972,9.071,9.218,9.389,9.581,9.802,10.034,10.255,10.501,10.774,11.086,11.338
FLEE_1;BRLE_1,392.815,388.542,384.679,379.440,375.641,371.064,366.411,361.548,356.638,351.707,346.716,343.135,342.428,342.056,342.045,342.446,343.228,344.551,346.473,348.850,351.780,355.724,361.528,368.311,375.907,384.637,393.835,402.573,412.330,423.112,435.455,445.442
FOUR_1,11.834,11.705,11.589,11.431,11.316,11.178,11.038,10.892,10.744,10.595,10.445,10.337,10.316,10.304,10.304,10.316,10.340,10.380,10.438,10.509,10.597,10.716,10.891,11.095,11.324,11.587,11.864,12.128,12.422,12.746,13.118,13.419
FRAS_P,5.945,5.886,5.828,5.751,5.694,5.625,5.555,5.482,5.409,5.334,5.260,5.205,5.195,5.189,5.189,5.195,5.207,5.227,5.255,5.291,5.335,5.394,5.481,5.583,5.697,5.829,5.967,6.098,6.245,6.407,6.592,6.742
FROD_1,97.618,96.556,95.596,94.294,93.350,92.213,91.056,89.848,88.628,87.403,86.162,85.272,85.097,85.004,85.001,85.101,85.295,85.624,86.102,86.692,87.421,88.401,89.843,91.529,93.416,95.586,97.872,100.043,102.468,105.147,108.215,110.697
FWIL_P,9.479,9.385,9.292,9.170,9.079,8.969,8.857,8.741,8.623,8.505,8.386,8.299,8.282,8.274,8.273,8.283,8.302,8.333,8.379,8.436,8.506,8.601,8.739,8.902,9.084,9.293,9.513,9.723,9.956,10.215,10.510,10.749
GALA,11.604,11.489,11.375,11.225,11.114,10.979,10.843,10.700,10.557,10.411,10.265,10.160,10.139,10.128,10.128,10.140,10.162,10.201,10.257,10.327,10.413,10.529,10.699,10.897,11.120,11.376,11.646,11.902,12.188,12.505,12.866,13.159
GIFF,12.850,12.723,12.597,12.431,12.307,12.159,12.008,11.850,11.690,11.530,11.368,11.251,11.228,11.216,11.216,11.229,11.254,11.297,11.359,11.436,11.531,11.659,11.848,12.068,12.314,12.598,12.897,13.181,13.497,13.848,14.248,14.572
GLLU,5.934,5.875,5.817,5.740,5.683,5.615,5.545,5.472,5.398,5.324,5.249,5.195,5.185,5.179,5.179,5.185,5.197,5.217,5.245,5.281,5.325,5.384,5.471,5.573,5.686,5.817,5.955,6.086,6.233,6.394,6.579,6.729
GLNI,5.686,5.630,5.574,5.501,5.446,5.380,5.313,5.243,5.173,5.102,5.030,4.979,4.968,4.963,4.963,4.969,4.980,4.999,5.026,5.061,5.102,5.159,5.243,5.340,5.449,5.575,5.707,5.832,5.972,6.128,6.305,6.448
GLRO,9.049,8.959,8.871,8.754,8.667,8.562,8.456,8.345,8.232,8.119,8.005,7.923,7.907,7.898,7.898,7.907,7.925,7.955,7.999,8.053,8.120,8.211,8.343,8.498,8.672,8.871,9.082,9.282,9.505,9.751,10.034,10.262
GORG,8.207,8.126,8.046,7.940,7.861,7.766,7.669,7.568,7.467,7.364,7.261,7.186,7.171,7.164,7.164,7.172,7.188,7.215,7.255,7.304,7.365,7.447,7.567,7.708,7.865,8.046,8.237,8.419,8.621,8.845,9.100,9.307
GOVA,11.116,11.006,10.897,10.753,10.647,10.518,10.387,10.251,10.113,9.974,9.834,9.733,9.713,9.703,9.702,9.713,9.735,9.773,9.826,9.893,9.975,10.086,10.249,10.439,10.653,10.898,11.156,11.402,11.676,11.979,12.326,12.606
GREN_1,233.509,230.969,228.673,225.559,223.300,220.580,217.813,214.923,212.004,209.073,206.106,203.977,203.557,203.335,203.329,203.567,204.032,204.819,205.962,207.374,209.116,211.461,214.911,218.943,223.458,228.648,234.116,239.310,245.110,251.520,258.857,264.794
GRIW_1,69.711,68.953,68.267,67.338,66.664,65.851,65.026,64.163,63.291,62.416,61.531,60.895,60.770,60.703,60.702,60.773,60.911,61.146,61.487,61.909,62.429,63.129,64.159,65.363,66.711,68.260,69.892,71.443,73.175,75.088,77.279,79.051
GRMO,16.968,16.800,16.634,16.415,16.251,16.055,15.855,15.647,15.437,15.225,15.011,14.856,14.826,14.810,14.810,14.827,14.860,14.917,14.999,15.101,15.226,15.396,15.644,15.935,16.260,16.635,17.030,17.404,17.822,18.286,18.815,19.242
GRUB_P,0.851,0.843,0.834,0.823,0.815,0.805,0.795,0.785,0.774,0.764,0.753,0.745,0.744,0.743,0.743,0.744,0.745,0.748,0.752,0.758,0.764,0.772,0.785,0.799,0.816,0.834,0.854,0.873,0.894,0.917,0.944,0.965
HACK_1;HACK_6,99.541,98.458,97.479,96.152,95.189,94.029,92.850,91.618,90.374,89.124,87.859,86.952,86.772,86.678,86.676,86.777,86.975,87.311,87.798,88.400,89.142,90.142,91.613,93.332,95.256,97.468,99.799,102.013,104.485,107.218,110.346,112.877
HAGR,9.085,8.995,8.906,8.789,8.701,8.596,8.489,8.378,8.265,8.151,8.037,7.955,7.938,7.930,7.930,7.939,7.957,7.987,8.031,8.085,8.152,8.243,8.376,8.532,8.706,8.907,9.118,9.319,9.542,9.790,10.074,10.303
HAMHC1,116.767,115.497,114.348,112.791,111.662,110.302,108.918,107.473,106.013,104.548,103.064,101.999,101.789,101.679,101.676,101.794,102.027,102.421,102.992,103.698,104.569,105.742,107.467,109.483,111.741,114.336,117.070,119.668,122.568,125.773,129.443,132.411
HARK_1;HUTT_1;RRIG,211.591,209.289,207.209,204.387,202.341,199.876,197.369,194.749,192.106,189.450,186.761,184.831,184.451,184.251,184.245,184.460,184.881,185.595,186.630,187.910,189.488,191.613,194.739,198.393,202.485,207.187,212.141,216.848,222.104,227.912,234.561,239.941
HARM_6,22.669,22.423,22.200,21.897,21.678,21.414,21.145,20.865,20.581,20.297,20.009,19.802,19.761,19.740,19.739,19.762,19.807,19.884,19.995,20.132,20.301,20.529,20.864,21.255,21.693,22.197,22.728,23.232,23.795,24.418,25.130,25.706
HAWI,6.712,6.646,6.580,6.493,6.429,6.351,6.272,6.190,6.107,6.023,5.938,5.877,5.865,5.859,5.859,5.865,5.879,5.901,5.933,5.974,6.023,6.090,6.189,6.304,6.432,6.581,6.737,6.885,7.050,7.233,7.443,7.612
HAWP_6,23.500,23.244,23.013,22.699,22.472,22.198,21.920,21.629,21.335,21.040,20.742,20.528,20.485,20.463,20.462,20.486,20.533,20.612,20.727,20.869,21.045,21.281,21.628,22.034,22.488,23.010,23.561,24.083,24.667,25.312,26.051,26.648
HELE,5.198,5.146,5.095,5.028,4.978,4.918,4.857,4.793,4.728,4.663,4.598,4.551,4.541,4.537,4.536,4.542,4.552,4.569,4.594,4.626,4.664,4.716,4.792,4.881,4.981,5.096,5.216,5.331,5.459,5.601,5.763,5.894
HEYS_1;HEYS1;ORMO,33.819,33.451,33.118,32.668,32.341,31.947,31.546,31.127,30.705,30.280,29.851,29.542,29.481,29.449,29.448,29.483,29.551,29.665,29.829,30.035,30.287,30.626,31.126,31.710,32.364,33.115,33.907,34.659,35.499,36.428,37.490,38.350
HUER,1.067,1.056,1.046,1.032,1.022,1.009,0.997,0.984,0.970,0.957,0.944,0.934,0.932,0.931,0.931,0.932,0.934,0.938,0.943,0.949,0.957,0.968,0.983,1.002,1.022,1.046,1.071,1.094,1.120,1.149,1.183,1.210
HURS_1,84.480,83.561,82.731,81.604,80.787,79.803,78.802,77.756,76.700,75.640,74.566,73.796,73.644,73.564,73.562,73.648,73.816,74.101,74.514,75.025,75.655,76.504,77.752,79.211,80.844,82.722,84.700,86.579,88.677,90.996,93.651,95.799
IMPK_1,2.837,2.806,2.778,2.740,2.713,2.680,2.646,2.611,2.575,2.540,2.504,2.478,2.473,2.470,2.470,2.473,2.479,2.488,2.502,2.519,2.540,2.569,2.611,2.660,2.715,2.778,2.844,2.907,2.978,3.055,3.145,3.217
INDQ1,118.210,116.924,115.761,114.185,113.042,111.664,110.264,108.801,107.323,105.839,104.337,103.260,103.047,102.935,102.932,103.052,103.287,103.686,104.264,104.979,105.861,107.048,108.795,110.836,113.122,115.749,118.517,121.146,124.082,127.327,131.042,134.047
INKE,11.459,11.345,11.233,11.085,10.975,10.842,10.707,10.567,10.425,10.281,10.137,10.033,10.012,10.002,10.001,10.013,10.035,10.074,10.129,10.198,10.282,10.397,10.565,10.761,10.981,11.234,11.500,11.754,12.036,12.348,12.706,12.995
INNE_P,16.389,16.226,16.066,15.854,15.697,15.507,15.314,15.113,14.910,14.705,14.498,14.350,14.320,14.305,14.304,14.321,14.353,14.408,14.487,14.586,14.706,14.870,15.110,15.391,15.706,16.067,16.448,16.811,17.214,17.661,18.172,18.585
IROA1,190.975,188.897,187.019,184.472,182.625,180.400,178.138,175.774,173.387,170.989,168.563,166.822,166.478,166.297,166.292,166.487,166.867,167.511,168.445,169.600,171.025,172.942,175.764,179.062,182.754,186.999,191.471,195.719,200.462,205.704,211.705,216.561
IRONB1,60.117,59.463,58.872,58.070,57.489,56.788,56.076,55.332,54.581,53.826,53.062,52.514,52.406,52.349,52.347,52.408,52.528,52.731,53.025,53.389,53.837,54.441,55.329,56.367,57.529,58.866,60.273,61.611,63.104,64.754,66.643,68.171
IVER_1;IVER_6,169.362,167.520,165.854,163.596,161.957,159.985,157.978,155.882,153.764,151.639,149.486,147.943,147.639,147.477,147.473,147.646,147.983,148.553,149.382,150.406,151.670,153.371,155.873,158.798,162.072,165.837,169.802,173.570,177.776,182.424,187.747,192.052
JOHN,11.247,11.136,11.026,10.880,10.772,10.642,10.510,10.371,10.232,10.091,9.950,9.848,9.827,9.817,9.817,9.828,9.850,9.888,9.942,10.010,10.092,10.205,10.370,10.562,10.778,11.026,11.288,11.536,11.813,12.120,12.471,12.755
JORD_3,10.673,10.557,10.452,10.310,10.207,10.082,9.956,9.824,9.690,9.556,9.421,9.323,9.304,9.294,9.294,9.305,9.326,9.362,9.414,9.479,9.558,9.665,9.823,10.007,10.214,10.451,10.701,10.938,11.203,11.496,11.832,12.103
KAIM,23.832,23.595,23.362,23.054,22.825,22.549,22.269,21.976,21.681,21.383,21.083,20.866,20.823,20.802,20.801,20.824,20.872,20.951,21.066,21.209,21.385,21.623,21.972,22.381,22.838,23.364,23.918,24.445,25.032,25.682,26.425,27.026
KEAD_1,85.271,84.344,83.505,82.368,81.543,80.550,79.539,78.484,77.418,76.348,75.264,74.487,74.333,74.252,74.250,74.337,74.507,74.794,75.212,75.727,76.363,77.220,78.480,79.952,81.601,83.496,85.493,87.389,89.507,91.848,94.528,96.695
KEAR_1;KEAR_3,177.050,175.123,173.382,171.021,169.309,167.246,165.149,162.957,160.744,158.522,156.272,154.658,154.339,154.171,154.166,154.347,154.699,155.296,156.162,157.234,158.555,160.332,162.948,166.005,169.429,173.363,177.509,181.448,185.845,190.705,196.268,200.769
KEMS_1,80.622,79.745,78.952,77.877,77.097,76.158,75.202,74.204,73.197,72.185,71.160,70.425,70.280,70.204,70.202,70.284,70.444,70.716,71.111,71.598,72.200,73.009,74.200,75.593,77.151,78.943,80.831,82.625,84.627,86.840,89.373,91.423
KIBY_1,73.127,72.332,71.612,70.637,69.930,69.078,68.212,67.306,66.392,65.475,64.545,63.879,63.747,63.678,63.676,63.750,63.896,64.142,64.500,64.942,65.488,66.222,67.303,68.566,69.980,71.605,73.317,74.944,76.760,78.767,81.065,82.924
KIER,13.907,13.769,13.633,13.453,13.319,13.159,12.995,12.824,12.652,12.478,12.303,12.176,12.151,12.139,12.138,12.152,12.180,12.226,12.293,12.377,12.479,12.618,12.822,13.060,13.327,13.634,13.957,14.265,14.607,14.987,15.420,15.771
KIIN_P,1.297,1.284,1.271,1.254,1.242,1.227,1.212,1.196,1.180,1.163,1.147,1.135,1.133,1.132,1.132,1.133,1.135,1.140,1.146,1.154,1.163,1.176,1.195,1.218,1.242,1.271,1.301,1.330,1.362,1.397,1.438,1.470
KILB,6.674,6.608,6.543,6.456,6.392,6.315,6.237,6.154,6.072,5.988,5.904,5.844,5.831,5.825,5.825,5.831,5.845,5.868,5.899,5.939,5.989,6.055,6.153,6.268,6.396,6.543,6.698,6.845,7.010,7.191,7.400,7.569
KILS,12.334,12.211,12.091,11.931,11.813,11.670,11.525,11.373,11.221,11.066,10.911,10.799,10.777,10.766,10.765,10.777,10.802,10.843,10.902,10.977,11.067,11.191,11.371,11.583,11.819,12.092,12.378,12.651,12.955,13.291,13.676,13.987
KILT,21.506,21.292,21.082,20.804,20.597,20.348,20.096,19.831,19.565,19.296,19.025,18.830,18.791,18.771,18.770,18.792,18.834,18.907,19.010,19.139,19.298,19.513,19.828,20.196,20.609,21.084,21.584,22.059,22.588,23.175,23.846,24.388
KILW,14.491,14.348,14.206,14.018,13.879,13.711,13.541,13.363,13.183,13.002,12.820,12.688,12.662,12.649,12.648,12.663,12.691,12.740,12.809,12.897,13.003,13.148,13.361,13.609,13.887,14.207,14.544,14.864,15.221,15.616,16.068,16.433
KINL_P,1.081,1.070,1.059,1.045,1.035,1.023,1.010,0.997,0.983,0.970,0.956,0.946,0.944,0.943,0.943,0.944,0.947,0.950,0.955,0.962,0.970,0.981,0.996,1.015,1.036,1.060,1.085,1.109,1.135,1.165,1.198,1.226
KINO_1,74.301,73.493,72.762,71.772,71.053,70.187,69.307,68.387,67.459,66.526,65.582,64.904,64.771,64.700,64.698,64.774,64.922,65.172,65.536,65.985,66.540,67.286,68.384,69.667,71.103,72.755,74.494,76.147,77.993,80.032,82.367,84.256
KIRKB1,69.812,69.052,68.366,67.435,66.759,65.946,65.119,64.255,63.382,62.506,61.619,60.983,60.857,60.791,60.789,60.860,60.999,61.234,61.576,61.998,62.519,63.220,64.251,65.457,66.807,68.358,69.993,71.546,73.280,75.196,77.390,79.165
KITW_1,82.686,81.786,80.973,79.870,79.071,78.107,77.128,76.104,75.071,74.033,72.982,72.228,72.079,72.001,71.999,72.083,72.248,72.526,72.931,73.431,74.048,74.878,76.100,77.528,79.127,80.964,82.900,84.740,86.793,89.063,91.661,93.763
KNAR,47.763,47.243,46.773,46.136,45.674,45.118,44.552,43.961,43.364,42.764,42.157,41.722,41.636,41.591,41.590,41.638,41.733,41.894,42.128,42.417,42.773,43.253,43.958,44.783,45.707,46.768,47.887,48.949,50.135,51.446,52.947,54.162
LACK_6,66.928,66.200,65.542,64.650,64.002,63.223,62.430,61.601,60.765,59.924,59.074,58.464,58.343,58.280,58.278,58.346,58.480,58.705,59.033,59.437,59.937,60.609,61.598,62.754,64.048,65.535,67.102,68.591,70.253,72.091,74.194,75.895
LAIR_P,0.509,0.503,0.499,0.492,0.487,0.481,0.475,0.469,0.463,0.456,0.450,0.445,0.444,0.444,0.444,0.444,0.445,0.447,0.450,0.453,0.456,0.461,0.469,0.478,0.487,0.499,0.510,0.522,0.534,0.548,0.564,0.577
LALE1SG003,74.383,73.574,72.843,71.851,71.131,70.265,69.383,68.463,67.533,66.599,65.654,64.976,64.842,64.771,64.770,64.845,64.993,65.244,65.608,66.058,66.613,67.360,68.459,69.743,71.182,72.835,74.576,76.231,78.079,80.120,82.458,84.349
LAND1,65.360,64.649,64.006,63.134,62.502,61.741,60.966,60.157,59.340,58.520,57.690,57.094,56.976,56.914,56.912,56.979,57.109,57.329,57.649,58.044,58.532,59.188,60.154,61.283,62.546,63.999,65.529,66.983,68.607,70.401,72.455,74.116
LEGA_1,103.906,102.776,101.754,100.369,99.364,98.153,96.922,95.636,94.337,93.033,91.713,90.765,90.578,90.480,90.477,90.583,90.790,91.140,91.648,92.277,93.052,94.095,95.631,97.425,99.434,101.743,104.176,106.488,109.068,111.920,115.186,117.827
LEVE,10.461,10.357,10.255,10.119,10.019,9.898,9.775,9.646,9.517,9.386,9.254,9.159,9.140,9.131,9.130,9.141,9.161,9.196,9.247,9.310,9.387,9.491,9.645,9.824,10.025,10.255,10.499,10.730,10.987,11.273,11.599,11.863
LING,17.986,17.808,17.632,17.399,17.226,17.018,16.807,16.586,16.363,16.138,15.911,15.748,15.715,15.699,15.698,15.716,15.752,15.812,15.899,16.007,16.139,16.319,16.583,16.891,17.236,17.633,18.051,18.449,18.892,19.382,19.943,20.397
LINM,15.727,15.571,15.417,15.213,15.062,14.880,14.695,14.502,14.307,14.110,13.912,13.770,13.741,13.727,13.726,13.742,13.773,13.826,13.901,13.996,14.112,14.269,14.500,14.769,15.071,15.418,15.784,16.131,16.518,16.947,17.438,17.834
LISD_1,103.308,102.185,101.168,99.791,98.792,97.588,96.364,95.085,93.794,92.497,91.185,90.243,90.057,89.959,89.956,90.061,90.267,90.615,91.121,91.746,92.516,93.554,95.080,96.864,98.862,101.158,103.577,105.875,108.441,111.276,114.523,117.149
LITT_C,48.790,48.259,47.780,47.129,46.657,46.089,45.511,44.907,44.297,43.684,43.064,42.620,42.532,42.486,42.484,42.534,42.631,42.796,43.034,43.329,43.693,44.183,44.904,45.747,46.690,47.774,48.917,50.002,51.214,52.553,54.087,55.327
LITT_J,2.585,2.557,2.532,2.497,2.472,2.442,2.411,2.379,2.347,2.315,2.282,2.258,2.254,2.251,2.251,2.254,2.259,2.267,2.280,2.296,2.315,2.341,2.379,2.424,2.474,2.531,2.592,2.649,2.714,2.784,2.866,2.931
LODR_6,123.871,122.524,121.306,89.740,88.842,87.760,86.659,85.509,84.347,83.181,82.001,81.154,80.987,80.899,80.897,80.991,81.175,81.489,81.944,82.505,83.198,84.131,85.504,87.109,88.905,90.970,93.145,95.212,97.519,100.069,102.989,105.350
LOUD_H,13.339,13.194,13.063,12.885,12.756,12.601,12.442,12.277,12.111,11.943,11.774,11.652,11.628,11.615,11.615,11.629,11.655,11.700,11.765,11.846,11.946,12.080,12.277,12.507,12.765,13.061,13.374,13.671,14.002,14.368,14.787,15.126
LOVE_1,181.141,179.171,177.389,174.974,173.222,171.111,168.965,166.723,164.459,162.185,159.884,158.232,157.906,157.734,157.730,157.914,158.275,158.885,159.772,160.867,162.219,164.037,166.714,169.842,173.344,177.370,181.612,185.641,190.140,195.112,200.805,205.410
LUNA_P,9.522,9.428,9.334,9.211,9.120,9.010,8.898,8.781,8.663,8.544,8.424,8.337,8.320,8.311,8.311,8.320,8.339,8.371,8.417,8.474,8.544,8.640,8.779,8.942,9.125,9.335,9.557,9.767,10.001,10.261,10.558,10.798
LYND_P,6.620,6.554,6.490,6.404,6.340,6.264,6.186,6.105,6.023,5.940,5.856,5.796,5.784,5.778,5.778,5.785,5.798,5.820,5.852,5.892,5.940,6.007,6.104,6.217,6.344,6.490,6.644,6.790,6.953,7.134,7.340,7.507
MACC_3,40.104,39.668,39.274,38.739,38.351,37.884,37.409,36.912,36.411,35.908,35.398,35.032,34.960,34.922,34.921,34.962,35.042,35.177,35.373,35.616,35.915,36.318,36.910,37.603,38.378,39.270,40.209,41.101,42.097,43.198,44.458,45.477
MACD_P,6.975,6.906,6.838,6.747,6.680,6.600,6.518,6.432,6.346,6.258,6.170,6.107,6.094,6.088,6.088,6.095,6.109,6.132,6.166,6.208,6.259,6.329,6.431,6.550,6.684,6.838,7.000,7.154,7.326,7.516,7.734,7.910
MAGA_6,11.000,10.880,10.772,10.625,10.519,10.391,10.260,10.124,9.987,9.849,9.709,9.609,9.589,9.578,9.578,9.589,9.611,9.648,9.702,9.769,9.851,9.961,10.124,10.314,10.526,10.771,11.028,11.273,11.546,11.848,12.194,12.473
MANN_1,195.888,193.758,191.831,189.219,187.324,185.042,182.721,180.296,177.848,175.389,172.900,171.114,170.762,170.576,170.571,170.770,171.160,171.821,172.779,173.964,175.425,177.392,180.287,183.669,187.457,191.810,196.397,200.755,205.620,210.997,217.153,222.133
MAYB,6.830,6.762,6.696,6.607,6.542,6.463,6.382,6.298,6.214,6.128,6.042,5.980,5.968,5.962,5.961,5.968,5.982,6.005,6.037,6.079,6.129,6.197,6.297,6.414,6.545,6.696,6.855,7.006,7.174,7.360,7.573,7.746
MELK_1,127.525,126.138,124.884,123.183,121.950,120.464,118.953,117.375,115.781,114.180,112.560,111.397,111.168,111.047,111.043,111.173,111.427,111.857,112.481,113.252,114.204,115.484,117.368,119.570,122.036,124.870,127.856,130.693,133.861,137.361,141.368,144.611
MILC_P,13.908,13.770,13.634,13.454,13.321,13.160,12.996,12.825,12.653,12.479,12.304,12.178,12.152,12.140,12.139,12.153,12.181,12.227,12.294,12.378,12.480,12.619,12.823,13.061,13.328,13.635,13.959,14.266,14.608,14.988,15.422,15.772
MILH_1,47.233,46.719,46.255,45.625,45.168,44.618,44.058,43.474,42.883,42.290,41.690,41.260,41.175,41.130,41.129,41.177,41.271,41.430,41.661,41.947,42.299,42.773,43.471,44.287,45.200,46.250,47.356,48.407,49.580,50.876,52.361,53.561
MITY_1,84.928,84.004,83.169,82.036,81.215,80.225,79.219,78.168,77.107,76.040,74.961,74.187,74.034,73.954,73.951,74.038,74.207,74.493,74.909,75.422,76.056,76.909,78.164,79.630,81.272,83.160,85.149,87.038,89.147,91.478,94.147,96.306
MYBS_P,3.349,3.316,3.283,3.240,3.208,3.169,3.129,3.088,3.047,3.005,2.963,2.932,2.926,2.923,2.923,2.926,2.933,2.944,2.960,2.981,3.005,3.039,3.088,3.145,3.209,3.283,3.361,3.435,3.518,3.609,3.713,3.798
NAIR_P,9.955,9.856,9.759,9.630,9.534,9.419,9.302,9.180,9.056,8.932,8.807,8.716,8.698,8.689,8.689,8.699,8.718,8.752,8.800,8.859,8.933,9.032,9.178,9.349,9.540,9.759,9.991,10.211,10.456,10.728,11.038,11.289
NEAR,20.200,20.000,19.802,19.541,19.347,19.113,18.876,18.628,18.377,18.125,17.870,17.687,17.650,17.632,17.631,17.651,17.691,17.759,17.856,17.978,18.126,18.328,18.624,18.970,19.358,19.804,20.274,20.720,21.217,21.768,22.398,22.908
NECE_1,84.399,83.481,82.651,81.526,80.710,79.726,78.726,77.681,76.627,75.567,74.495,73.725,73.573,73.493,73.491,73.577,73.745,74.030,74.443,74.953,75.583,76.430,77.677,79.135,80.767,82.642,84.619,86.496,88.592,90.909,93.561,95.707
NEEP_3,22.835,22.587,22.362,22.058,21.837,21.571,21.300,21.017,20.732,20.445,20.155,19.947,19.906,19.884,19.884,19.907,19.952,20.029,20.141,20.279,20.450,20.679,21.016,21.411,21.852,22.360,22.894,23.402,23.969,24.596,25.314,25.894
NETS,3.939,3.900,3.862,3.811,3.773,3.727,3.681,3.632,3.584,3.534,3.485,3.449,3.442,3.438,3.438,3.442,3.450,3.463,3.482,3.506,3.535,3.574,3.632,3.699,3.775,3.862,3.953,4.040,4.137,4.245,4.368,4.467
NEWX_6,144.496,142.925,141.503,139.576,138.179,136.495,134.783,132.995,131.189,129.375,127.539,126.222,125.962,125.825,125.821,125.968,126.256,126.743,127.450,128.324,129.402,130.853,132.988,135.483,138.277,141.488,144.872,148.086,151.675,155.641,160.182,163.855
NFLE,123.154,121.814,120.603,118.961,117.770,116.335,114.876,113.351,111.812,110.266,108.701,107.578,107.357,107.240,107.237,107.362,107.607,108.023,108.625,109.370,110.289,111.525,113.345,115.472,117.853,120.590,123.474,126.213,129.272,132.652,136.522,139.653
NHYD_6,47.599,47.081,46.613,45.978,45.518,44.963,44.399,43.810,43.215,42.618,42.013,41.579,41.493,41.448,41.447,41.495,41.590,41.751,41.984,42.271,42.627,43.104,43.808,44.630,45.550,46.608,47.722,48.781,49.964,51.270,52.766,53.976
NINF_1,114.630,113.383,112.256,110.727,109.619,108.283,106.925,105.506,104.073,102.634,101.178,100.133,99.927,99.818,99.815,99.932,100.160,100.546,101.107,101.800,102.656,103.807,105.500,107.480,109.696,112.244,114.928,117.478,120.325,123.472,127.074,129.988
NORL_3,14.829,14.668,14.522,14.325,14.181,14.008,13.833,13.649,13.464,13.278,13.089,12.954,12.927,12.913,12.913,12.928,12.957,13.007,13.080,13.170,13.280,13.429,13.648,13.904,14.191,14.521,14.868,15.198,15.566,15.973,16.439,16.816
NORM_1;SALL1,204.269,202.048,200.038,197.315,195.339,192.959,190.539,188.010,185.457,182.893,180.298,178.436,178.068,177.874,177.869,178.077,178.483,179.172,180.171,181.407,182.931,184.982,188.001,191.528,195.477,200.017,204.800,209.344,214.418,220.025,226.443,231.637
NORT_1,147.966,146.357,144.901,142.928,141.497,139.773,138.020,136.188,134.339,132.482,130.602,129.253,128.986,128.846,128.842,128.993,129.287,129.786,130.510,131.405,132.509,133.995,136.181,138.736,141.597,144.886,148.350,151.642,155.317,159.379,164.028,167.790
NURS_1,98.172,97.105,96.139,94.830,93.880,92.737,91.573,90.358,89.131,87.899,86.651,85.756,85.580,85.487,85.484,85.584,85.779,86.111,86.591,87.185,87.917,88.903,90.353,92.049,93.947,96.129,98.427,100.611,103.050,105.744,108.829,111.325
OCKH_1,25.575,25.297,25.045,24.704,24.457,24.159,23.856,23.540,23.220,22.899,22.574,22.341,22.295,22.270,22.270,22.296,22.347,22.433,22.558,22.713,22.904,23.160,23.538,23.980,24.474,25.043,25.642,26.211,26.846,27.548,28.351,29.002
OFFE_3,14.765,14.605,14.460,14.263,14.120,13.948,13.773,13.590,13.406,13.220,13.033,12.898,12.872,12.857,12.857,12.872,12.902,12.951,13.024,13.113,13.223,13.371,13.589,13.844,14.130,14.458,14.804,15.132,15.499,15.904,16.368,16.744
OLDB_1,30.743,30.409,30.106,29.696,29.399,29.041,28.676,28.296,27.912,27.526,27.135,26.855,26.800,26.770,26.770,26.801,26.862,26.966,27.116,27.302,27.531,27.840,28.294,28.825,29.420,30.103,30.823,31.507,32.270,33.114,34.080,34.862
OSBA_1,102.303,101.190,100.183,98.819,97.830,96.638,95.426,94.160,92.881,91.597,90.297,89.364,89.180,89.083,89.080,89.185,89.388,89.733,90.234,90.852,91.616,92.643,94.154,95.921,97.899,100.173,102.568,104.844,107.385,110.193,113.408,116.009
PADIB1,66.745,66.019,65.363,64.473,63.827,63.049,62.259,61.432,60.598,59.760,58.912,58.304,58.184,58.120,58.119,58.187,58.319,58.545,58.871,59.275,59.773,60.443,61.429,62.582,63.872,65.356,66.918,68.403,70.061,71.893,73.990,75.687
PAIS,8.864,8.776,8.689,8.574,8.489,8.387,8.282,8.173,8.064,7.953,7.841,7.761,7.744,7.737,7.736,7.745,7.763,7.792,7.835,7.888,7.954,8.042,8.172,8.324,8.494,8.689,8.896,9.092,9.310,9.552,9.828,10.051
PART,12.742,12.616,12.491,12.327,12.204,12.057,11.907,11.750,11.592,11.433,11.273,11.157,11.134,11.122,11.122,11.134,11.160,11.202,11.264,11.340,11.434,11.562,11.748,11.967,12.211,12.492,12.789,13.070,13.384,13.732,14.129,14.450
PEHG_P,1.532,1.517,1.502,1.482,1.467,1.449,1.431,1.413,1.394,1.374,1.355,1.341,1.338,1.337,1.337,1.338,1.342,1.347,1.354,1.363,1.375,1.390,1.412,1.439,1.468,1.502,1.537,1.571,1.609,1.651,1.698,1.737
PEHS_P;STRI_P,7.119,7.049,6.979,6.887,6.819,6.736,6.653,6.565,6.476,6.388,6.298,6.234,6.220,6.214,6.214,6.221,6.235,6.259,6.293,6.336,6.389,6.460,6.564,6.686,6.823,6.979,7.145,7.302,7.478,7.672,7.894,8.073
PELH_1,70.529,69.761,69.068,68.127,67.445,66.623,65.788,64.915,64.033,63.148,62.252,61.609,61.482,61.415,61.413,61.485,61.625,61.863,62.208,62.635,63.161,63.869,64.911,66.129,67.493,69.060,70.712,72.281,74.032,75.968,78.185,79.978
PEMB_1,52.021,51.455,50.944,50.250,49.747,49.141,48.524,47.880,47.230,46.577,45.916,45.442,45.348,45.299,45.298,45.351,45.454,45.630,45.884,46.199,46.587,47.109,47.878,48.776,49.782,50.938,52.156,53.313,54.606,56.033,57.668,58.991
PENE_1,69.590,68.833,68.148,67.220,66.547,65.737,64.912,64.051,63.181,62.307,61.423,60.789,60.664,60.597,60.596,60.667,60.805,61.040,61.380,61.801,62.320,63.019,64.047,65.249,66.595,68.141,69.771,71.319,73.047,74.957,77.144,78.913
PENN_1,71.906,71.124,70.417,69.458,68.763,67.925,67.073,66.183,65.284,64.381,63.468,62.812,62.683,62.615,62.613,62.686,62.829,63.072,63.423,63.858,64.395,65.117,66.179,67.421,68.811,70.409,72.093,73.693,75.479,77.452,79.712,81.540
PENT_1,37.517,37.109,36.740,36.240,35.877,35.440,34.995,34.531,34.062,33.591,33.115,32.773,32.705,32.669,32.668,32.707,32.781,32.908,33.091,33.318,33.598,33.975,34.529,35.177,35.902,36.736,37.615,38.449,39.381,40.411,41.590,42.544
PENW_1;STAH_1;WABO,146.379,144.788,143.348,141.395,139.979,138.274,136.539,134.728,132.899,131.061,129.201,127.866,127.602,127.465,127.461,127.610,127.901,128.395,129.111,129.996,131.088,132.558,134.722,137.249,140.079,143.333,146.759,150.015,153.651,157.669,162.269,165.991
PERS_P,13.012,12.883,12.756,12.588,12.462,12.312,12.159,11.999,11.838,11.675,11.511,11.393,11.369,11.358,11.357,11.370,11.396,11.439,11.502,11.580,11.676,11.806,11.997,12.220,12.470,12.757,13.059,13.347,13.667,14.022,14.428,14.756
PITS_3,17.077,16.891,16.723,16.495,16.330,16.131,15.929,15.717,15.504,15.290,15.073,14.917,14.886,14.870,14.870,14.887,14.921,14.979,15.062,15.165,15.293,15.464,15.717,16.012,16.342,16.721,17.121,17.501,17.925,18.394,18.930,19.365
POOB,25.873,25.616,25.363,25.028,24.780,24.480,24.176,23.858,23.538,23.214,22.888,22.653,22.606,22.583,22.582,22.608,22.659,22.746,22.870,23.026,23.217,23.475,23.854,24.297,24.794,25.365,25.967,26.538,27.175,27.881,28.688,29.340
POPP_3,14.677,14.518,14.373,14.178,14.036,13.865,13.691,13.509,13.326,13.141,12.955,12.821,12.795,12.781,12.780,12.795,12.824,12.874,12.946,13.035,13.144,13.291,13.508,13.762,14.046,14.372,14.715,15.042,15.406,15.809,16.271,16.644
PORA_P,5.537,5.482,5.428,5.357,5.303,5.239,5.174,5.106,5.037,4.968,4.899,4.848,4.838,4.833,4.833,4.839,4.849,4.868,4.895,4.928,4.969,5.024,5.105,5.200,5.306,5.429,5.557,5.680,5.816,5.967,6.140,6.279
PORD,10.727,10.620,10.515,10.376,10.273,10.149,10.023,9.891,9.758,9.624,9.489,9.392,9.372,9.363,9.362,9.373,9.394,9.430,9.482,9.546,9.625,9.733,9.890,10.073,10.279,10.516,10.765,11.002,11.266,11.559,11.894,12.164
PYLE_1,27.933,27.629,27.355,26.982,26.712,26.386,26.056,25.710,25.361,25.010,24.655,24.400,24.350,24.324,24.323,24.351,24.407,24.501,24.638,24.807,25.015,25.296,25.708,26.191,26.731,27.352,28.006,28.627,29.321,30.088,30.965,31.676
QUOI_P,0.015,0.015,0.015,0.015,0.015,0.015,0.014,0.014,0.014,0.014,0.014,0.014,0.014,0.014,0.014,0.014,0.014,0.014,0.014,0.014,0.014,0.014,0.014,0.015,0.015,0.015,0.016,0.016,0.016,0.017,0.017,0.018
RAIN_1,128.422,127.025,125.762,124.050,122.808,121.311,119.790,118.200,116.595,114.983,113.351,112.181,111.949,111.828,111.824,111.955,112.211,112.644,113.272,114.049,115.007,116.296,118.194,120.412,122.895,125.749,128.756,131.613,134.802,138.327,142.363,145.628
RANN_P,0.908,0.899,0.890,0.878,0.869,0.859,0.848,0.837,0.826,0.814,0.803,0.795,0.793,0.792,0.792,0.793,0.795,0.798,0.802,0.808,0.815,0.824,0.837,0.852,0.870,0.890,0.911,0.931,0.953,0.978,1.007,1.029
RASS_1,82.127,81.234,80.426,79.331,78.537,77.580,76.607,75.590,74.564,73.533,72.489,71.740,71.593,71.515,71.513,71.596,71.760,72.037,72.438,72.935,73.548,74.373,75.586,77.004,78.592,80.417,82.340,84.167,86.207,88.462,91.042,93.130
RATS_1,135.024,133.555,132.227,130.427,129.121,127.548,125.948,124.276,122.589,120.894,119.178,117.947,117.704,117.576,117.573,117.710,117.979,118.434,119.095,119.911,120.919,122.275,124.270,126.601,129.212,132.213,135.375,138.378,141.732,145.438,149.681,153.114
RAYL_1,143.160,141.603,140.195,138.286,136.901,135.233,133.537,131.765,129.975,128.178,126.359,125.054,124.797,124.661,124.657,124.803,125.088,125.571,126.271,127.137,128.205,129.642,131.758,134.230,136.998,140.179,143.532,146.716,150.272,154.202,158.700,162.340
REBR_3,35.898,35.507,35.154,34.675,34.328,33.910,33.485,33.040,32.592,32.141,31.685,31.358,31.293,31.259,31.258,31.295,31.366,31.487,31.663,31.880,32.148,32.508,33.039,33.658,34.353,35.150,35.991,36.789,37.681,38.666,39.795,40.707
REDH,10.850,10.742,10.636,10.496,10.391,10.266,10.138,10.005,9.871,9.735,9.598,9.500,9.480,9.470,9.470,9.481,9.502,9.538,9.591,9.656,9.736,9.844,10.003,10.189,10.397,10.637,10.889,11.129,11.396,11.692,12.030,12.304
REDM_P,14.708,14.562,14.418,14.228,14.087,13.917,13.744,13.563,13.381,13.197,13.011,12.878,12.851,12.838,12.837,12.852,12.881,12.930,13.001,13.090,13.198,13.345,13.561,13.812,14.095,14.419,14.761,15.086,15.448,15.850,16.308,16.679
ROCH_1,69.850,69.090,68.403,67.472,66.796,65.982,65.155,64.290,63.417,62.540,61.653,61.016,60.890,60.824,60.822,60.893,61.032,61.268,61.610,62.032,62.553,63.255,64.287,65.493,66.844,68.396,70.031,71.585,73.320,75.237,77.432,79.208
RUGEB1,56.544,55.929,55.373,54.619,54.072,53.413,52.743,52.043,51.337,50.627,49.908,49.393,49.291,49.238,49.236,49.294,49.406,49.597,49.874,50.216,50.637,51.205,52.041,53.017,54.110,55.367,56.691,57.949,59.353,60.905,62.682,64.120
RYEH_1,111.766,110.551,109.451,107.961,106.880,105.578,104.254,102.870,101.473,100.070,98.650,97.631,97.430,97.324,97.321,97.435,97.657,98.034,98.581,99.257,100.091,101.213,102.864,104.795,106.956,109.439,112.057,114.543,117.319,120.387,123.899,126.740
SACO,11.928,11.809,11.692,11.539,11.423,11.286,11.145,10.999,10.851,10.701,10.551,10.443,10.421,10.410,10.410,10.423,10.446,10.486,10.543,10.615,10.703,10.823,10.997,11.201,11.430,11.693,11.970,12.234,12.528,12.853,13.225,13.526
SALH_1,47.848,47.327,46.856,46.218,45.756,45.198,44.631,44.039,43.441,42.840,42.232,41.796,41.710,41.665,41.663,41.712,41.807,41.969,42.203,42.492,42.849,43.330,44.037,44.863,45.788,46.851,47.972,49.036,50.225,51.538,53.042,54.258
SALT_1,37.909,37.497,37.124,36.619,36.252,35.810,35.361,34.892,34.418,33.942,33.461,33.115,33.047,33.011,33.010,33.048,33.124,33.252,33.437,33.666,33.949,34.330,34.890,35.545,36.278,37.120,38.008,38.851,39.793,40.833,42.025,42.988
SANX,10.005,9.906,9.808,9.679,9.583,9.467,9.349,9.226,9.102,8.977,8.851,8.760,8.742,8.733,8.733,8.743,8.763,8.796,8.844,8.904,8.978,9.078,9.225,9.396,9.588,9.809,10.042,10.263,10.509,10.782,11.094,11.346
SBAR,66.999,66.270,65.611,64.718,64.070,63.289,62.495,61.666,60.828,59.987,59.136,58.525,58.405,58.341,58.340,58.408,58.541,58.767,59.095,59.500,60.000,60.673,61.663,62.819,64.115,65.604,67.173,68.663,70.327,72.166,74.272,75.975
SEAB1,93.681,92.662,91.740,90.491,89.585,88.493,87.383,86.224,85.053,83.877,82.687,81.833,81.664,81.575,81.573,81.668,81.855,82.171,82.629,83.195,83.894,84.835,86.219,87.837,89.648,91.730,93.924,96.008,98.335,100.906,103.850,106.231
SELL_1,54.844,54.247,53.708,52.977,52.446,51.807,51.158,50.479,49.793,49.105,48.408,47.908,47.809,47.757,47.756,47.812,47.921,48.106,48.374,48.706,49.115,49.666,50.476,51.423,52.483,53.702,54.986,56.207,57.569,59.074,60.798,62.192
SFEG_P,2.558,2.532,2.507,2.474,2.450,2.420,2.390,2.358,2.327,2.295,2.263,2.239,2.235,2.232,2.232,2.235,2.240,2.248,2.261,2.276,2.295,2.321,2.358,2.402,2.451,2.507,2.567,2.623,2.686,2.756,2.836,2.900
SFIL_P,0.542,0.537,0.531,0.524,0.519,0.513,0.507,0.500,0.493,0.486,0.480,0.475,0.474,0.473,0.473,0.474,0.475,0.477,0.479,0.483,0.487,0.492,0.500,0.509,0.520,0.532,0.544,0.556,0.569,0.584,0.601,0.615
SHEC_3,29.853,29.528,29.235,28.837,28.548,28.200,27.846,27.477,27.104,26.729,26.350,26.078,26.024,25.996,25.995,26.025,26.085,26.185,26.331,26.512,26.735,27.034,27.475,27.991,28.568,29.232,29.931,30.595,31.336,32.156,33.094,33.853
SHIN_P,0.616,0.610,0.604,0.596,0.590,0.583,0.576,0.568,0.560,0.553,0.545,0.539,0.538,0.538,0.538,0.538,0.539,0.542,0.544,0.548,0.553,0.559,0.568,0.578,0.590,0.604,0.618,0.632,0.647,0.664,0.683,0.699
SHRU,20.372,20.170,19.971,19.707,19.512,19.276,19.036,18.786,18.534,18.279,18.022,17.837,17.800,17.782,17.781,17.801,17.842,17.910,18.008,18.130,18.281,18.484,18.783,19.132,19.523,19.972,20.446,20.896,21.398,21.954,22.589,23.103
SHRW_1,33.678,33.312,32.981,32.532,32.206,31.814,31.415,30.998,30.577,30.154,29.726,29.419,29.358,29.326,29.326,29.360,29.427,29.540,29.705,29.909,30.160,30.498,30.996,31.578,32.229,32.977,33.766,34.515,35.351,36.276,37.334,38.190
SIGH,29.609,29.315,29.026,28.643,28.358,28.016,27.667,27.304,26.937,26.566,26.194,25.925,25.871,25.844,25.843,25.873,25.931,26.030,26.173,26.351,26.569,26.865,27.299,27.806,28.374,29.028,29.716,30.371,31.100,31.908,32.831,33.577
SJOW_1,275.873,272.872,270.159,266.480,263.812,260.598,257.329,253.914,250.467,247.003,243.498,240.983,240.487,240.225,240.218,240.499,241.048,241.978,243.328,244.996,247.055,249.825,253.901,258.665,263.999,270.130,276.590,282.727,289.579,297.151,305.820,312.833
SKLGB1,165.960,164.155,162.523,160.310,158.705,156.771,154.805,152.750,150.676,148.593,146.484,144.971,144.673,144.515,144.511,144.680,145.010,145.570,146.382,147.385,148.624,150.290,152.742,155.608,158.817,162.505,166.391,170.083,174.205,178.761,183.976,188.195
SLOY_P,0.639,0.633,0.627,0.619,0.612,0.605,0.597,0.590,0.582,0.574,0.566,0.560,0.559,0.558,0.558,0.559,0.560,0.562,0.565,0.569,0.574,0.580,0.590,0.600,0.613,0.627,0.642,0.656,0.672,0.689,0.709,0.725
SMAN_1,102.624,101.508,100.499,99.130,98.138,96.942,95.726,94.456,93.173,91.885,90.581,89.645,89.461,89.363,89.361,89.465,89.669,90.015,90.518,91.138,91.904,92.934,94.451,96.223,98.207,100.488,102.891,105.174,107.723,110.540,113.764,116.373
SPAV,10.284,10.181,10.081,9.948,9.849,9.730,9.609,9.483,9.355,9.227,9.097,9.004,8.985,8.976,8.976,8.986,9.006,9.041,9.090,9.152,9.228,9.331,9.481,9.657,9.855,10.082,10.321,10.548,10.801,11.082,11.402,11.662
SPEN_1,68.633,67.886,67.211,66.296,65.632,64.832,64.019,63.170,62.312,61.450,60.578,59.953,59.829,59.764,59.762,59.832,59.969,60.200,60.536,60.951,61.463,62.152,63.166,64.351,65.678,67.204,68.811,70.338,72.042,73.926,76.083,77.828
SSHI_3,19.422,19.211,19.020,18.761,18.573,18.347,18.116,17.876,17.633,17.390,17.143,16.966,16.931,16.912,16.912,16.932,16.970,17.036,17.131,17.248,17.393,17.588,17.875,18.210,18.586,19.018,19.472,19.904,20.387,20.920,21.530,22.024
STAL_1,112.785,111.558,110.449,108.945,107.854,106.540,105.204,103.807,102.398,100.982,99.549,98.521,98.318,98.211,98.208,98.323,98.547,98.928,99.479,100.161,101.003,102.135,103.802,105.749,107.930,110.437,113.078,115.587,118.388,121.484,125.028,127.895
STAY_1,63.322,62.633,62.010,61.166,60.553,59.815,59.065,58.281,57.490,56.695,55.890,55.313,55.199,55.139,55.137,55.202,55.328,55.542,55.851,56.234,56.707,57.343,58.278,59.372,60.596,62.003,63.486,64.895,66.467,68.205,70.195,71.805
STEN_1,66.947,66.219,65.560,64.667,64.020,63.240,62.447,61.618,60.781,59.941,59.090,58.480,58.359,58.296,58.294,58.362,58.496,58.721,59.049,59.454,59.953,60.626,61.615,62.771,64.065,65.553,67.121,68.610,70.273,72.110,74.214,75.916
STES_1,69.621,68.863,68.179,67.250,66.577,65.766,64.941,64.079,63.209,62.335,61.450,60.816,60.690,60.624,60.623,60.693,60.832,61.067,61.407,61.828,62.348,63.047,64.076,65.278,66.624,68.171,69.802,71.350,73.079,74.990,77.178,78.948
STHA,12.689,12.563,12.439,12.275,12.153,12.006,11.857,11.701,11.544,11.385,11.225,11.110,11.087,11.076,11.075,11.088,11.113,11.155,11.216,11.293,11.386,11.513,11.699,11.916,12.160,12.440,12.735,13.015,13.328,13.674,14.070,14.390
STIR,17.780,17.604,17.430,17.200,17.029,16.824,16.614,16.396,16.176,15.953,15.729,15.568,15.536,15.520,15.519,15.537,15.572,15.631,15.717,15.824,15.955,16.133,16.393,16.698,17.039,17.431,17.845,18.238,18.676,19.161,19.715,20.163
STLE,12.504,12.380,12.258,12.096,11.976,11.831,11.684,11.531,11.376,11.219,11.062,10.948,10.926,10.914,10.914,10.926,10.951,10.993,11.053,11.128,11.221,11.346,11.529,11.743,11.983,12.259,12.550,12.826,13.134,13.475,13.865,14.180
SUND_1,155.040,153.353,151.829,149.761,148.262,146.455,144.618,142.699,140.762,138.815,136.845,135.432,135.153,135.006,135.002,135.160,135.468,135.991,136.750,137.687,138.844,140.401,142.692,145.369,148.367,151.812,155.443,158.892,162.742,166.998,171.870,175.812
SWAN_1,210.876,208.582,206.508,203.696,201.657,199.200,196.701,194.091,191.456,188.808,186.129,184.207,183.827,183.627,183.622,183.836,184.256,184.967,185.999,187.274,188.848,190.965,194.081,197.722,201.800,206.486,211.424,216.115,221.353,227.141,233.767,239.129
TARL_P,5.527,5.472,5.418,5.347,5.294,5.230,5.165,5.097,5.028,4.959,4.890,4.839,4.829,4.824,4.824,4.830,4.841,4.859,4.886,4.919,4.960,5.015,5.096,5.191,5.297,5.419,5.547,5.669,5.805,5.956,6.128,6.268
TAUN1,28.475,28.165,27.885,27.505,27.230,26.898,26.560,26.208,25.852,25.495,25.133,24.873,24.822,24.795,24.794,24.823,24.880,24.976,25.115,25.288,25.500,25.786,26.207,26.698,27.249,27.882,28.548,29.182,29.889,30.671,31.565,32.289
TAYN_P,9.241,9.149,9.059,8.939,8.850,8.743,8.635,8.521,8.407,8.291,8.175,8.091,8.074,8.066,8.065,8.075,8.093,8.124,8.168,8.224,8.292,8.384,8.520,8.678,8.855,9.059,9.274,9.478,9.706,9.958,10.246,10.479
TELR,5.971,5.912,5.853,5.776,5.719,5.650,5.579,5.506,5.432,5.357,5.282,5.228,5.217,5.212,5.211,5.217,5.229,5.249,5.278,5.314,5.358,5.418,5.505,5.607,5.722,5.854,5.993,6.125,6.272,6.434,6.621,6.771
TEMP_3,17.763,17.570,17.395,17.158,16.986,16.779,16.569,16.349,16.127,15.904,15.678,15.516,15.484,15.467,15.467,15.485,15.520,15.580,15.667,15.775,15.907,16.086,16.348,16.655,16.998,17.393,17.809,18.204,18.645,19.133,19.691,20.143
THOM_6,83.732,82.821,81.997,80.881,80.071,79.096,78.104,77.067,76.021,74.969,73.906,73.142,72.992,72.912,72.910,72.995,73.162,73.444,73.854,74.360,74.985,75.826,77.063,78.509,80.128,81.989,83.949,85.812,87.892,90.190,92.821,94.950
THSO_P,12.181,12.060,11.941,11.783,11.666,11.525,11.382,11.233,11.082,10.929,10.776,10.665,10.643,10.632,10.632,10.644,10.668,10.709,10.767,10.841,10.930,11.052,11.231,11.439,11.673,11.942,12.225,12.494,12.794,13.127,13.506,13.814
THUR_6,44.165,43.684,43.250,42.661,42.234,41.719,41.196,40.649,40.097,39.543,38.982,38.579,38.500,38.458,38.457,38.502,38.590,38.738,38.955,39.222,39.551,39.995,40.647,41.410,42.264,43.245,44.279,45.262,46.359,47.571,48.959,50.082
TILBB_1,38.053,37.639,37.264,36.757,36.389,35.946,35.495,35.024,34.548,34.070,33.587,33.240,33.172,33.135,33.134,33.173,33.249,33.377,33.563,33.794,34.077,34.460,35.022,35.679,36.415,37.260,38.151,38.998,39.943,40.987,42.183,43.151
TONG;CAFA;EAST;GLLE;KEOO,7.282,7.210,7.139,7.044,6.974,6.890,6.805,6.715,6.625,6.534,6.442,6.376,6.363,6.356,6.356,6.363,6.378,6.402,6.437,6.481,6.534,6.607,6.714,6.839,6.978,7.139,7.308,7.469,7.649,7.847,8.074,8.258
TOTT_1,95.253,94.217,93.280,92.010,91.089,89.979,88.850,87.671,86.481,85.285,84.075,83.206,83.035,82.945,82.942,83.039,83.229,83.550,84.016,84.592,85.303,86.259,87.667,89.311,91.153,93.270,95.501,97.620,99.985,102.600,105.593,108.015
TRAW_1,31.634,31.290,30.979,30.557,30.251,29.882,29.508,29.116,28.721,28.324,27.922,27.633,27.576,27.546,27.545,27.578,27.641,27.747,27.902,28.093,28.329,28.647,29.114,29.661,30.272,30.975,31.716,32.420,33.206,34.074,35.068,35.872
TUMB_P,4.606,4.560,4.515,4.456,4.412,4.358,4.304,4.248,4.190,4.133,4.075,4.033,4.025,4.020,4.020,4.025,4.034,4.049,4.072,4.099,4.133,4.179,4.247,4.326,4.414,4.516,4.623,4.725,4.838,4.964,5.107,5.223
TYNE_1;TYNE_2,59.887,59.236,58.646,57.848,57.268,56.571,55.861,55.120,54.371,53.619,52.858,52.312,52.205,52.148,52.146,52.207,52.326,52.529,52.821,53.184,53.631,54.232,55.117,56.151,57.308,58.639,60.042,61.375,62.861,64.505,66.387,67.910
UPPB_1;UPPB_3,62.720,62.038,61.421,60.584,59.977,59.247,58.503,57.728,56.944,56.156,55.360,54.788,54.675,54.615,54.614,54.678,54.802,55.014,55.321,55.700,56.168,56.798,57.724,58.808,60.020,61.414,62.883,64.278,65.835,67.557,69.528,71.122
USKM_1;ALST_3,82.938,82.035,81.220,80.113,79.312,78.346,77.363,76.336,75.300,74.258,73.204,72.448,72.299,72.220,72.218,72.303,72.467,72.748,73.153,73.655,74.274,75.106,76.332,77.764,79.368,81.211,83.153,84.998,87.058,89.334,91.941,94.049
WALH_1,129.522,128.113,126.839,125.112,123.859,122.350,120.815,119.212,117.593,115.967,114.322,113.141,112.908,112.785,112.781,112.913,113.171,113.608,114.242,115.025,115.991,117.292,119.206,121.442,123.947,126.825,129.858,132.739,135.956,139.511,143.581,146.874
WALP_1,145.944,144.356,142.921,140.974,139.563,137.862,136.133,134.327,132.503,130.671,128.816,127.486,127.223,127.085,127.081,127.230,127.520,128.012,128.726,129.609,130.698,132.163,134.320,136.840,139.662,142.905,146.322,149.569,153.194,157.200,161.786,165.496
WALP_B,36.662,36.263,35.902,35.414,35.059,34.632,34.198,33.744,33.285,32.825,32.359,32.025,31.959,31.924,31.924,31.961,32.034,32.157,32.337,32.559,32.832,33.200,33.742,34.375,35.084,35.899,36.757,37.573,38.483,39.490,40.642,41.574
WARL_1,60.492,59.834,59.239,58.433,57.848,57.143,56.426,55.677,54.921,54.162,53.393,52.842,52.733,52.676,52.674,52.736,52.856,53.060,53.356,53.722,54.173,54.780,55.674,56.719,57.889,59.233,60.649,61.995,63.498,65.158,67.059,68.597
WASF_1;KIBY_G,59.662,59.013,58.426,57.631,57.053,56.358,55.652,54.913,54.167,53.418,52.660,52.116,52.009,51.952,51.951,52.012,52.131,52.332,52.623,52.984,53.430,54.028,54.910,55.941,57.094,58.420,59.817,61.144,62.626,64.264,66.138,67.655
WATFS_1,74.011,73.206,72.478,71.491,70.776,69.913,69.036,68.120,67.195,66.266,65.326,64.651,64.518,64.448,64.446,64.521,64.668,64.918,65.280,65.728,66.280,67.023,68.117,69.395,70.826,72.471,74.204,75.850,77.688,79.720,82.046,83.927
WBOL_6,63.244,62.556,61.934,61.091,60.479,59.742,58.993,58.210,57.420,56.626,55.822,55.246,55.132,55.072,55.070,55.135,55.261,55.474,55.783,56.166,56.638,57.273,58.207,59.299,60.522,61.928,63.409,64.815,66.386,68.122,70.110,71.717
WBUR_1,72.377,71.590,70.878,69.913,69.213,68.370,67.512,66.616,65.712,64.803,63.883,63.224,63.093,63.025,63.023,63.096,63.241,63.485,63.839,64.276,64.816,65.543,66.613,67.862,69.262,70.870,72.565,74.175,75.973,77.959,80.234,82.074
WFIE,7.780,7.703,7.627,7.526,7.452,7.361,7.270,7.174,7.078,6.981,6.883,6.812,6.798,6.791,6.791,6.798,6.814,6.840,6.877,6.924,6.981,7.059,7.173,7.306,7.456,7.627,7.808,7.980,8.172,8.384,8.627,8.823
WGEO,24.890,24.643,24.400,24.078,23.839,23.551,23.258,22.952,22.644,22.332,22.019,21.793,21.748,21.725,21.724,21.749,21.798,21.882,22.001,22.151,22.335,22.584,22.948,23.375,23.852,24.401,24.980,25.530,26.143,26.822,27.598,28.226
WHAM_1;ISLI_1,159.791,158.053,156.481,184.264,182.419,180.196,177.936,175.575,173.191,170.796,168.373,166.633,166.290,166.109,166.105,166.298,166.678,167.321,168.255,169.408,170.832,172.747,175.565,178.859,182.548,186.787,191.254,195.497,200.235,205.471,211.466,216.316
WHGA_1,81.293,80.409,79.609,78.525,77.739,76.792,75.829,74.823,73.807,72.786,71.753,71.012,70.866,70.789,70.787,70.869,71.031,71.305,71.703,72.195,72.801,73.617,74.819,76.222,77.794,79.601,81.504,83.313,85.332,87.563,90.118,92.185
WHHO,15.998,15.840,15.683,15.476,15.323,15.137,14.949,14.753,14.554,14.354,14.153,14.008,13.979,13.964,13.963,13.980,14.011,14.065,14.142,14.238,14.356,14.516,14.750,15.024,15.331,15.684,16.056,16.410,16.804,17.240,17.739,18.143
WIBA_3,4.579,4.529,4.484,4.423,4.379,4.326,4.271,4.215,4.158,4.100,4.042,4.000,3.992,3.988,3.987,3.992,4.001,4.017,4.039,4.067,4.101,4.147,4.215,4.294,4.382,4.484,4.591,4.693,4.807,4.932,5.076,5.193
WIEN_1,32.201,31.851,31.534,31.105,30.793,30.418,30.036,29.638,29.235,28.831,28.422,28.128,28.071,28.040,28.039,28.072,28.136,28.245,28.402,28.597,28.837,29.160,29.636,30.192,30.815,31.531,32.285,33.001,33.801,34.685,35.696,36.515
WILL_1,166.688,164.875,163.236,161.013,159.401,157.459,155.484,153.420,151.337,149.245,147.127,145.607,145.307,145.149,145.145,145.314,145.646,146.208,147.024,148.032,149.276,150.949,153.412,156.291,159.514,163.218,167.121,170.829,174.969,179.545,184.783,189.020
WIMBS1;WIMBN1,186.493,184.465,182.631,180.144,178.340,176.167,173.958,171.649,169.318,166.978,164.608,162.908,162.572,162.395,162.390,162.581,162.952,163.581,164.493,165.621,167.012,168.885,171.641,174.861,178.466,182.612,186.978,191.127,195.759,200.878,206.738,211.479
WIOW_P,13.192,13.062,12.932,12.762,12.635,12.482,12.327,12.165,12.002,11.837,11.671,11.551,11.527,11.515,11.514,11.528,11.554,11.598,11.661,11.741,11.838,11.970,12.163,12.389,12.642,12.933,13.240,13.532,13.857,14.216,14.628,14.961
WISD_6;WISD_1;ACTL_C,112.119,110.900,109.797,108.302,107.217,105.912,104.583,103.194,101.793,100.386,98.962,97.939,97.737,97.632,97.628,97.742,97.966,98.344,98.893,99.570,100.407,101.533,103.189,105.126,107.293,109.786,112.411,114.904,117.689,120.766,124.290,127.141
WISH;RAVE,19.073,18.884,18.697,18.451,18.268,18.047,17.823,17.589,17.352,17.114,16.873,16.700,16.666,16.648,16.647,16.667,16.704,16.768,16.860,16.974,17.115,17.306,17.585,17.912,18.278,18.699,19.142,19.564,20.033,20.554,21.149,21.630
WMEL_1,134.323,132.862,131.541,129.750,128.451,126.886,125.294,123.632,121.953,120.267,118.560,117.335,117.094,116.966,116.963,117.100,117.367,117.820,118.477,119.289,120.292,121.640,123.625,125.945,128.542,131.527,134.672,137.660,140.997,144.684,148.905,152.319
WOHI_P,9.381,9.288,9.196,9.075,8.985,8.876,8.766,8.651,8.534,8.417,8.299,8.214,8.197,8.188,8.188,8.197,8.216,8.247,8.292,8.349,8.418,8.512,8.649,8.810,8.990,9.197,9.415,9.622,9.853,10.109,10.402,10.638
WTHU31,20.958,20.730,20.524,20.245,20.042,19.798,19.549,19.290,19.028,18.765,18.499,18.308,18.270,18.250,18.250,18.271,18.313,18.383,18.486,18.613,18.769,18.979,19.289,19.651,20.056,20.522,21.013,21.479,21.999,22.575,23.233,23.766
WWEY_1,104.782,103.642,102.611,101.214,100.201,98.980,97.738,96.441,95.132,93.816,92.485,91.530,91.341,91.242,91.239,91.346,91.554,91.908,92.420,93.054,93.836,94.888,96.436,98.246,100.272,102.600,105.054,107.385,109.987,112.863,116.156,118.820
WYLF_1,18.676,18.473,18.289,18.040,17.860,17.642,17.421,17.189,16.956,16.722,16.484,16.314,16.280,16.263,16.262,16.281,16.318,16.381,16.473,16.586,16.725,16.913,17.189,17.511,17.872,18.287,18.725,19.140,19.604,20.117,20.703,21.178
WYMOM_1,70.544,69.776,69.082,68.142,67.459,66.638,65.802,64.929,64.047,63.161,62.265,61.622,61.495,61.428,61.426,61.498,61.638,61.876,62.221,62.648,63.174,63.883,64.925,66.143,67.507,69.075,70.727,72.296,74.048,75.985,78.201,79.995
