Primary,2020,2021,2022,2023,2024,2025,2026,2027,2028,2029,2030,2031,2032,2033,2034,2035,2036,2037,2038,2039,2040,2041,2042,2043,2044,2045,2046,2047,2048,2049,2050
ABHA1,0.134,0.483,0.882,1.365,1.952,2.797,3.975,5.355,6.951,8.756,10.773,13.055,15.603,18.379,21.385,24.620,28.091,31.815,35.744,39.896,44.333,49.035,53.988,59.175,64.590,70.242,76.662,82.790,89.155,95.758,102.599
ABNE_P,0.012,0.043,0.078,0.121,0.173,0.247,0.352,0.474,0.615,0.775,0.953,1.155,1.380,1.626,1.892,2.178,2.485,2.815,3.162,3.530,3.922,4.338,4.776,5.235,5.714,6.214,6.782,7.325,7.888,8.472,9.077
ABTH_1,0.027,0.097,0.177,0.273,0.391,0.560,0.796,1.073,1.392,1.754,2.158,2.615,3.125,3.681,4.283,4.931,5.627,6.373,7.160,7.991,8.880,9.822,10.814,11.853,12.938,14.070,15.356,16.583,17.858,19.181,20.551
ACTL_2;CBNK_H;GREE_H;PERI_H,0.007,0.025,0.046,0.072,0.103,0.147,0.209,0.282,0.366,0.461,0.568,0.688,0.822,0.969,1.127,1.297,1.480,1.677,1.884,2.102,2.336,2.584,2.845,3.118,3.404,3.702,4.040,4.363,4.698,5.046,5.407
ALNE_P,0.004,0.016,0.029,0.045,0.064,0.092,0.131,0.176,0.228,0.287,0.354,0.429,0.512,0.603,0.702,0.808,0.922,1.044,1.173,1.310,1.455,1.610,1.772,1.943,2.120,2.306,2.517,2.718,2.927,3.144,3.368
ALVE1,0.115,0.416,0.761,1.177,1.682,2.411,3.427,4.616,5.992,7.548,9.286,11.254,13.450,15.843,18.434,21.223,24.215,27.425,30.812,34.391,38.216,42.269,46.539,51.010,55.678,60.550,66.084,71.366,76.853,82.545,88.442
AMEM_1,0.013,0.047,0.085,0.132,0.188,0.270,0.383,0.516,0.670,0.844,1.039,1.259,1.504,1.772,2.062,2.374,2.709,3.068,3.446,3.847,4.275,4.728,5.205,5.706,6.228,6.773,7.392,7.983,8.596,9.233,9.892
ARBR_P,0.012,0.042,0.077,0.119,0.170,0.244,0.346,0.467,0.606,0.763,0.938,1.137,1.359,1.601,1.863,2.145,2.447,2.772,3.114,3.476,3.862,4.272,4.703,5.155,5.627,6.119,6.679,7.213,7.767,8.342,8.938
ARDK_P;CLAC_P,0.000,0.002,0.003,0.004,0.006,0.009,0.012,0.017,0.022,0.028,0.034,0.041,0.049,0.058,0.067,0.077,0.088,0.100,0.112,0.125,0.139,0.154,0.170,0.186,0.203,0.221,0.241,0.260,0.280,0.301,0.323
ARMO_P,0.003,0.011,0.020,0.030,0.043,0.062,0.088,0.119,0.154,0.194,0.239,0.289,0.346,0.407,0.474,0.546,0.623,0.705,0.792,0.884,0.983,1.087,1.197,1.312,1.432,1.557,1.699,1.835,1.976,2.123,2.274
AXMI1,0.066,0.239,0.437,0.677,0.968,1.387,1.971,2.655,3.446,4.341,5.341,6.473,7.736,9.112,10.602,12.206,13.927,15.774,17.722,19.780,21.980,24.311,26.767,29.339,32.023,34.826,38.009,41.047,44.203,47.477,50.868
AYRR,0.003,0.010,0.019,0.029,0.042,0.059,0.085,0.114,0.148,0.186,0.229,0.278,0.332,0.391,0.455,0.524,0.597,0.677,0.760,0.848,0.943,1.043,1.148,1.258,1.374,1.494,1.630,1.761,1.896,2.036,2.182
BAGA,0.008,0.028,0.052,0.080,0.114,0.164,0.232,0.313,0.407,0.512,0.630,0.763,0.912,1.075,1.251,1.440,1.643,1.861,2.090,2.333,2.593,2.868,3.157,3.461,3.777,4.108,4.483,4.842,5.214,5.600,6.000
BAIN,0.002,0.008,0.015,0.023,0.033,0.048,0.068,0.092,0.119,0.150,0.185,0.224,0.268,0.315,0.367,0.422,0.482,0.546,0.613,0.684,0.761,0.841,0.926,1.015,1.108,1.205,1.315,1.420,1.530,1.643,1.760
BARKC1;BARKW3,0.026,0.093,0.169,0.262,0.375,0.537,0.764,1.029,1.335,1.682,2.069,2.508,2.997,3.530,4.108,4.729,5.396,6.111,6.866,7.664,8.516,9.419,10.371,11.367,12.407,13.493,14.726,15.903,17.126,18.394,19.708
BEAU_P;ORRI_P,0.007,0.026,0.047,0.073,0.104,0.149,0.211,0.284,0.369,0.465,0.572,0.693,0.829,0.976,1.136,1.308,1.492,1.690,1.898,2.119,2.355,2.604,2.867,3.143,3.430,3.731,4.072,4.397,4.735,5.086,5.449
BEDDT1,0.007,0.027,0.049,0.076,0.108,0.155,0.220,0.296,0.385,0.484,0.596,0.722,0.863,1.017,1.183,1.362,1.554,1.760,1.978,2.207,2.453,2.713,2.987,3.274,3.574,3.886,4.242,4.581,4.933,5.298,5.677
BEDD_1,0.032,0.114,0.208,0.322,0.460,0.659,0.937,1.262,1.638,2.063,2.539,3.077,3.677,4.331,5.040,5.802,6.620,7.497,8.424,9.402,10.448,11.556,12.723,13.945,15.221,16.553,18.066,19.510,21.010,22.566,24.178
BERB_P;CAIF_P;DALL_P;GLEF_P;KEIT_P,0.009,0.033,0.061,0.094,0.135,0.193,0.274,0.369,0.479,0.604,0.743,0.900,1.076,1.267,1.474,1.698,1.937,2.194,2.465,2.751,3.057,3.381,3.722,4.080,4.453,4.843,5.286,5.708,6.147,6.602,7.074
BERW,0.010,0.036,0.065,0.101,0.144,0.206,0.293,0.395,0.513,0.646,0.795,0.963,1.151,1.356,1.577,1.816,2.072,2.347,2.636,2.943,3.270,3.617,3.982,4.365,4.764,5.181,5.655,6.106,6.576,7.063,7.568
BESW_1,0.043,0.155,0.284,0.440,0.628,0.901,1.280,1.724,2.238,2.819,3.469,4.204,5.024,5.918,6.886,7.928,9.046,10.245,11.510,12.847,14.276,15.790,17.385,19.055,20.799,22.619,24.686,26.659,28.709,30.835,33.038
BICF_1,0.041,0.148,0.270,0.418,0.597,0.856,1.217,1.639,2.128,2.680,3.297,3.996,4.776,5.626,6.546,7.536,8.599,9.738,10.941,12.212,13.570,15.010,16.526,18.114,19.771,21.501,23.466,25.342,27.290,29.312,31.406
BIRK_1,0.021,0.077,0.141,0.218,0.312,0.447,0.635,0.855,1.110,1.398,1.720,2.084,2.491,2.934,3.414,3.930,4.484,5.079,5.706,6.369,7.077,7.828,8.619,9.447,10.311,11.214,12.238,13.217,14.233,15.287,16.379
BISW_1,0.190,0.686,1.254,1.941,2.775,3.977,5.652,7.614,9.883,12.448,15.316,18.561,22.183,26.130,30.403,35.003,39.938,45.232,50.819,56.721,63.030,69.714,76.756,84.131,91.829,99.865,108.993,117.705,126.754,136.142,145.867
BLYTB1,0.047,0.171,0.312,0.482,0.690,0.988,1.405,1.892,2.456,3.094,3.806,4.613,5.513,6.494,7.556,8.699,9.925,11.241,12.629,14.096,15.664,17.325,19.075,20.908,22.821,24.818,27.087,29.252,31.501,33.834,36.251
BLYTH132,0.014,0.049,0.089,0.138,0.197,0.283,0.402,0.541,0.703,0.885,1.089,1.320,1.577,1.858,2.162,2.489,2.840,3.216,3.614,4.033,4.482,4.957,5.458,5.982,6.530,7.101,7.750,8.370,9.013,9.681,10.372
BOAG_P,0.005,0.017,0.032,0.049,0.070,0.101,0.143,0.193,0.251,0.316,0.389,0.471,0.563,0.663,0.772,0.888,1.014,1.148,1.290,1.440,1.600,1.770,1.948,2.135,2.331,2.535,2.767,2.988,3.217,3.456,3.702
BOLN_1,0.126,0.453,0.827,1.280,1.830,2.623,3.728,5.022,6.519,8.211,10.103,12.243,14.632,17.236,20.055,23.089,26.344,29.836,33.521,37.415,41.576,45.985,50.631,55.495,60.573,65.874,71.895,77.641,83.611,89.803,96.218
BONN,0.007,0.026,0.047,0.073,0.104,0.149,0.212,0.286,0.371,0.468,0.576,0.698,0.834,0.982,1.143,1.315,1.501,1.700,1.910,2.132,2.369,2.620,2.885,3.162,3.451,3.753,4.096,4.424,4.764,5.116,5.482
BOTW_1,0.030,0.109,0.200,0.309,0.442,0.633,0.900,1.213,1.574,1.983,2.440,2.957,3.534,4.163,4.844,5.576,6.362,7.206,8.096,9.036,10.041,11.106,12.228,13.403,14.629,15.909,17.364,18.751,20.193,21.689,23.238
BRAC_P,0.012,0.044,0.080,0.124,0.178,0.255,0.362,0.488,0.633,0.797,0.981,1.189,1.421,1.673,1.947,2.241,2.558,2.897,3.254,3.632,4.036,4.464,4.915,5.388,5.881,6.395,6.980,7.538,8.117,8.718,9.341
BRAI_1,0.046,0.165,0.302,0.468,0.669,0.959,1.363,1.836,2.383,3.001,3.692,4.475,5.348,6.299,7.329,8.438,9.628,10.904,12.251,13.674,15.195,16.806,18.504,20.282,22.138,24.075,26.275,28.375,30.557,32.820,35.165
BRAP,0.004,0.013,0.024,0.037,0.052,0.075,0.106,0.143,0.186,0.234,0.288,0.349,0.417,0.492,0.572,0.659,0.751,0.851,0.956,1.067,1.186,1.312,1.444,1.583,1.728,1.879,2.051,2.215,2.385,2.562,2.745
BRAW_1,0.055,0.200,0.365,0.565,0.807,1.157,1.644,2.215,2.875,3.622,4.456,5.400,6.454,7.602,8.846,10.184,11.620,13.160,14.785,16.503,18.338,20.283,22.332,24.478,26.717,29.055,31.711,34.246,36.879,39.610,42.440
BRED_1,0.037,0.132,0.241,0.372,0.532,0.763,1.084,1.460,1.896,2.388,2.938,3.560,4.255,5.012,5.831,6.714,7.660,8.675,9.747,10.879,12.089,13.371,14.722,16.136,17.613,19.154,20.905,22.576,24.312,26.112,27.978
BRFO_1;CLT03,0.239,0.863,1.577,2.440,3.488,4.999,7.105,9.572,12.424,15.649,19.253,23.333,27.886,32.848,38.220,44.002,50.206,56.861,63.884,71.304,79.235,87.638,96.491,105.762,115.439,125.541,137.015,147.967,159.343,171.144,183.370
BRID_P,0.009,0.033,0.061,0.094,0.134,0.192,0.273,0.367,0.477,0.600,0.739,0.895,1.070,1.260,1.466,1.688,1.926,2.182,2.451,2.736,3.040,3.362,3.702,4.058,4.429,4.817,5.257,5.677,6.114,6.566,7.035
BRIM_1,0.023,0.081,0.149,0.230,0.329,0.471,0.670,0.902,1.171,1.475,1.815,2.200,2.629,3.097,3.604,4.149,4.734,5.361,6.023,6.723,7.471,8.263,9.098,9.972,10.884,11.837,12.919,13.951,15.024,16.136,17.289
BROA_P,0.002,0.008,0.014,0.022,0.031,0.044,0.063,0.085,0.110,0.139,0.171,0.207,0.248,0.292,0.339,0.391,0.446,0.505,0.567,0.633,0.704,0.778,0.857,0.939,1.025,1.115,1.217,1.314,1.415,1.520,1.628
BROR_P,0.002,0.006,0.011,0.017,0.024,0.035,0.049,0.066,0.086,0.108,0.133,0.161,0.193,0.227,0.264,0.304,0.347,0.393,0.442,0.493,0.548,0.606,0.668,0.732,0.799,0.868,0.948,1.024,1.102,1.184,1.269
BROX,0.004,0.016,0.029,0.045,0.064,0.091,0.130,0.175,0.227,0.286,0.352,0.426,0.510,0.600,0.698,0.804,0.917,1.039,1.167,1.303,1.448,1.602,1.763,1.933,2.110,2.294,2.504,2.704,2.912,3.128,3.351
BRWA1,0.103,0.370,0.677,1.048,1.498,2.146,3.051,4.109,5.334,6.719,8.266,10.018,11.973,14.103,16.410,18.892,21.555,24.413,27.428,30.614,34.019,37.627,41.428,45.408,49.563,53.900,58.827,63.529,68.413,73.480,78.729
BUMU_P,0.006,0.023,0.041,0.064,0.092,0.131,0.187,0.252,0.327,0.411,0.506,0.613,0.733,0.863,1.004,1.156,1.319,1.494,1.679,1.874,2.082,2.303,2.536,2.780,3.034,3.299,3.601,3.889,4.188,4.498,4.819
BURM_1,0.084,0.301,0.550,0.851,1.217,1.744,2.479,3.339,4.335,5.460,6.717,8.141,9.729,11.460,13.335,15.352,17.516,19.838,22.289,24.877,27.645,30.576,33.665,36.899,40.276,43.800,47.804,51.624,55.594,59.711,63.976
BUSH_1,0.037,0.132,0.241,0.373,0.533,0.764,1.085,1.462,1.898,2.390,2.941,3.564,4.260,5.018,5.838,6.721,7.669,8.686,9.758,10.892,12.103,13.387,14.739,16.155,17.634,19.177,20.929,22.602,24.340,26.143,28.010
BUST_1,0.027,0.096,0.176,0.272,0.389,0.557,0.792,1.066,1.384,1.744,2.145,2.600,3.107,3.660,4.259,4.903,5.594,6.336,7.118,7.945,8.829,9.765,10.751,11.784,12.863,13.988,15.267,16.487,17.754,19.069,20.432
CAAD_P,0.003,0.009,0.017,0.027,0.038,0.054,0.077,0.104,0.135,0.170,0.209,0.254,0.303,0.357,0.416,0.479,0.546,0.619,0.695,0.776,0.862,0.953,1.050,1.151,1.256,1.366,1.491,1.610,1.734,1.862,1.995
CANTN1;RICH1;RICH_J,0.076,0.275,0.503,0.779,1.114,1.596,2.269,3.056,3.966,4.996,6.147,7.449,8.903,10.488,12.203,14.049,16.029,18.155,20.397,22.765,25.298,27.981,30.807,33.767,36.857,40.082,43.746,47.243,50.875,54.642,58.546
CAPEA1,0.025,0.090,0.165,0.255,0.365,0.523,0.743,1.002,1.300,1.638,2.015,2.442,2.918,3.437,3.999,4.604,5.254,5.950,6.685,7.461,8.291,9.171,10.097,11.067,12.080,13.137,14.338,15.484,16.674,17.909,19.188
CARE_1,0.026,0.094,0.172,0.266,0.381,0.546,0.776,1.045,1.357,1.709,2.103,2.548,3.045,3.587,4.174,4.805,5.483,6.209,6.976,7.787,8.653,9.570,10.537,11.549,12.606,13.709,14.962,16.158,17.401,18.689,20.025
CARR_1,0.018,0.065,0.119,0.184,0.263,0.377,0.536,0.723,0.938,1.181,1.453,1.761,2.105,2.480,2.885,3.321,3.790,4.292,4.822,5.382,5.981,6.615,7.284,7.983,8.714,9.476,10.343,11.169,12.028,12.919,13.842
CATY,0.000,0.002,0.003,0.005,0.006,0.009,0.013,0.018,0.023,0.029,0.036,0.043,0.051,0.061,0.071,0.081,0.093,0.105,0.118,0.132,0.146,0.162,0.178,0.195,0.213,0.232,0.253,0.273,0.294,0.316,0.339
CELL_1,0.110,0.398,0.728,1.126,1.609,2.306,3.278,4.416,5.732,7.220,8.883,10.766,12.866,15.156,17.634,20.302,23.165,26.235,29.476,32.899,36.559,40.435,44.520,48.798,53.263,57.924,63.218,68.271,73.520,78.965,84.606
CHAP,0.009,0.033,0.060,0.093,0.133,0.190,0.270,0.364,0.472,0.595,0.732,0.887,1.060,1.248,1.452,1.672,1.908,2.161,2.428,2.710,3.011,3.331,3.667,4.019,4.387,4.771,5.207,5.623,6.056,6.504,6.969
CHAS,0.002,0.007,0.013,0.020,0.029,0.042,0.059,0.080,0.103,0.130,0.160,0.194,0.232,0.273,0.318,0.366,0.418,0.473,0.532,0.593,0.659,0.729,0.803,0.880,0.961,1.045,1.140,1.231,1.326,1.424,1.526
CHIC_1,0.027,0.098,0.180,0.278,0.398,0.570,0.810,1.091,1.416,1.784,2.195,2.660,3.179,3.744,4.357,5.016,5.723,6.482,7.282,8.128,9.032,9.990,10.999,12.056,13.159,14.310,15.618,16.867,18.164,19.509,20.902
CHSI_1,0.021,0.074,0.135,0.209,0.299,0.429,0.609,0.821,1.065,1.342,1.651,2.001,2.391,2.817,3.278,3.773,4.305,4.876,5.478,6.115,6.795,7.515,8.274,9.070,9.899,10.766,11.750,12.689,13.664,14.676,15.725
CHTE_1,0.121,0.435,0.796,1.232,1.761,2.524,3.587,4.832,6.272,7.900,9.720,11.779,14.078,16.583,19.295,22.214,25.346,28.706,32.251,35.997,40.001,44.243,48.713,53.393,58.278,63.378,69.171,74.700,80.443,86.401,92.573
CITR_1,0.002,0.006,0.012,0.018,0.026,0.037,0.052,0.070,0.091,0.115,0.141,0.171,0.205,0.241,0.280,0.323,0.368,0.417,0.469,0.523,0.581,0.643,0.708,0.776,0.847,0.921,1.005,1.086,1.169,1.256,1.345
CLAY_P,0.002,0.008,0.014,0.022,0.032,0.046,0.065,0.087,0.113,0.143,0.176,0.213,0.254,0.299,0.348,0.401,0.458,0.518,0.582,0.650,0.722,0.799,0.880,0.964,1.053,1.145,1.249,1.349,1.453,1.560,1.672
COAT,0.008,0.028,0.051,0.079,0.112,0.161,0.229,0.308,0.400,0.504,0.620,0.752,0.898,1.058,1.231,1.418,1.618,1.832,2.058,2.297,2.553,2.823,3.109,3.407,3.719,4.045,4.414,4.767,5.134,5.514,5.908
COCK,0.009,0.033,0.061,0.094,0.134,0.193,0.274,0.369,0.479,0.603,0.742,0.899,1.074,1.265,1.472,1.695,1.934,2.191,2.461,2.747,3.053,3.376,3.717,4.074,4.447,4.836,5.278,5.700,6.139,6.593,7.064
CONQA1;SASA,0.052,0.188,0.344,0.533,0.762,1.092,1.552,2.090,2.713,3.418,4.205,5.096,6.090,7.174,8.348,9.610,10.965,12.419,13.953,15.573,17.305,19.141,21.074,23.099,25.213,27.419,29.925,32.317,34.802,37.379,40.049
COUA_P,0.009,0.031,0.056,0.087,0.124,0.178,0.253,0.341,0.442,0.557,0.685,0.830,0.992,1.169,1.360,1.566,1.787,2.024,2.273,2.538,2.820,3.119,3.434,3.764,4.108,4.468,4.876,5.266,5.671,6.091,6.526
COVE_1,0.075,0.271,0.496,0.768,1.097,1.573,2.235,3.011,3.909,4.924,6.058,7.341,8.774,10.335,12.025,13.844,15.796,17.890,20.099,22.434,24.929,27.573,30.358,33.275,36.320,39.498,43.108,46.554,50.133,53.846,57.693
COWL_1;ECLA_H,0.094,0.340,0.621,0.962,1.375,1.970,2.800,3.772,4.896,6.167,7.587,9.195,10.989,12.945,15.062,17.340,19.785,22.407,25.175,28.099,31.225,34.536,38.025,41.678,45.492,49.472,53.994,58.310,62.793,67.444,72.262
COYL,0.008,0.028,0.052,0.080,0.115,0.164,0.234,0.315,0.408,0.514,0.633,0.767,0.917,1.080,1.257,1.447,1.651,1.869,2.100,2.344,2.605,2.881,3.172,3.477,3.795,4.127,4.505,4.865,5.239,5.627,6.029
CRAI_P,0.001,0.002,0.004,0.006,0.008,0.012,0.017,0.023,0.029,0.037,0.046,0.055,0.066,0.078,0.091,0.104,0.119,0.135,0.151,0.169,0.188,0.208,0.229,0.251,0.274,0.298,0.325,0.351,0.378,0.406,0.435
CREB_1,0.109,0.392,0.717,1.110,1.587,2.274,3.232,4.354,5.652,7.119,8.758,10.614,12.685,14.942,17.386,20.016,22.838,25.866,29.061,32.436,36.044,39.866,43.893,48.110,52.512,57.108,62.328,67.309,72.484,77.853,83.414
CROO,0.004,0.012,0.022,0.036,0.050,0.072,0.102,0.138,0.180,0.226,0.278,0.338,0.404,0.476,0.552,0.636,0.726,0.822,0.924,1.032,1.146,1.268,1.396,1.530,1.670,1.816,1.982,2.140,2.306,2.476,2.652
CUMB,0.006,0.021,0.038,0.058,0.083,0.119,0.170,0.229,0.297,0.374,0.460,0.558,0.666,0.785,0.913,1.051,1.200,1.359,1.527,1.704,1.893,2.094,2.306,2.527,2.759,3.000,3.274,3.536,3.808,4.090,4.382
CUPA,0.015,0.053,0.097,0.150,0.215,0.308,0.437,0.589,0.765,0.964,1.186,1.437,1.717,2.023,2.353,2.709,3.091,3.501,3.934,4.391,4.879,5.396,5.941,6.512,7.108,7.730,8.437,9.111,9.812,10.538,11.291
CURR,0.000,0.001,0.001,0.002,0.002,0.003,0.005,0.006,0.008,0.010,0.013,0.015,0.018,0.021,0.025,0.029,0.033,0.037,0.042,0.047,0.052,0.057,0.063,0.069,0.075,0.082,0.089,0.097,0.104,0.112,0.120
DALM3,0.005,0.017,0.031,0.047,0.068,0.097,0.138,0.186,0.241,0.303,0.373,0.452,0.540,0.637,0.741,0.853,0.973,1.102,1.238,1.382,1.536,1.699,1.870,2.050,2.237,2.433,2.656,2.868,3.088,3.317,3.554
DEVM,0.003,0.009,0.017,0.027,0.038,0.054,0.077,0.104,0.135,0.170,0.209,0.254,0.303,0.357,0.416,0.479,0.546,0.619,0.695,0.776,0.862,0.954,1.050,1.151,1.256,1.366,1.491,1.610,1.734,1.862,1.995
DEVO,0.008,0.028,0.051,0.079,0.113,0.162,0.231,0.311,0.403,0.508,0.625,0.757,0.905,1.066,1.241,1.428,1.630,1.846,2.074,2.315,2.572,2.845,3.132,3.433,3.748,4.076,4.448,4.804,5.173,5.556,5.953
DEWP,0.001,0.003,0.005,0.008,0.011,0.016,0.023,0.030,0.040,0.050,0.061,0.074,0.089,0.104,0.122,0.140,0.160,0.181,0.203,0.227,0.252,0.279,0.307,0.336,0.367,0.399,0.436,0.471,0.507,0.544,0.583
DOUN_P,0.003,0.009,0.017,0.026,0.038,0.054,0.077,0.103,0.134,0.169,0.208,0.252,0.301,0.355,0.413,0.475,0.542,0.614,0.690,0.770,0.855,0.946,1.041,1.142,1.246,1.355,1.479,1.597,1.720,1.847,1.979
DRAK_1,0.043,0.155,0.284,0.439,0.628,0.899,1.278,1.722,2.235,2.815,3.464,4.198,5.017,5.910,6.876,7.917,9.033,10.230,11.494,12.829,14.256,15.767,17.360,19.028,20.769,22.586,24.651,26.621,28.668,30.791,32.991
DRAX_1,0.011,0.038,0.070,0.109,0.155,0.223,0.316,0.426,0.553,0.697,0.857,1.039,1.242,1.463,1.702,1.959,2.236,2.532,2.845,3.175,3.528,3.903,4.297,4.710,5.141,5.590,6.101,6.589,7.096,7.621,8.166
DRUM,0.003,0.010,0.019,0.029,0.041,0.059,0.084,0.113,0.147,0.185,0.227,0.276,0.329,0.388,0.452,0.520,0.593,0.672,0.755,0.842,0.936,1.035,1.140,1.250,1.364,1.483,1.619,1.748,1.883,2.022,2.167
DUDH_P,0.006,0.021,0.039,0.060,0.086,0.123,0.175,0.236,0.306,0.386,0.475,0.575,0.688,0.810,0.943,1.085,1.238,1.402,1.575,1.758,1.954,2.161,2.380,2.608,2.847,3.096,3.379,3.649,3.930,4.221,4.522
DUGR_P,0.000,0.001,0.002,0.003,0.004,0.006,0.009,0.012,0.015,0.019,0.024,0.029,0.035,0.041,0.048,0.055,0.062,0.071,0.079,0.089,0.098,0.109,0.120,0.131,0.143,0.156,0.170,0.184,0.198,0.213,0.228
DUMF,0.012,0.045,0.081,0.126,0.180,0.258,0.366,0.495,0.642,0.807,0.993,1.203,1.440,1.695,1.971,2.271,2.589,2.934,3.297,3.678,4.089,4.521,4.977,5.457,5.955,6.477,7.068,7.635,8.220,8.829,9.459
DUNB,0.007,0.024,0.044,0.069,0.098,0.140,0.199,0.269,0.349,0.439,0.541,0.655,0.783,0.922,1.073,1.235,1.410,1.596,1.794,2.002,2.225,2.461,2.709,2.969,3.241,3.525,3.847,4.154,4.474,4.805,5.148
DUNF,0.004,0.014,0.026,0.040,0.057,0.081,0.115,0.156,0.202,0.254,0.313,0.379,0.453,0.534,0.621,0.715,0.816,0.924,1.038,1.159,1.288,1.424,1.568,1.719,1.876,2.040,2.226,2.404,2.589,2.781,2.980
DUNO_P,0.003,0.012,0.022,0.034,0.049,0.070,0.100,0.134,0.174,0.219,0.270,0.327,0.391,0.460,0.536,0.617,0.704,0.797,0.896,1.000,1.111,1.229,1.353,1.483,1.618,1.760,1.921,2.074,2.234,2.399,2.571
DYCE_P,0.009,0.034,0.061,0.095,0.136,0.195,0.277,0.373,0.484,0.610,0.751,0.910,1.087,1.281,1.490,1.715,1.957,2.217,2.490,2.780,3.089,3.417,3.762,4.123,4.500,4.894,5.341,5.768,6.212,6.672,7.149
EALI_6,0.009,0.033,0.061,0.095,0.135,0.194,0.275,0.371,0.481,0.606,0.746,0.904,1.080,1.273,1.481,1.705,1.945,2.203,2.475,2.762,3.070,3.395,3.738,4.097,4.472,4.864,5.308,5.732,6.173,6.630,7.104
EASO_1,0.072,0.258,0.471,0.729,1.042,1.493,2.123,2.859,3.711,4.675,5.752,6.970,8.330,9.813,11.418,13.145,14.998,16.986,19.084,21.301,23.670,26.180,28.825,31.595,34.486,37.503,40.931,44.203,47.601,51.127,54.779
ECCL,0.015,0.054,0.099,0.153,0.218,0.313,0.444,0.599,0.777,0.979,1.204,1.459,1.744,2.054,2.390,2.752,3.140,3.556,3.995,4.459,4.955,5.481,6.035,6.614,7.220,7.851,8.569,9.254,9.965,10.703,11.468
ECLA_1,0.064,0.230,0.420,0.649,0.928,1.330,1.891,2.547,3.306,4.164,5.123,6.209,7.421,8.741,10.171,11.709,13.360,15.131,17.000,18.974,21.085,23.321,25.677,28.144,30.719,33.407,36.460,39.375,42.402,45.542,48.796
EERH,0.008,0.030,0.055,0.086,0.122,0.175,0.249,0.336,0.436,0.549,0.675,0.818,0.978,1.152,1.341,1.543,1.761,1.994,2.241,2.501,2.779,3.074,3.384,3.710,4.049,4.403,4.806,5.190,5.589,6.003,6.432
EKIL,0.010,0.037,0.067,0.104,0.149,0.213,0.303,0.408,0.530,0.668,0.822,0.996,1.190,1.402,1.631,1.878,2.142,2.426,2.726,3.043,3.381,3.739,4.117,4.513,4.926,5.357,5.846,6.314,6.799,7.303,7.824
ELDE,0.005,0.017,0.031,0.048,0.069,0.099,0.141,0.189,0.246,0.310,0.381,0.462,0.552,0.650,0.756,0.871,0.994,1.125,1.264,1.411,1.568,1.734,1.910,2.093,2.285,2.484,2.712,2.928,3.153,3.387,3.629
ELGI_P,0.013,0.046,0.084,0.130,0.187,0.267,0.380,0.512,0.664,0.837,1.030,1.248,1.491,1.757,2.044,2.353,2.685,3.041,3.416,3.813,4.237,4.687,5.160,5.656,6.173,6.713,7.327,7.913,8.521,9.152,9.806
ELLA_1,0.055,0.197,0.361,0.559,0.798,1.144,1.626,2.191,2.844,3.582,4.407,5.341,6.383,7.519,8.748,10.072,11.492,13.015,14.623,16.321,18.137,20.060,22.086,24.209,26.424,28.736,31.362,33.869,36.473,39.174,41.973
ELST_1,0.029,0.105,0.193,0.298,0.426,0.611,0.868,1.169,1.517,1.911,2.351,2.850,3.406,4.012,4.668,5.374,6.132,6.944,7.802,8.708,9.677,10.703,11.784,12.917,14.098,15.332,16.733,18.071,19.460,20.902,22.395
ENDE_1,0.089,0.321,0.586,0.907,1.296,1.858,2.641,3.558,4.618,5.817,7.156,8.673,10.365,12.210,14.206,16.355,18.661,21.135,23.746,26.504,29.452,32.575,35.865,39.311,42.908,46.663,50.928,54.999,59.228,63.614,68.158
ERSK,0.002,0.006,0.012,0.018,0.026,0.038,0.053,0.072,0.094,0.118,0.145,0.176,0.210,0.247,0.288,0.331,0.378,0.428,0.481,0.537,0.596,0.660,0.726,0.796,0.869,0.945,1.031,1.114,1.200,1.288,1.380
EXET1,0.121,0.436,0.798,1.234,1.764,2.529,3.594,4.842,6.285,7.916,9.739,11.803,14.106,16.616,19.334,22.258,25.397,28.763,32.316,36.069,40.081,44.332,48.810,53.500,58.395,63.505,69.309,74.849,80.604,86.573,92.758
FAUG_P,0.001,0.003,0.006,0.009,0.012,0.018,0.025,0.034,0.044,0.055,0.068,0.082,0.098,0.116,0.134,0.155,0.177,0.200,0.225,0.251,0.279,0.308,0.339,0.372,0.406,0.442,0.482,0.520,0.560,0.602,0.645
FAWL_1,0.043,0.153,0.280,0.433,0.619,0.888,1.262,1.700,2.206,2.779,3.419,4.143,4.951,5.833,6.786,7.813,8.915,10.096,11.343,12.661,14.069,15.561,17.133,18.779,20.498,22.291,24.329,26.273,28.293,30.389,32.560
FECK_6,0.107,0.386,0.706,1.092,1.561,2.237,3.180,4.284,5.560,7.004,8.617,10.443,12.480,14.701,17.105,19.693,22.470,25.448,28.591,31.912,35.462,39.222,43.184,47.334,51.665,56.186,61.321,66.223,71.314,76.596,82.068
FERRA2,0.015,0.055,0.101,0.156,0.223,0.319,0.453,0.611,0.793,0.999,1.229,1.489,1.779,2.096,2.439,2.808,3.204,3.628,4.076,4.550,5.056,5.592,6.157,6.749,7.366,8.011,8.743,9.442,10.168,10.921,11.701
FERRB1;FERRB_M,0.082,0.294,0.538,0.833,1.190,1.705,2.424,3.266,4.239,5.339,6.569,7.961,9.514,11.207,13.040,15.012,17.129,19.399,21.796,24.327,27.033,29.900,32.920,36.083,39.385,42.831,46.746,50.482,54.364,58.390,62.561
FETT_P;KINT_P,0.020,0.073,0.133,0.206,0.295,0.422,0.600,0.809,1.050,1.322,1.627,1.971,2.356,2.775,3.229,3.717,4.241,4.804,5.397,6.024,6.694,7.404,8.152,8.935,9.752,10.606,11.575,12.500,13.462,14.459,15.491
FIDD_P,0.007,0.026,0.048,0.074,0.106,0.152,0.216,0.291,0.378,0.476,0.585,0.709,0.848,0.999,1.162,1.338,1.526,1.729,1.942,2.168,2.409,2.664,2.933,3.215,3.510,3.817,4.166,4.498,4.844,5.203,5.575
FIDF_1,0.052,0.188,0.343,0.531,0.759,1.087,1.545,2.082,2.702,3.404,4.188,5.075,6.065,7.145,8.313,9.571,10.920,12.368,13.895,15.509,17.234,19.062,20.987,23.004,25.109,27.306,29.802,32.184,34.658,37.225,39.884
FLEE_1;BRLE_1,0.182,0.657,1.201,1.859,2.656,3.807,5.411,7.290,9.462,11.919,14.663,17.770,21.238,25.017,29.109,33.511,38.237,43.306,48.655,54.306,60.346,66.746,73.487,80.549,87.918,95.612,104.352,112.692,121.357,130.344,139.655
FOUR_1,0.001,0.003,0.005,0.008,0.012,0.017,0.024,0.032,0.042,0.053,0.065,0.079,0.094,0.111,0.129,0.149,0.169,0.192,0.216,0.241,0.267,0.296,0.326,0.357,0.390,0.424,0.462,0.499,0.538,0.578,0.619
FROD_1,0.055,0.199,0.364,0.563,0.805,1.154,1.641,2.210,2.869,3.614,4.446,5.388,6.440,7.585,8.826,10.161,11.594,13.131,14.752,16.466,18.297,20.238,22.282,24.423,26.658,28.990,31.640,34.169,36.796,39.522,42.345
FWIL_P,0.002,0.008,0.015,0.023,0.033,0.047,0.066,0.089,0.116,0.146,0.180,0.218,0.261,0.307,0.357,0.411,0.469,0.532,0.597,0.667,0.741,0.819,0.902,0.989,1.079,1.174,1.281,1.383,1.490,1.600,1.714
GALA,0.010,0.038,0.069,0.106,0.152,0.218,0.310,0.417,0.541,0.682,0.839,1.017,1.215,1.431,1.665,1.917,2.188,2.478,2.784,3.107,3.453,3.819,4.205,4.609,5.030,5.470,5.971,6.448,6.943,7.458,7.990
GIFF,0.003,0.010,0.018,0.028,0.040,0.057,0.081,0.109,0.142,0.179,0.220,0.267,0.319,0.375,0.437,0.503,0.574,0.650,0.730,0.815,0.906,1.002,1.103,1.209,1.319,1.435,1.566,1.691,1.821,1.956,2.096
GLLU,0.006,0.022,0.040,0.062,0.088,0.126,0.179,0.242,0.314,0.395,0.486,0.589,0.704,0.830,0.965,1.111,1.268,1.436,1.613,1.801,2.001,2.213,2.437,2.671,2.915,3.171,3.460,3.737,4.024,4.322,4.631
GLNI,0.003,0.012,0.022,0.034,0.048,0.069,0.099,0.133,0.173,0.218,0.268,0.324,0.388,0.457,0.531,0.612,0.698,0.791,0.888,0.991,1.102,1.218,1.341,1.470,1.605,1.745,1.905,2.057,2.215,2.379,2.549
GLRO,0.004,0.016,0.029,0.046,0.065,0.093,0.133,0.179,0.232,0.292,0.359,0.436,0.521,0.613,0.714,0.822,0.937,1.062,1.193,1.331,1.479,1.636,1.802,1.975,2.155,2.344,2.558,2.763,2.975,3.195,3.424
GORG,0.001,0.003,0.006,0.009,0.013,0.018,0.026,0.035,0.046,0.057,0.071,0.086,0.102,0.120,0.140,0.161,0.184,0.208,0.234,0.261,0.290,0.321,0.354,0.388,0.423,0.460,0.502,0.542,0.584,0.627,0.672
GOVA,0.003,0.012,0.022,0.035,0.050,0.071,0.101,0.136,0.177,0.223,0.274,0.332,0.397,0.467,0.544,0.626,0.714,0.809,0.909,1.014,1.127,1.246,1.372,1.504,1.642,1.785,1.949,2.104,2.266,2.434,2.608
GREN_1,0.154,0.556,1.016,1.572,2.247,3.220,4.576,6.165,8.002,10.079,12.400,15.028,17.960,21.156,24.616,28.340,32.336,36.622,41.146,45.925,51.033,56.445,62.146,68.117,74.350,80.856,88.247,95.300,102.628,110.228,118.102
GRIW_1,0.040,0.144,0.263,0.407,0.581,0.833,1.184,1.595,2.070,2.607,3.208,3.888,4.646,5.473,6.368,7.331,8.365,9.474,10.644,11.881,13.202,14.602,16.077,17.622,19.234,20.917,22.829,24.654,26.549,28.516,30.553
GRMO,0.008,0.026,0.050,0.076,0.108,0.156,0.222,0.298,0.388,0.488,0.602,0.728,0.870,1.026,1.194,1.374,1.568,1.776,1.994,2.226,2.474,2.736,3.012,3.302,3.604,3.920,4.278,4.620,4.974,5.342,5.724
GRUB_P,0.002,0.006,0.010,0.016,0.022,0.032,0.046,0.061,0.080,0.100,0.123,0.150,0.179,0.210,0.245,0.282,0.322,0.364,0.409,0.457,0.508,0.562,0.618,0.678,0.740,0.804,0.878,0.948,1.021,1.097,1.175
HACK_1;HACK_6,0.014,0.052,0.095,0.146,0.209,0.300,0.426,0.574,0.745,0.938,1.154,1.399,1.672,1.970,2.292,2.638,3.010,3.410,3.831,4.276,4.751,5.255,5.786,6.342,6.922,7.528,8.216,8.873,9.555,10.262,10.995
HAGR,0.002,0.007,0.012,0.019,0.027,0.039,0.055,0.075,0.097,0.122,0.150,0.182,0.217,0.256,0.298,0.343,0.391,0.443,0.498,0.556,0.617,0.683,0.752,0.824,0.900,0.978,1.068,1.153,1.242,1.334,1.429
HAMHC1,0.047,0.169,0.309,0.479,0.685,0.981,1.394,1.879,2.438,3.071,3.779,4.579,5.473,6.447,7.501,8.636,9.854,11.160,12.538,13.994,15.551,17.200,18.938,20.757,22.656,24.639,26.891,29.041,31.273,33.589,35.989
HARK_1;HUTT_1;RRIG,0.100,0.360,0.657,1.017,1.453,2.083,2.960,3.988,5.176,6.520,8.021,9.721,11.617,13.685,15.923,18.332,20.916,23.689,26.615,29.706,33.010,36.511,40.199,44.062,48.093,52.301,57.082,61.645,66.384,71.300,76.394
HARM_6,0.016,0.056,0.103,0.160,0.228,0.327,0.464,0.626,0.812,1.023,1.258,1.525,1.823,2.147,2.498,2.876,3.282,3.717,4.176,4.661,5.179,5.728,6.307,6.913,7.546,8.206,8.956,9.672,10.415,11.187,11.986
HAWI,0.005,0.016,0.030,0.046,0.066,0.095,0.135,0.182,0.236,0.298,0.366,0.444,0.530,0.625,0.727,0.837,0.955,1.082,1.215,1.356,1.507,1.667,1.835,2.012,2.196,2.388,2.606,2.814,3.031,3.255,3.488
HAWP_6,0.037,0.133,0.243,0.375,0.537,0.769,1.093,1.473,1.911,2.408,2.962,3.590,4.290,5.054,5.880,6.770,7.724,8.748,9.829,10.971,12.191,13.484,14.846,16.272,17.761,19.315,21.081,22.766,24.516,26.332,28.213
HELE,0.003,0.009,0.017,0.026,0.037,0.053,0.076,0.102,0.133,0.167,0.206,0.250,0.298,0.351,0.409,0.471,0.537,0.608,0.684,0.763,0.848,0.938,1.032,1.132,1.235,1.343,1.466,1.583,1.705,1.831,1.962
HEYS_1;HEYS1;ORMO,0.019,0.067,0.122,0.189,0.270,0.387,0.549,0.740,0.961,1.210,1.489,1.804,2.156,2.540,2.955,3.402,3.882,4.396,4.940,5.513,6.126,6.776,7.461,8.178,8.926,9.707,10.594,11.441,12.320,13.233,14.178
HURS_1,0.017,0.061,0.112,0.173,0.247,0.354,0.503,0.677,0.879,1.107,1.363,1.651,1.974,2.325,2.705,3.114,3.553,4.024,4.521,5.046,5.608,6.202,6.829,7.485,8.170,8.885,9.697,10.472,11.277,12.112,12.977
INDQ1,0.181,0.653,1.193,1.847,2.640,3.783,5.377,7.244,9.403,11.843,14.571,17.659,21.105,24.860,28.926,33.301,37.997,43.033,48.349,53.965,59.967,66.326,73.026,80.043,87.366,95.012,103.696,111.984,120.594,129.526,138.778
INKE,0.006,0.022,0.040,0.061,0.087,0.125,0.178,0.240,0.311,0.392,0.483,0.585,0.699,0.823,0.958,1.103,1.258,1.425,1.601,1.787,1.986,2.196,2.418,2.651,2.893,3.146,3.434,3.708,3.993,4.289,4.596
INNE_P,0.008,0.030,0.055,0.085,0.121,0.173,0.246,0.332,0.431,0.543,0.668,0.809,0.967,1.140,1.326,1.526,1.742,1.973,2.216,2.474,2.749,3.040,3.347,3.669,4.005,4.355,4.753,5.133,5.528,5.937,6.361
IROA1,0.120,0.434,0.793,1.227,1.753,2.513,3.572,4.811,6.245,7.867,9.678,11.729,14.018,16.512,19.213,22.119,25.238,28.583,32.114,35.844,39.831,44.055,48.505,53.165,58.030,63.108,68.876,74.381,80.100,86.032,92.178
IRONB1,0.033,0.118,0.216,0.334,0.477,0.684,0.972,1.309,1.699,2.140,2.633,3.191,3.814,4.493,5.227,6.018,6.867,7.777,8.737,9.752,10.837,11.986,13.197,14.465,15.789,17.170,18.740,20.237,21.793,23.407,25.080
IVER_1;IVER_6,0.037,0.133,0.244,0.377,0.539,0.773,1.098,1.478,1.919,2.418,2.974,3.605,4.308,5.074,5.904,6.798,7.756,8.784,9.869,11.015,12.240,13.539,14.906,16.338,17.833,19.393,21.166,22.858,24.616,26.439,28.327
JOHN,0.004,0.015,0.028,0.043,0.061,0.088,0.125,0.168,0.218,0.275,0.339,0.410,0.490,0.578,0.672,0.774,0.883,1.000,1.123,1.254,1.393,1.541,1.697,1.860,2.030,2.207,2.409,2.602,2.802,3.009,3.224
JORD_3,0.006,0.020,0.036,0.056,0.081,0.116,0.164,0.221,0.287,0.362,0.445,0.540,0.645,0.760,0.884,1.018,1.161,1.315,1.477,1.649,1.832,2.027,2.231,2.446,2.670,2.903,3.169,3.422,3.685,3.958,4.241
KAIM,0.018,0.064,0.116,0.180,0.258,0.369,0.525,0.707,0.918,1.156,1.422,1.724,2.060,2.427,2.823,3.251,3.709,4.200,4.719,5.267,5.853,6.474,7.128,7.813,8.528,9.274,10.122,10.931,11.771,12.643,13.546
KEAD_1,0.102,0.367,0.672,1.039,1.486,2.129,3.026,4.077,5.291,6.665,8.200,9.938,11.877,13.990,16.278,18.740,21.383,24.217,27.208,30.369,33.746,37.325,41.095,45.044,49.165,53.468,58.355,63.019,67.864,72.891,78.098
KEAR_1;KEAR_3,0.077,0.279,0.509,0.788,1.127,1.615,2.295,3.092,4.013,5.055,6.219,7.537,9.007,10.610,12.345,14.213,16.217,18.366,20.635,23.032,25.594,28.308,31.167,34.162,37.287,40.550,44.257,47.794,51.469,55.281,59.230
KEMS_1,0.019,0.069,0.126,0.195,0.278,0.399,0.566,0.763,0.990,1.247,1.535,1.860,2.223,2.619,3.047,3.508,4.002,4.533,5.093,5.684,6.316,6.986,7.692,8.431,9.202,10.008,10.923,11.796,12.702,13.643,14.618
KIBY_1,0.026,0.092,0.169,0.261,0.373,0.535,0.760,1.024,1.329,1.674,2.059,2.496,2.983,3.513,4.088,4.706,5.370,6.082,6.833,7.626,8.475,9.373,10.320,11.312,12.347,13.427,14.655,15.826,17.043,18.305,19.613
KIER,0.005,0.016,0.030,0.046,0.066,0.094,0.134,0.181,0.234,0.295,0.363,0.440,0.526,0.620,0.721,0.830,0.947,1.073,1.206,1.346,1.495,1.654,1.821,1.996,2.178,2.369,2.586,2.792,3.007,3.230,3.460
KIIN_P,0.001,0.003,0.005,0.008,0.011,0.016,0.023,0.031,0.040,0.050,0.062,0.075,0.089,0.105,0.122,0.141,0.161,0.182,0.205,0.228,0.254,0.281,0.309,0.339,0.370,0.402,0.439,0.474,0.511,0.548,0.588
KILB,0.004,0.014,0.024,0.036,0.052,0.076,0.108,0.144,0.188,0.236,0.292,0.352,0.422,0.496,0.578,0.666,0.758,0.860,0.966,1.078,1.198,1.324,1.458,1.598,1.744,1.898,2.072,2.236,2.408,2.586,2.772
KILS,0.005,0.018,0.034,0.052,0.075,0.107,0.152,0.205,0.266,0.336,0.413,0.500,0.598,0.704,0.819,0.943,1.076,1.219,1.370,1.529,1.699,1.879,2.069,2.268,2.475,2.692,2.938,3.172,3.416,3.669,3.931
KILT,0.005,0.020,0.036,0.056,0.080,0.114,0.163,0.219,0.284,0.358,0.441,0.534,0.638,0.752,0.875,1.007,1.149,1.302,1.463,1.632,1.814,2.006,2.209,2.421,2.643,2.874,3.137,3.387,3.648,3.918,4.198
KILW,0.005,0.018,0.032,0.050,0.071,0.102,0.145,0.196,0.254,0.320,0.394,0.477,0.570,0.672,0.782,0.900,1.027,1.163,1.307,1.459,1.621,1.793,1.974,2.164,2.362,2.568,2.803,3.027,3.260,3.501,3.751
KINL_P,0.000,0.001,0.001,0.002,0.003,0.004,0.006,0.008,0.011,0.013,0.016,0.020,0.024,0.028,0.032,0.037,0.043,0.048,0.054,0.060,0.067,0.074,0.082,0.090,0.098,0.107,0.116,0.126,0.135,0.145,0.156
KINO_1,0.022,0.078,0.142,0.220,0.314,0.450,0.639,0.861,1.118,1.408,1.732,2.099,2.509,2.955,3.438,3.958,4.516,5.115,5.747,6.414,7.128,7.884,8.680,9.514,10.385,11.294,12.326,13.311,14.334,15.396,16.496
KIRKB1,0.022,0.078,0.143,0.221,0.317,0.454,0.645,0.869,1.127,1.420,1.747,2.117,2.531,2.981,3.468,3.993,4.556,5.160,5.797,6.471,7.191,7.953,8.756,9.598,10.476,11.393,12.434,13.428,14.460,15.531,16.641
KITW_1,0.029,0.103,0.189,0.292,0.417,0.598,0.850,1.145,1.487,1.873,2.304,2.792,3.337,3.931,4.573,5.265,6.008,6.804,7.644,8.532,9.481,10.487,11.546,12.655,13.813,15.022,16.395,17.706,19.067,20.479,21.942
KNAR,0.022,0.078,0.142,0.220,0.315,0.451,0.642,0.864,1.122,1.413,1.738,2.107,2.518,2.966,3.451,3.973,4.533,5.134,5.768,6.438,7.154,7.913,8.712,9.550,10.423,11.335,12.372,13.360,14.388,15.453,16.557
LACK_6,0.027,0.098,0.179,0.277,0.395,0.567,0.805,1.085,1.408,1.773,2.182,2.644,3.160,3.723,4.331,4.987,5.690,6.444,7.240,8.081,8.979,9.932,10.935,11.985,13.082,14.227,15.527,16.768,18.058,19.395,20.781
LAIR_P,0.001,0.004,0.007,0.011,0.016,0.022,0.032,0.043,0.056,0.070,0.086,0.105,0.125,0.148,0.172,0.198,0.226,0.255,0.287,0.320,0.356,0.394,0.433,0.475,0.519,0.564,0.615,0.665,0.716,0.769,0.824
LALE1SG003,0.010,0.035,0.065,0.100,0.143,0.206,0.292,0.394,0.511,0.643,0.792,0.959,1.146,1.350,1.571,1.809,2.064,2.338,2.626,2.932,3.258,3.603,3.967,4.348,4.746,5.161,5.633,6.083,6.551,7.036,7.539
LAND1,0.069,0.249,0.454,0.703,1.005,1.441,2.048,2.759,3.581,4.510,5.549,6.725,8.037,9.468,11.016,12.682,14.471,16.389,18.413,20.552,22.838,25.259,27.811,30.483,33.272,36.184,39.491,42.648,45.927,49.328,52.852
LEGA_1,0.078,0.279,0.511,0.790,1.129,1.619,2.301,3.099,4.023,5.067,6.235,7.556,9.030,10.637,12.376,14.248,16.257,18.412,20.687,23.089,25.658,28.379,31.245,34.247,37.381,40.652,44.368,47.914,51.598,55.419,59.378
LEVE,0.006,0.022,0.039,0.061,0.087,0.125,0.178,0.239,0.310,0.391,0.481,0.583,0.697,0.821,0.955,1.099,1.254,1.421,1.596,1.782,1.980,2.190,2.411,2.643,2.884,3.137,3.423,3.697,3.981,4.276,4.582
LING,0.008,0.030,0.055,0.085,0.122,0.174,0.248,0.334,0.433,0.546,0.672,0.814,0.973,1.146,1.333,1.535,1.751,1.983,2.228,2.487,2.764,3.057,3.366,3.689,4.027,4.379,4.779,5.161,5.558,5.970,6.396
LINM,0.014,0.049,0.090,0.140,0.200,0.286,0.407,0.548,0.711,0.896,1.102,1.336,1.597,1.881,2.189,2.520,2.875,3.256,3.658,4.083,4.537,5.018,5.525,6.056,6.610,7.189,7.846,8.473,9.124,9.800,10.500
LISD_1,0.044,0.157,0.287,0.445,0.636,0.911,1.295,1.745,2.265,2.853,3.510,4.254,5.084,5.988,6.967,8.021,9.152,10.366,11.646,12.999,14.444,15.976,17.590,19.280,21.044,22.886,24.978,26.974,29.048,31.199,33.428
LITT_C,0.012,0.044,0.080,0.124,0.177,0.254,0.361,0.487,0.632,0.796,0.979,1.187,1.418,1.670,1.944,2.238,2.553,2.892,3.249,3.626,4.029,4.457,4.907,5.378,5.870,6.384,6.968,7.525,8.103,8.703,9.325
LITT_J,0.000,0.001,0.002,0.004,0.005,0.008,0.011,0.015,0.020,0.025,0.030,0.037,0.044,0.052,0.060,0.069,0.079,0.089,0.100,0.112,0.124,0.138,0.152,0.166,0.181,0.197,0.215,0.232,0.250,0.269,0.288
LODR_6,0.004,0.014,0.025,0.039,0.055,0.079,0.113,0.152,0.197,0.248,0.306,0.370,0.443,0.521,0.607,0.698,0.797,0.902,1.014,1.132,1.257,1.391,1.531,1.678,1.832,1.992,2.174,2.348,2.529,2.716,2.910
LOUD_H,0.007,0.025,0.045,0.070,0.100,0.143,0.204,0.274,0.356,0.449,0.552,0.669,0.800,0.942,1.096,1.262,1.440,1.631,1.832,2.045,2.272,2.513,2.767,3.033,3.311,3.600,3.929,4.244,4.570,4.908,5.259
LOVE_1,0.118,0.425,0.777,1.203,1.719,2.464,3.502,4.717,6.123,7.712,9.489,11.499,13.743,16.189,18.836,21.686,24.743,28.023,31.484,35.141,39.050,43.191,47.554,52.123,56.892,61.871,67.526,72.923,78.530,84.346,90.371
LUNA_P,0.009,0.032,0.059,0.091,0.130,0.187,0.266,0.358,0.465,0.585,0.720,0.873,1.043,1.229,1.430,1.646,1.878,2.127,2.389,2.667,2.964,3.278,3.609,3.956,4.318,4.695,5.125,5.534,5.960,6.401,6.858
LYND_P,0.003,0.009,0.016,0.026,0.036,0.052,0.074,0.100,0.130,0.164,0.201,0.244,0.291,0.343,0.400,0.460,0.525,0.594,0.668,0.745,0.828,0.916,1.009,1.106,1.207,1.312,1.432,1.547,1.666,1.789,1.917
MACC_3,0.011,0.041,0.074,0.115,0.165,0.236,0.336,0.452,0.587,0.739,0.909,1.102,1.317,1.551,1.805,2.078,2.371,2.685,3.017,3.367,3.742,4.139,4.557,4.995,5.451,5.929,6.470,6.988,7.525,8.082,8.660
MACD_P,0.009,0.033,0.060,0.092,0.132,0.189,0.269,0.362,0.470,0.592,0.728,0.882,1.055,1.242,1.445,1.664,1.899,2.150,2.416,2.697,2.997,3.314,3.649,4.000,4.366,4.748,5.182,5.596,6.026,6.472,6.935
MAGA_6,0.003,0.009,0.017,0.026,0.037,0.053,0.076,0.102,0.132,0.167,0.205,0.249,0.297,0.350,0.408,0.469,0.535,0.606,0.681,0.760,0.845,0.934,1.029,1.128,1.231,1.339,1.461,1.578,1.699,1.825,1.955
MANN_1,0.153,0.550,1.005,1.556,2.224,3.187,4.530,6.103,7.921,9.977,12.276,14.877,17.780,20.943,24.368,28.055,32.010,36.254,40.731,45.462,50.519,55.876,61.521,67.432,73.602,80.043,87.359,94.341,101.595,109.119,116.914
MAYB,0.003,0.012,0.021,0.033,0.048,0.068,0.097,0.130,0.169,0.213,0.262,0.318,0.380,0.448,0.521,0.600,0.684,0.775,0.871,0.972,1.080,1.194,1.315,1.441,1.573,1.711,1.867,2.016,2.171,2.332,2.499
MELK_1,0.114,0.409,0.748,1.158,1.655,2.372,3.371,4.541,5.895,7.425,9.135,11.071,13.231,15.585,18.134,20.877,23.820,26.978,30.310,33.831,37.594,41.580,45.781,50.179,54.771,59.564,65.008,70.204,75.602,81.201,87.001
MILC_P,0.007,0.026,0.048,0.075,0.107,0.153,0.217,0.293,0.380,0.479,0.589,0.714,0.853,1.005,1.169,1.346,1.536,1.740,1.955,2.182,2.424,2.682,2.952,3.236,3.532,3.841,4.192,4.528,4.876,5.237,5.611
MILH_1,0.009,0.031,0.057,0.088,0.126,0.181,0.257,0.347,0.450,0.567,0.698,0.845,1.010,1.190,1.385,1.594,1.819,2.060,2.315,2.584,2.871,3.176,3.496,3.832,4.183,4.549,4.965,5.362,5.774,6.202,6.645
MITY_1,0.049,0.176,0.321,0.497,0.710,1.018,1.446,1.948,2.529,3.186,3.919,4.750,5.677,6.687,7.780,8.957,10.220,11.575,13.005,14.515,16.130,17.840,19.642,21.529,23.499,25.556,27.892,30.121,32.437,34.839,37.328
NAIR_P,0.007,0.025,0.046,0.071,0.101,0.145,0.206,0.278,0.360,0.454,0.558,0.677,0.809,0.953,1.108,1.276,1.456,1.649,1.853,2.068,2.298,2.542,2.798,3.067,3.348,3.641,3.974,4.291,4.621,4.963,5.318
NEAR,0.003,0.009,0.017,0.027,0.038,0.055,0.078,0.105,0.136,0.171,0.210,0.255,0.305,0.359,0.417,0.481,0.548,0.621,0.698,0.779,0.865,0.957,1.054,1.155,1.261,1.371,1.496,1.616,1.740,1.869,2.003
NECE_1,0.050,0.179,0.326,0.505,0.722,1.035,1.471,1.981,2.572,3.239,3.986,4.830,5.773,6.800,7.912,9.109,10.393,11.771,13.225,14.761,16.402,18.142,19.974,21.893,23.897,25.988,28.363,30.630,32.985,35.428,37.959
NEEP_3,0.010,0.037,0.067,0.103,0.148,0.212,0.301,0.406,0.527,0.663,0.816,0.989,1.182,1.393,1.620,1.865,2.129,2.411,2.708,3.023,3.359,3.715,4.091,4.484,4.894,5.322,5.809,6.273,6.756,7.256,7.774
NEWX_6,0.013,0.048,0.088,0.136,0.195,0.279,0.397,0.535,0.694,0.874,1.076,1.304,1.558,1.835,2.136,2.459,2.805,3.177,3.569,3.984,4.427,4.897,5.391,5.909,6.450,7.015,7.656,8.268,8.903,9.563,10.246
NFLE,0.072,0.258,0.472,0.731,1.045,1.497,2.128,2.867,3.721,4.687,5.767,6.989,8.353,9.839,11.448,13.180,15.038,17.032,19.135,21.358,23.734,26.251,28.902,31.679,34.578,37.604,41.041,44.321,47.729,51.263,54.926
NHYD_6,0.014,0.051,0.094,0.145,0.208,0.298,0.423,0.570,0.740,0.932,1.146,1.389,1.661,1.956,2.276,2.620,2.990,3.386,3.804,4.246,4.718,5.219,5.746,6.298,6.874,7.476,8.159,8.811,9.488,10.191,10.919
NINF_1,0.109,0.391,0.715,1.106,1.581,2.266,3.221,4.339,5.632,7.093,8.727,10.576,12.640,14.890,17.325,19.945,22.757,25.774,28.958,32.321,35.916,39.725,43.738,47.940,52.327,56.906,62.107,67.071,72.228,77.577,83.119
NORL_3,0.004,0.013,0.024,0.037,0.053,0.076,0.108,0.145,0.189,0.238,0.293,0.355,0.424,0.499,0.581,0.669,0.763,0.864,0.971,1.084,1.204,1.332,1.466,1.607,1.754,1.908,2.082,2.249,2.422,2.601,2.787
NORM_1;SALL1,0.191,0.689,1.259,1.948,2.785,3.992,5.673,7.643,9.920,12.496,15.374,18.631,22.267,26.229,30.519,35.135,40.089,45.403,51.011,56.936,63.269,69.979,77.047,84.450,92.177,100.244,109.407,118.151,127.235,136.658,146.421
NORT_1,0.116,0.417,0.762,1.180,1.686,2.417,3.435,4.628,6.007,7.566,9.309,11.282,13.483,15.882,18.480,21.275,24.275,27.493,30.889,34.476,38.311,42.374,46.654,51.137,55.816,60.700,66.248,71.543,77.044,82.750,88.661
NURS_1,0.055,0.198,0.362,0.560,0.800,1.147,1.630,2.196,2.850,3.590,4.417,5.353,6.398,7.536,8.769,10.095,11.519,13.046,14.657,16.360,18.179,20.107,22.138,24.265,26.485,28.803,31.436,33.949,36.559,39.266,42.071
OCKH_1,0.012,0.044,0.080,0.123,0.176,0.252,0.359,0.483,0.627,0.790,0.972,1.178,1.408,1.658,1.930,2.222,2.535,2.871,3.225,3.600,4.001,4.425,4.872,5.340,5.828,6.338,6.918,7.471,8.045,8.641,9.258
OFFE_3,0.007,0.025,0.046,0.071,0.102,0.146,0.207,0.279,0.362,0.456,0.561,0.680,0.812,0.957,1.113,1.281,1.462,1.656,1.860,2.077,2.308,2.552,2.810,3.080,3.362,3.656,3.990,4.309,4.641,4.984,5.340
OLDB_1,0.017,0.061,0.112,0.173,0.247,0.354,0.504,0.679,0.881,1.110,1.365,1.654,1.977,2.329,2.710,3.120,3.560,4.032,4.529,5.056,5.618,6.214,6.841,7.499,8.185,8.901,9.715,10.491,11.298,12.134,13.001
OSBA_1,0.074,0.266,0.486,0.751,1.074,1.539,2.188,2.947,3.826,4.819,5.929,7.185,8.587,10.115,11.769,13.550,15.460,17.509,19.672,21.957,24.399,26.987,29.713,32.567,35.547,38.658,42.191,45.564,49.067,52.701,56.466
PADIB1,0.038,0.136,0.248,0.384,0.548,0.786,1.117,1.505,1.953,2.460,3.027,3.668,4.384,5.164,6.009,6.918,7.893,8.939,10.044,11.210,12.457,13.778,15.170,16.627,18.149,19.737,21.541,23.263,25.051,26.907,28.829
PAIS,0.001,0.002,0.005,0.007,0.010,0.014,0.020,0.028,0.036,0.045,0.055,0.067,0.080,0.095,0.110,0.127,0.145,0.164,0.184,0.205,0.228,0.252,0.278,0.305,0.332,0.362,0.395,0.426,0.459,0.493,0.528
PART,0.000,0.002,0.003,0.005,0.006,0.009,0.013,0.018,0.023,0.029,0.036,0.043,0.052,0.061,0.071,0.082,0.093,0.106,0.119,0.132,0.147,0.163,0.179,0.196,0.214,0.233,0.254,0.275,0.296,0.318,0.340
PEHS_P;STRI_P,0.016,0.059,0.107,0.166,0.237,0.340,0.483,0.651,0.845,1.064,1.309,1.587,1.896,2.234,2.599,2.992,3.414,3.867,4.345,4.849,5.389,5.960,6.562,7.193,7.851,8.538,9.318,10.063,10.837,11.639,12.471
PELH_1,0.059,0.211,0.386,0.597,0.854,1.223,1.739,2.342,3.041,3.830,4.712,5.710,6.825,8.039,9.354,10.769,12.287,13.916,15.635,17.451,19.392,21.448,23.614,25.883,28.252,30.724,33.532,36.212,38.997,41.885,44.877
PEMB_1,0.040,0.143,0.262,0.405,0.579,0.830,1.180,1.589,2.063,2.599,3.197,3.875,4.631,5.455,6.347,7.307,8.337,9.442,10.608,11.841,13.158,14.553,16.023,17.563,19.169,20.847,22.752,24.571,26.460,28.420,30.450
PENE_1,0.050,0.182,0.332,0.514,0.735,1.053,1.496,2.016,2.617,3.296,4.055,4.915,5.873,6.919,8.050,9.268,10.575,11.976,13.456,15.018,16.689,18.459,20.323,22.276,24.314,26.442,28.859,31.166,33.562,36.047,38.622
PENN_1,0.008,0.030,0.055,0.085,0.121,0.174,0.247,0.333,0.432,0.544,0.669,0.811,0.969,1.141,1.328,1.529,1.744,1.976,2.220,2.477,2.753,3.045,3.353,3.675,4.011,4.362,4.761,5.141,5.536,5.946,6.371
PENT_1,0.031,0.111,0.202,0.313,0.447,0.641,0.911,1.228,1.593,2.007,2.469,2.993,3.577,4.213,4.902,5.644,6.439,7.293,8.194,9.145,10.162,11.240,12.376,13.565,14.806,16.101,17.573,18.978,20.437,21.950,23.518
PENW_1;STAH_1;WABO,0.070,0.250,0.456,0.705,1.008,1.445,2.054,2.766,3.590,4.523,5.565,6.744,8.060,9.494,11.047,12.717,14.511,16.434,18.464,20.608,22.901,25.330,27.888,30.567,33.364,36.284,39.600,42.765,46.054,49.464,52.998
PERS_P,0.004,0.015,0.028,0.043,0.062,0.089,0.127,0.171,0.221,0.279,0.343,0.416,0.497,0.585,0.681,0.784,0.894,1.013,1.138,1.270,1.412,1.561,1.719,1.884,2.057,2.237,2.441,2.636,2.839,3.049,3.267
PITS_3,0.007,0.025,0.046,0.072,0.103,0.147,0.209,0.282,0.366,0.461,0.567,0.687,0.821,0.967,1.126,1.296,1.478,1.674,1.881,2.100,2.333,2.581,2.841,3.114,3.399,3.697,4.035,4.357,4.692,5.040,5.400
POOB,0.006,0.022,0.040,0.061,0.087,0.125,0.178,0.240,0.311,0.392,0.482,0.585,0.699,0.823,0.958,1.102,1.258,1.425,1.600,1.786,1.985,2.196,2.417,2.650,2.892,3.145,3.433,3.707,3.992,4.288,4.594
POPP_3,0.013,0.047,0.086,0.133,0.190,0.273,0.388,0.523,0.678,0.855,1.051,1.274,1.523,1.794,2.087,2.403,2.742,3.105,3.489,3.894,4.327,4.786,5.269,5.776,6.304,6.856,7.483,8.081,8.702,9.346,10.014
PORA_P,0.003,0.012,0.021,0.033,0.047,0.068,0.097,0.130,0.169,0.213,0.262,0.318,0.380,0.447,0.520,0.599,0.683,0.774,0.869,0.970,1.078,1.193,1.313,1.439,1.571,1.709,1.865,2.014,2.169,2.329,2.496
PORD,0.003,0.010,0.019,0.029,0.042,0.060,0.086,0.115,0.150,0.188,0.232,0.281,0.336,0.395,0.460,0.530,0.604,0.684,0.769,0.858,0.954,1.055,1.161,1.273,1.389,1.511,1.649,1.781,1.918,2.060,2.207
PYLE_1,0.019,0.070,0.128,0.198,0.283,0.405,0.576,0.776,1.008,1.269,1.562,1.893,2.262,2.664,3.100,3.569,4.072,4.612,5.182,5.784,6.427,7.109,7.827,8.579,9.363,10.183,11.114,12.002,12.925,13.882,14.874
RAIN_1,0.034,0.123,0.226,0.349,0.499,0.715,1.016,1.369,1.777,2.239,2.754,3.338,3.989,4.699,5.468,6.295,7.182,8.134,9.139,10.201,11.335,12.537,13.804,15.130,16.514,17.959,19.601,21.168,22.795,24.483,26.232
RANN_P,0.000,0.001,0.002,0.003,0.004,0.006,0.008,0.011,0.015,0.018,0.023,0.028,0.033,0.039,0.045,0.052,0.059,0.067,0.075,0.084,0.094,0.104,0.114,0.125,0.136,0.148,0.162,0.175,0.188,0.202,0.217
RASS_1,0.059,0.214,0.391,0.605,0.865,1.240,1.762,2.374,3.081,3.881,4.774,5.786,6.915,8.146,9.478,10.912,12.450,14.100,15.842,17.682,19.649,21.733,23.928,26.227,28.627,31.132,33.977,36.693,39.514,42.441,45.472
RATS_1,0.081,0.291,0.532,0.823,1.176,1.685,2.395,3.227,4.189,5.276,6.491,7.867,9.402,11.075,12.886,14.835,16.927,19.171,21.539,24.040,26.714,29.547,32.532,35.658,38.920,42.326,46.195,49.887,53.723,57.701,61.823
RAYL_1,0.090,0.324,0.592,0.916,1.309,1.876,2.666,3.591,4.661,5.871,7.224,8.754,10.463,12.324,14.340,16.509,18.837,21.334,23.969,26.753,29.728,32.881,36.203,39.681,43.312,47.102,51.407,55.516,59.784,64.212,68.799
REBR_3,0.008,0.029,0.053,0.082,0.117,0.168,0.239,0.322,0.417,0.526,0.647,0.784,0.937,1.104,1.284,1.478,1.687,1.910,2.146,2.395,2.662,2.944,3.242,3.553,3.878,4.218,4.603,4.971,5.353,5.750,6.160
REDH,0.002,0.009,0.016,0.024,0.035,0.050,0.071,0.095,0.123,0.156,0.191,0.232,0.277,0.326,0.380,0.437,0.499,0.565,0.635,0.709,0.787,0.871,0.959,1.051,1.147,1.248,1.362,1.471,1.584,1.701,1.822
REDM_P,0.003,0.012,0.023,0.035,0.050,0.072,0.103,0.138,0.179,0.226,0.278,0.337,0.402,0.474,0.552,0.635,0.725,0.821,0.922,1.029,1.144,1.265,1.393,1.527,1.666,1.812,1.978,2.136,2.300,2.470,2.647
ROCH_1,0.038,0.136,0.249,0.386,0.551,0.790,1.123,1.513,1.964,2.474,3.044,3.689,4.408,5.193,6.042,6.956,7.937,8.989,10.099,11.272,12.526,13.854,15.254,16.719,18.249,19.846,21.660,23.391,25.189,27.055,28.988
RUGEB1,0.024,0.086,0.157,0.243,0.347,0.498,0.707,0.953,1.237,1.558,1.917,2.323,2.777,3.271,3.805,4.381,4.999,5.661,6.361,7.100,7.889,8.726,9.607,10.530,11.494,12.500,13.642,14.733,15.865,17.040,18.258
RYEH_1,0.039,0.139,0.255,0.394,0.563,0.807,1.147,1.545,2.005,2.526,3.108,3.766,4.501,5.302,6.169,7.102,8.104,9.178,10.312,11.509,12.790,14.146,15.575,17.071,18.633,20.264,22.116,23.884,25.720,27.625,29.598
SACO,0.010,0.038,0.068,0.106,0.150,0.216,0.306,0.412,0.534,0.674,0.828,1.004,1.200,1.414,1.646,1.894,2.162,2.448,2.750,3.070,3.412,3.774,4.154,4.554,4.970,5.404,5.898,6.370,6.860,7.368,7.894
SALT_1,0.016,0.059,0.107,0.166,0.237,0.340,0.483,0.650,0.844,1.063,1.308,1.586,1.895,2.232,2.597,2.990,3.412,3.864,4.342,4.846,5.385,5.956,6.557,7.187,7.845,8.532,9.311,10.056,10.829,11.631,12.462
SBAR,0.053,0.190,0.347,0.537,0.768,1.101,1.565,2.108,2.736,3.446,4.239,5.138,6.140,7.233,8.416,9.689,11.055,12.521,14.067,15.701,17.447,19.298,21.247,23.288,25.419,27.644,30.170,32.582,35.087,37.685,40.377
SEAB1,0.073,0.263,0.480,0.743,1.062,1.522,2.164,2.915,3.783,4.765,5.863,7.105,8.492,10.003,11.639,13.400,15.289,17.315,19.454,21.714,24.129,26.688,29.384,32.207,35.154,38.230,41.724,45.059,48.524,52.118,55.841
SELL_1,0.058,0.207,0.379,0.587,0.838,1.202,1.708,2.301,2.986,3.762,4.628,5.609,6.703,7.896,9.187,10.577,12.068,13.668,15.356,17.140,19.047,21.066,23.194,25.423,27.749,30.177,32.936,35.568,38.303,41.140,44.078
SFIL_P,0.001,0.002,0.003,0.005,0.007,0.011,0.015,0.021,0.027,0.034,0.041,0.050,0.060,0.070,0.082,0.094,0.108,0.122,0.137,0.153,0.170,0.188,0.207,0.227,0.248,0.269,0.294,0.318,0.342,0.367,0.394
SHEC_3,0.001,0.004,0.007,0.011,0.016,0.023,0.033,0.044,0.057,0.072,0.089,0.108,0.129,0.152,0.176,0.203,0.232,0.262,0.295,0.329,0.365,0.404,0.445,0.488,0.532,0.579,0.632,0.683,0.735,0.789,0.846
SHIN_P,0.000,0.002,0.003,0.005,0.007,0.010,0.014,0.019,0.025,0.032,0.039,0.048,0.057,0.067,0.078,0.090,0.102,0.116,0.130,0.145,0.161,0.178,0.196,0.215,0.235,0.256,0.279,0.301,0.324,0.348,0.373
SHRU,0.001,0.003,0.006,0.009,0.012,0.018,0.025,0.034,0.044,0.056,0.068,0.083,0.099,0.117,0.136,0.156,0.179,0.202,0.227,0.254,0.282,0.312,0.343,0.376,0.411,0.447,0.487,0.526,0.567,0.609,0.652
SHRW_1,0.070,0.253,0.462,0.715,1.022,1.465,2.082,2.805,3.641,4.586,5.642,6.838,8.172,9.626,11.200,12.895,14.713,16.663,18.721,20.896,23.220,25.682,28.276,30.993,33.829,36.789,40.152,43.361,46.695,50.153,53.736
SIGH,0.006,0.023,0.042,0.065,0.092,0.132,0.188,0.253,0.329,0.414,0.509,0.617,0.738,0.869,1.011,1.164,1.328,1.504,1.690,1.886,2.096,2.318,2.552,2.798,3.053,3.321,3.624,3.914,4.215,4.527,4.850
SJOW_1,0.005,0.018,0.033,0.051,0.073,0.105,0.149,0.201,0.261,0.328,0.404,0.489,0.585,0.689,0.802,0.923,1.053,1.193,1.340,1.496,1.662,1.838,2.024,2.219,2.422,2.634,2.874,3.104,3.343,3.590,3.847
SKLGB1,0.083,0.297,0.544,0.841,1.203,1.724,2.450,3.300,4.284,5.396,6.639,8.046,9.616,11.327,13.179,15.173,17.312,19.607,22.028,24.587,27.322,30.219,33.272,36.468,39.805,43.289,47.245,51.022,54.944,59.014,63.229
SMAN_1,0.034,0.123,0.224,0.347,0.496,0.711,1.011,1.362,1.768,2.226,2.739,3.320,3.967,4.673,5.438,6.260,7.143,8.090,9.089,10.145,11.273,12.469,13.728,15.047,16.424,17.861,19.494,21.052,22.670,24.349,26.089
SPAV,0.002,0.007,0.012,0.019,0.027,0.039,0.056,0.075,0.098,0.123,0.152,0.184,0.220,0.259,0.301,0.347,0.395,0.448,0.503,0.562,0.624,0.690,0.760,0.833,0.909,0.989,1.079,1.165,1.255,1.348,1.444
SPEN_1,0.038,0.138,0.253,0.392,0.560,0.802,1.140,1.536,1.994,2.511,3.090,3.744,4.475,5.271,6.133,7.061,8.056,9.124,10.251,11.442,12.715,14.063,15.484,16.972,18.524,20.145,21.987,23.744,25.570,27.463,29.425
SSHI_3,0.017,0.061,0.111,0.172,0.245,0.351,0.500,0.673,0.873,1.100,1.354,1.640,1.961,2.309,2.687,3.094,3.530,3.998,4.491,5.013,5.571,6.161,6.784,7.436,8.116,8.826,9.633,10.403,11.203,12.032,12.892
STAL_1,0.048,0.172,0.314,0.486,0.695,0.996,1.415,1.906,2.474,3.117,3.834,4.647,5.554,6.542,7.612,8.763,9.999,11.324,12.723,14.201,15.780,17.454,19.217,21.063,22.990,25.002,27.288,29.469,31.734,34.085,36.519
STAY_1,0.063,0.226,0.413,0.639,0.914,1.310,1.861,2.507,3.255,4.100,5.044,6.113,7.305,8.605,10.012,11.527,13.152,14.896,16.736,18.679,20.757,22.958,25.277,27.706,30.241,32.888,35.894,38.763,41.743,44.834,48.037
STEN_1,0.022,0.078,0.142,0.220,0.314,0.450,0.640,0.862,1.118,1.409,1.733,2.101,2.510,2.957,3.441,3.961,4.520,5.119,5.751,6.419,7.133,7.890,8.687,9.521,10.392,11.302,12.335,13.321,14.345,15.407,16.508
STES_1,0.052,0.186,0.340,0.525,0.751,1.076,1.530,2.061,2.675,3.370,4.146,5.024,6.004,7.073,8.230,9.475,10.810,12.243,13.756,15.353,17.061,18.870,20.776,22.773,24.856,27.032,29.502,31.860,34.310,36.851,39.483
STHA,0.004,0.014,0.025,0.039,0.055,0.079,0.113,0.152,0.197,0.248,0.305,0.370,0.442,0.521,0.606,0.698,0.796,0.901,1.013,1.130,1.256,1.389,1.530,1.677,1.830,1.990,2.172,2.346,2.526,2.713,2.907
STIR,0.023,0.083,0.152,0.235,0.336,0.482,0.685,0.923,1.198,1.509,1.857,2.250,2.689,3.168,3.686,4.244,4.842,5.484,6.161,6.877,7.642,8.452,9.306,10.200,11.134,12.108,13.215,14.271,15.368,16.506,17.685
STLE,0.010,0.035,0.063,0.098,0.140,0.201,0.285,0.384,0.498,0.628,0.772,0.936,1.119,1.318,1.533,1.765,2.014,2.281,2.563,2.861,3.179,3.516,3.871,4.243,4.632,5.037,5.497,5.937,6.393,6.867,7.357
SUND_1,0.070,0.253,0.462,0.714,1.021,1.463,2.080,2.802,3.637,4.581,5.636,6.831,8.164,9.616,11.189,12.882,14.698,16.646,18.702,20.875,23.196,25.656,28.248,30.962,33.795,36.753,40.112,43.318,46.649,50.103,53.682
SWAN_1,0.138,0.498,0.910,1.408,2.013,2.884,4.100,5.523,7.169,9.030,11.110,13.464,16.091,18.954,22.054,25.390,28.970,32.810,36.862,41.144,45.720,50.569,55.677,61.027,66.610,72.440,79.061,85.380,91.944,98.754,105.808
TARL_P,0.003,0.011,0.021,0.032,0.046,0.066,0.093,0.126,0.163,0.205,0.253,0.306,0.366,0.431,0.502,0.577,0.659,0.746,0.838,0.936,1.040,1.150,1.266,1.388,1.515,1.647,1.798,1.942,2.091,2.246,2.406
TAUN1,0.043,0.157,0.286,0.443,0.633,0.908,1.290,1.738,2.256,2.842,3.497,4.238,5.064,5.966,6.941,7.991,9.118,10.327,11.602,12.950,14.390,15.916,17.524,19.208,20.965,22.800,24.884,26.873,28.939,31.082,33.303
TAYN_P,0.005,0.017,0.032,0.049,0.071,0.101,0.144,0.194,0.252,0.317,0.390,0.473,0.565,0.666,0.774,0.892,1.017,1.152,1.294,1.445,1.605,1.776,1.955,2.143,2.339,2.544,2.776,2.998,3.229,3.468,3.715
TELR,0.002,0.008,0.015,0.023,0.033,0.047,0.067,0.090,0.116,0.147,0.180,0.219,0.261,0.308,0.358,0.412,0.470,0.533,0.599,0.668,0.743,0.821,0.904,0.991,1.082,1.176,1.284,1.387,1.493,1.604,1.718
THOM_6,0.103,0.370,0.676,1.047,1.496,2.144,3.048,4.106,5.329,6.713,8.259,10.009,11.962,14.091,16.395,18.875,21.536,24.391,27.404,30.587,33.989,37.594,41.391,45.368,49.519,53.853,58.775,63.473,68.353,73.415,78.659
THSO_P,0.008,0.028,0.050,0.078,0.111,0.160,0.227,0.305,0.396,0.499,0.614,0.745,0.890,1.048,1.220,1.404,1.602,1.815,2.039,2.275,2.529,2.797,3.079,3.375,3.684,4.006,4.372,4.722,5.085,5.461,5.852
THUR_6,0.035,0.126,0.230,0.356,0.509,0.729,1.036,1.396,1.812,2.283,2.808,3.403,4.068,4.791,5.575,6.418,7.323,8.294,9.318,10.401,11.557,12.783,14.074,15.427,16.838,18.312,19.985,21.583,23.242,24.964,26.747
TILBB_1,0.018,0.066,0.120,0.186,0.266,0.381,0.542,0.730,0.948,1.194,1.469,1.780,2.128,2.506,2.916,3.357,3.830,4.338,4.874,5.440,6.045,6.686,7.362,8.069,8.807,9.578,10.453,11.289,12.157,13.057,13.990
TONG;CAFA;EAST;GLLE;KEOO,0.007,0.024,0.043,0.067,0.095,0.136,0.194,0.261,0.339,0.427,0.525,0.636,0.761,0.896,1.042,1.200,1.369,1.551,1.742,1.945,2.161,2.390,2.632,2.885,3.149,3.424,3.737,4.036,4.346,4.668,5.001
TOTT_1,0.018,0.064,0.117,0.181,0.258,0.370,0.526,0.709,0.920,1.159,1.426,1.728,2.066,2.433,2.831,3.259,3.719,4.212,4.732,5.282,5.869,6.491,7.147,7.834,8.551,9.299,10.149,10.960,11.803,12.677,13.583
TRAW_1,0.026,0.094,0.172,0.266,0.380,0.545,0.775,1.044,1.355,1.706,2.099,2.544,3.040,3.581,4.167,4.797,5.474,6.199,6.965,7.774,8.639,9.555,10.520,11.531,12.586,13.687,14.938,16.132,17.372,18.659,19.992
TUMB_P,0.003,0.011,0.020,0.031,0.044,0.063,0.089,0.120,0.156,0.197,0.242,0.293,0.351,0.413,0.481,0.553,0.631,0.715,0.804,0.897,0.997,1.102,1.214,1.330,1.452,1.579,1.723,1.861,2.004,2.153,2.306
TYNE_1;TYNE_2,0.034,0.124,0.227,0.351,0.501,0.719,1.021,1.376,1.786,2.250,2.768,3.355,4.009,4.723,5.495,6.326,7.218,8.175,9.185,10.251,11.392,12.600,13.872,15.205,16.597,18.049,19.699,21.273,22.909,24.605,26.363
UPPB_1;UPPB_3,0.044,0.160,0.292,0.452,0.646,0.926,1.317,1.774,2.302,2.900,3.568,4.324,5.167,6.087,7.082,8.154,9.303,10.536,11.838,13.213,14.683,16.240,17.880,19.598,21.391,23.263,25.389,27.419,29.527,31.714,33.979
USKM_1;ALST_3,0.055,0.197,0.360,0.558,0.797,1.143,1.624,2.188,2.840,3.577,4.401,5.333,6.374,7.508,8.736,10.057,11.475,12.996,14.602,16.298,18.111,20.031,22.055,24.174,26.385,28.694,31.317,33.820,36.421,39.118,41.912
WALH_1,0.060,0.218,0.398,0.616,0.880,1.261,1.793,2.415,3.134,3.948,4.857,5.887,7.035,8.287,9.643,11.101,12.666,14.346,16.117,17.990,19.990,22.110,24.344,26.683,29.124,31.673,34.568,37.331,40.201,43.178,46.263
WALP_1,0.163,0.586,1.072,1.659,2.372,3.399,4.831,6.508,8.447,10.640,13.091,15.865,18.960,22.334,25.987,29.918,34.136,38.661,43.436,48.481,53.874,59.587,65.606,71.909,78.489,85.358,93.159,100.606,108.341,116.364,124.677
WALP_B,0.100,0.361,0.661,1.022,1.461,2.094,2.977,4.010,5.205,6.557,8.067,9.776,11.684,13.763,16.013,18.436,21.035,23.823,26.766,29.875,33.198,36.718,40.427,44.312,48.366,52.599,57.406,61.995,66.761,71.705,76.828
WARL_1,0.021,0.075,0.138,0.214,0.305,0.438,0.622,0.838,1.087,1.370,1.685,2.042,2.441,2.875,3.345,3.851,4.394,4.977,5.591,6.241,6.935,7.670,8.445,9.257,10.104,10.988,11.992,12.951,13.946,14.979,16.049
WASF_1;KIBY_G,0.029,0.104,0.189,0.293,0.419,0.600,0.852,1.148,1.490,1.876,2.309,2.798,3.345,3.939,4.584,5.278,6.021,6.820,7.662,8.551,9.503,10.511,11.572,12.684,13.844,15.056,16.432,17.745,19.110,20.525,21.991
WATFS_1,0.030,0.109,0.199,0.308,0.440,0.630,0.896,1.207,1.566,1.973,2.427,2.941,3.515,4.141,4.818,5.547,6.329,7.168,8.053,8.989,9.988,11.048,12.164,13.332,14.552,15.826,17.272,18.653,20.087,21.575,23.116
WBOL_6,0.034,0.122,0.223,0.345,0.493,0.707,1.005,1.353,1.757,2.213,2.722,3.299,3.943,4.644,5.404,6.221,7.098,8.039,9.032,10.081,11.203,12.391,13.642,14.953,16.321,17.750,19.372,20.920,22.529,24.197,25.926
WBUR_1,0.085,0.305,0.558,0.864,1.235,1.770,2.515,3.388,4.398,5.540,6.816,8.260,9.871,11.628,13.530,15.576,17.772,20.128,22.615,25.241,28.049,31.023,34.157,37.439,40.864,44.441,48.503,52.379,56.406,60.584,64.912
WFIE,0.004,0.013,0.025,0.038,0.054,0.078,0.111,0.149,0.193,0.244,0.300,0.363,0.434,0.512,0.595,0.685,0.782,0.885,0.995,1.110,1.234,1.365,1.503,1.647,1.798,1.955,2.134,2.304,2.481,2.665,2.855
WHAM_1;ISLI_1,0.016,0.059,0.108,0.168,0.240,0.343,0.488,0.657,0.853,1.075,1.322,1.602,1.915,2.256,2.625,3.022,3.448,3.905,4.387,4.897,5.442,6.019,6.627,7.264,7.928,8.622,9.410,10.162,10.944,11.754,12.594
WHGA_1,0.048,0.174,0.319,0.493,0.705,1.011,1.437,1.936,2.512,3.165,3.894,4.719,5.639,6.643,7.729,8.898,10.153,11.499,12.919,14.420,16.024,17.723,19.513,21.388,23.345,25.388,27.708,29.923,32.224,34.610,37.082
WHHO,0.003,0.010,0.018,0.028,0.040,0.057,0.081,0.109,0.141,0.178,0.219,0.265,0.316,0.373,0.434,0.499,0.570,0.645,0.725,0.809,0.899,0.995,1.095,1.200,1.310,1.425,1.555,1.679,1.808,1.942,2.081
WIEN_1,0.032,0.114,0.209,0.324,0.463,0.663,0.943,1.270,1.648,2.076,2.554,3.096,3.700,4.358,5.071,5.838,6.661,7.544,8.475,9.460,10.512,11.627,12.801,14.031,15.315,16.655,18.178,19.630,21.140,22.705,24.327
WILL_1,0.104,0.375,0.686,1.061,1.517,2.174,3.090,4.162,5.403,6.805,8.373,10.147,12.127,14.285,16.621,19.136,21.834,24.728,27.782,31.009,34.458,38.112,41.962,45.994,50.202,54.595,59.586,64.348,69.296,74.428,79.745
WIMBS1;WIMBN1,0.025,0.091,0.166,0.257,0.367,0.525,0.747,1.006,1.306,1.645,2.024,2.453,2.931,3.453,4.018,4.626,5.278,5.977,6.716,7.496,8.329,9.213,10.143,11.118,12.135,13.197,14.403,15.555,16.750,17.991,19.276
WIOW_P,0.001,0.002,0.004,0.007,0.010,0.014,0.020,0.026,0.034,0.043,0.053,0.064,0.077,0.091,0.106,0.122,0.139,0.157,0.177,0.197,0.219,0.242,0.267,0.292,0.319,0.347,0.379,0.409,0.440,0.473,0.507
WISD_6;WISD_1;ACTL_C,0.007,0.025,0.046,0.072,0.102,0.147,0.208,0.280,0.364,0.458,0.564,0.684,0.817,0.962,1.119,1.289,1.470,1.665,1.871,2.088,2.320,2.567,2.826,3.097,3.381,3.676,4.012,4.333,4.666,5.012,5.369
WISH;RAVE,0.008,0.030,0.055,0.086,0.122,0.175,0.249,0.336,0.436,0.549,0.676,0.819,0.979,1.153,1.341,1.544,1.762,1.996,2.242,2.502,2.781,3.076,3.386,3.712,4.051,4.406,4.809,5.193,5.592,6.006,6.435
WMEL_1,0.056,0.201,0.367,0.568,0.812,1.163,1.653,2.227,2.891,3.641,4.480,5.429,6.489,7.644,8.894,10.239,11.683,13.231,14.866,16.592,18.438,20.393,22.453,24.610,26.862,29.213,31.883,34.431,37.078,39.824,42.669
WOHI_P,0.007,0.026,0.048,0.074,0.106,0.152,0.217,0.292,0.379,0.477,0.587,0.712,0.850,1.002,1.166,1.342,1.531,1.734,1.948,2.175,2.416,2.673,2.943,3.225,3.521,3.829,4.179,4.513,4.859,5.219,5.592
WTHU31,0.005,0.020,0.036,0.056,0.079,0.114,0.162,0.218,0.283,0.356,0.438,0.531,0.635,0.747,0.870,1.001,1.142,1.294,1.454,1.623,1.803,1.994,2.196,2.407,2.627,2.857,3.118,3.367,3.626,3.895,4.173
WWEY_1,0.050,0.180,0.329,0.509,0.727,1.042,1.482,1.996,2.591,3.263,4.015,4.866,5.815,6.850,7.970,9.176,10.470,11.858,13.322,14.870,16.524,18.276,20.122,22.055,24.073,26.180,28.573,30.857,33.229,35.690,38.240
WYLF_1,0.009,0.031,0.057,0.088,0.125,0.180,0.255,0.344,0.447,0.562,0.692,0.839,1.002,1.181,1.374,1.581,1.804,2.044,2.296,2.563,2.848,3.150,3.468,3.801,4.149,4.512,4.924,5.318,5.727,6.151,6.590
WYMOM_1,0.038,0.138,0.252,0.390,0.557,0.799,1.135,1.529,1.985,2.500,3.076,3.728,4.455,5.248,6.107,7.030,8.021,9.085,10.207,11.392,12.660,14.002,15.417,16.898,18.444,20.058,21.891,23.641,25.459,27.344,29.298
